{"type": "FeatureCollection", "features": [{"type": "Feature", "geometry": {"type": "MultiPolygon", "coordinates": [[[[-72.9611, -54.4462], [-72.9828, -54.4494], [-72.9976, -54.4568], [-73.0249, -54.4567], [-73.0342, -54.4639], [-73.0522, -54.4607], [-73.0645, -54.4716], [-73.0857, -54.4846], [-73.0731, -54.4926], [-73.0372, -54.4876], [-73.0125, -54.4931], [-72.9874, -54.49], [-72.9826, -54.4852], [-72.9852, -54.472], [-72.9567, -54.4568], [-72.9611, -54.4462]]], [[[-72.383, -54.4315], [-72.3846, -54.436], [-72.4052, -54.4348], [-72.4229, -54.4443], [-72.4209, -54.4575], [-72.4087, -54.4605], [-72.3921, -54.4577], [-72.3806, -54.4593], [-72.375, -54.4502], [-72.3745, -54.4395], [-72.383, -54.4315]]], [[[-72.3957, -54.4154], [-72.4076, -54.4222], [-72.3918, -54.431], [-72.3834, -54.4304], [-72.3957, -54.4154]]], [[[-72.0904, -54.4104], [-72.1058, -54.4185], [-72.1135, -54.4356], [-72.1029, -54.4391], [-72.0949, -54.4493], [-72.0787, -54.4539], [-72.0661, -54.4462], [-72.0714, -54.4423], [-72.0817, -54.424], [-72.0824, -54.4167], [-72.0904, -54.4104]]], [[[-72.016, -54.4111], [-72.0305, -54.4223], [-72.0182, -54.4268], [-72.0101, -54.4187], [-72.016, -54.4111]]], [[[-71.9998, -54.4119], [-72.0083, -54.4134], [-72.0094, -54.4227], [-71.997, -54.423], [-71.9998, -54.4119]]], [[[-72.4092, -54.4031], [-72.4284, -54.4087], [-72.4229, -54.4193], [-72.3997, -54.4141], [-72.4092, -54.4031]]], [[[-72.3322, -54.3933], [-72.3455, -54.3936], [-72.3564, -54.4026], [-72.3617, -54.4167], [-72.3581, -54.4295], [-72.3378, -54.4435], [-72.3437, -54.4519], [-72.3299, -54.4552], [-72.322, -54.4659], [-72.2992, -54.4713], [-72.2874, -54.4718], [-72.2845, -54.4621], [-72.2975, -54.457], [-72.3046, -54.4441], [-72.2973, -54.4387], [-72.2659, -54.4462], [-72.2559, -54.4579], [-72.2645, -54.4635], [-72.2486, -54.4671], [-72.219, -54.457], [-72.2234, -54.4507], [-72.226, -54.4356], [-72.2676, -54.4293], [-72.2644, -54.4228], [-72.2492, -54.4203], [-72.2555, -54.4086], [-72.2809, -54.4061], [-72.3017, -54.3955], [-72.3322, -54.3933]]], [[[-71.9242, -54.3777], [-71.9726, -54.3843], [-71.9682, -54.3955], [-71.9251, -54.3985], [-71.9065, -54.393], [-71.898, -54.3851], [-71.9004, -54.3804], [-71.9242, -54.3777]]], [[[-72.269, -54.3751], [-72.2855, -54.3796], [-72.2758, -54.3866], [-72.269, -54.3751]]], [[[-71.3094, -54.3691], [-71.3039, -54.3798], [-71.2762, -54.3839], [-71.2656, -54.3764], [-71.2845, -54.3714], [-71.3094, -54.3691]]], [[[-72.1023, -54.3638], [-72.1223, -54.3664], [-72.1235, -54.3782], [-72.1316, -54.3853], [-72.1449, -54.3796], [-72.1622, -54.3792], [-72.1793, -54.3694], [-72.2045, -54.3694], [-72.2144, -54.3766], [-72.2337, -54.3824], [-72.2118, -54.3953], [-72.2079, -54.4074], [-72.1609, -54.3969], [-72.1591, -54.4011], [-72.1761, -54.4061], [-72.1779, -54.4197], [-72.1712, -54.4295], [-72.1562, -54.4354], [-72.1356, -54.4359], [-72.1391, -54.429], [-72.1257, -54.4108], [-72.116, -54.4131], [-72.0975, -54.409], [-72.0884, -54.4028], [-72.1019, -54.3987], [-72.1061, -54.3931], [-72.1225, -54.3884], [-72.12, -54.3786], [-72.1021, -54.3812], [-72.0949, -54.374], [-72.1023, -54.3638]]], [[[-71.9596, -54.3611], [-71.9863, -54.3628], [-71.9967, -54.3796], [-71.9875, -54.3839], [-71.9706, -54.3765], [-71.9498, -54.374], [-71.9437, -54.3703], [-71.9596, -54.3611]]], [[[-72.6333, -54.332], [-72.6455, -54.3416], [-72.6337, -54.3488], [-72.6228, -54.3393], [-72.6333, -54.332]]], [[[-71.0028, -54.3248], [-71.0146, -54.3309], [-71.0037, -54.3357], [-70.993, -54.3302], [-71.0028, -54.3248]]], [[[-72.4214, -54.3194], [-72.4289, -54.3258], [-72.4245, -54.3371], [-72.4102, -54.3403], [-72.4279, -54.3466], [-72.4439, -54.3433], [-72.4912, -54.3447], [-72.5034, -54.3419], [-72.5102, -54.3478], [-72.5006, -54.3615], [-72.5271, -54.3484], [-72.5391, -54.3529], [-72.5325, -54.3837], [-72.5187, -54.3883], [-72.5113, -54.3978], [-72.4953, -54.3994], [-72.4912, -54.405], [-72.5011, -54.4213], [-72.4896, -54.4222], [-72.475, -54.435], [-72.4596, -54.4434], [-72.4503, -54.4402], [-72.4515, -54.4213], [-72.4621, -54.4146], [-72.4429, -54.4001], [-72.4328, -54.4025], [-72.4215, -54.3973], [-72.4314, -54.3925], [-72.4491, -54.3958], [-72.4502, -54.3855], [-72.431, -54.3762], [-72.4474, -54.3716], [-72.4377, -54.3656], [-72.4254, -54.3743], [-72.4009, -54.3663], [-72.3861, -54.3778], [-72.3854, -54.3852], [-72.3649, -54.3795], [-72.3545, -54.3827], [-72.3397, -54.3749], [-72.3701, -54.3643], [-72.3757, -54.3526], [-72.3576, -54.3457], [-72.3459, -54.3577], [-72.3276, -54.3668], [-72.3108, -54.3624], [-72.3074, -54.354], [-72.2927, -54.3472], [-72.2953, -54.3361], [-72.3156, -54.3358], [-72.3239, -54.3396], [-72.3404, -54.337], [-72.3591, -54.3408], [-72.3733, -54.3328], [-72.3661, -54.3265], [-72.3858, -54.3259], [-72.4214, -54.3194]]], [[[-72.1849, -54.3132], [-72.1994, -54.3142], [-72.1953, -54.3208], [-72.1956, -54.3336], [-72.1739, -54.3275], [-72.1715, -54.3184], [-72.1849, -54.3132]]], [[[-72.6726, -54.3117], [-72.6918, -54.3148], [-72.6977, -54.3226], [-72.6727, -54.327], [-72.6741, -54.3349], [-72.6451, -54.3301], [-72.6467, -54.3224], [-72.6726, -54.3117]]], [[[-71.8037, -54.302], [-71.8094, -54.3095], [-71.804, -54.3138], [-71.7895, -54.3134], [-71.8037, -54.302]]], [[[-72.0202, -54.2922], [-72.0257, -54.2993], [-71.9969, -54.3043], [-71.9963, -54.2959], [-72.0202, -54.2922]]], [[[-72.7973, -54.2897], [-72.805, -54.297], [-72.7955, -54.3009], [-72.7866, -54.2916], [-72.7973, -54.2897]]], [[[-72.3028, -54.2845], [-72.3164, -54.2849], [-72.3435, -54.2905], [-72.3337, -54.2956], [-72.3508, -54.3055], [-72.3437, -54.3168], [-72.2998, -54.3324], [-72.261, -54.3333], [-72.2532, -54.3299], [-72.2691, -54.3217], [-72.268, -54.3161], [-72.253, -54.3059], [-72.2761, -54.2901], [-72.3028, -54.2845]]], [[[-71.6226, -54.283], [-71.6263, -54.2873], [-71.6093, -54.2957], [-71.6095, -54.3019], [-71.5748, -54.3121], [-71.5725, -54.3016], [-71.5947, -54.2904], [-71.615, -54.2896], [-71.6226, -54.283]]], [[[-72.0791, -54.282], [-72.0849, -54.2909], [-72.0831, -54.3102], [-72.0677, -54.3105], [-72.0701, -54.2943], [-72.0791, -54.282]]], [[[-71.7797, -54.2811], [-71.7966, -54.2856], [-71.7822, -54.2925], [-71.7797, -54.2811]]], [[[-71.6953, -54.272], [-71.7103, -54.2747], [-71.7157, -54.2793], [-71.7547, -54.285], [-71.7627, -54.2919], [-71.756, -54.3019], [-71.7355, -54.3147], [-71.7193, -54.32], [-71.6909, -54.3256], [-71.663, -54.3253], [-71.6428, -54.318], [-71.6293, -54.328], [-71.6058, -54.327], [-71.6135, -54.3142], [-71.6337, -54.302], [-71.6517, -54.3054], [-71.6697, -54.2962], [-71.6651, -54.2873], [-71.6839, -54.2906], [-71.6868, -54.2803], [-71.6953, -54.272]]], [[[-72.5132, -54.2638], [-72.5234, -54.2681], [-72.5361, -54.2665], [-72.5468, -54.2762], [-72.5655, -54.2807], [-72.5561, -54.2898], [-72.543, -54.2871], [-72.5282, -54.2908], [-72.5158, -54.2847], [-72.4951, -54.2831], [-72.4904, -54.287], [-72.505, -54.2965], [-72.4917, -54.2975], [-72.4846, -54.2912], [-72.4653, -54.3014], [-72.46, -54.2975], [-72.4716, -54.2797], [-72.4912, -54.2717], [-72.5086, -54.27], [-72.5132, -54.2638]]], [[[-72.5411, -54.2592], [-72.5539, -54.263], [-72.5545, -54.2715], [-72.5395, -54.2689], [-72.5411, -54.2592]]], [[[-72.3954, -54.2581], [-72.4045, -54.2645], [-72.4047, -54.2725], [-72.398, -54.2841], [-72.3821, -54.2927], [-72.373, -54.2906], [-72.3696, -54.2826], [-72.3535, -54.2736], [-72.3615, -54.266], [-72.395, -54.2615], [-72.3954, -54.2581]]], [[[-72.6353, -54.2539], [-72.6462, -54.2598], [-72.6421, -54.2654], [-72.6285, -54.2643], [-72.6268, -54.2566], [-72.6353, -54.2539]]], [[[-72.5764, -54.2434], [-72.5886, -54.2446], [-72.5942, -54.2518], [-72.5769, -54.253], [-72.5764, -54.2434]]], [[[-72.0297, -54.2413], [-72.0523, -54.2503], [-72.0551, -54.2421], [-72.0708, -54.2438], [-72.0899, -54.2599], [-72.0829, -54.269], [-72.0634, -54.2709], [-72.0565, -54.279], [-72.0585, -54.2855], [-72.0412, -54.287], [-72.0353, -54.2836], [-72.0191, -54.287], [-72.0006, -54.2744], [-71.998, -54.2643], [-71.9874, -54.2592], [-71.9851, -54.2469], [-72.0071, -54.2432], [-72.0208, -54.247], [-72.0297, -54.2413]]], [[[-72.2665, -54.2413], [-72.2784, -54.2635], [-72.2652, -54.2617], [-72.2665, -54.2413]]], [[[-72.6498, -54.2316], [-72.6551, -54.2317], [-72.6703, -54.245], [-72.6965, -54.2496], [-72.705, -54.2637], [-72.6961, -54.2749], [-72.685, -54.2777], [-72.6642, -54.2664], [-72.6538, -54.2697], [-72.6476, -54.2505], [-72.6322, -54.2501], [-72.6339, -54.2398], [-72.6498, -54.2316]]], [[[-71.4922, -54.2266], [-71.5057, -54.2285], [-71.5082, -54.2541], [-71.5024, -54.2628], [-71.511, -54.2903], [-71.4995, -54.2945], [-71.5088, -54.3042], [-71.5074, -54.3131], [-71.5198, -54.3169], [-71.5154, -54.3226], [-71.485, -54.3279], [-71.4628, -54.3381], [-71.4347, -54.336], [-71.4263, -54.3306], [-71.391, -54.3253], [-71.4034, -54.3185], [-71.4192, -54.3055], [-71.3921, -54.2823], [-71.4008, -54.2592], [-71.4177, -54.2527], [-71.4296, -54.243], [-71.4632, -54.2295], [-71.4837, -54.2322], [-71.4922, -54.2266]]], [[[-72.0709, -54.219], [-72.0739, -54.2215], [-72.0578, -54.232], [-72.0478, -54.2336], [-72.0353, -54.2301], [-72.0553, -54.2193], [-72.0709, -54.219]]], [[[-72.2111, -54.2133], [-72.218, -54.2147], [-72.2215, -54.2362], [-72.2115, -54.273], [-72.2091, -54.2948], [-72.1907, -54.295], [-72.1689, -54.3046], [-72.1624, -54.2988], [-72.1775, -54.2932], [-72.1573, -54.2859], [-72.1564, -54.274], [-72.1811, -54.2604], [-72.1774, -54.2431], [-72.1856, -54.2158], [-72.2111, -54.2133]]], [[[-72.2396, -54.2119], [-72.249, -54.222], [-72.2478, -54.2286], [-72.233, -54.2299], [-72.2272, -54.2247], [-72.2281, -54.2159], [-72.2396, -54.2119]]], [[[-72.9664, -54.1954], [-72.9842, -54.2026], [-72.9919, -54.2109], [-72.9934, -54.2193], [-73.013, -54.2213], [-73.0139, -54.2278], [-73.001, -54.2308], [-72.9714, -54.2332], [-72.9663, -54.2261], [-72.9349, -54.2165], [-72.9299, -54.2115], [-72.9427, -54.2013], [-72.9664, -54.1954]]], [[[-72.4087, -54.1696], [-72.4339, -54.1716], [-72.4418, -54.1828], [-72.4206, -54.1785], [-72.4083, -54.1794], [-72.4087, -54.1696]]], [[[-73.0252, -54.1701], [-73.0426, -54.1773], [-73.0419, -54.1888], [-73.031, -54.1941], [-73.0158, -54.1824], [-73.0097, -54.1735], [-73.0252, -54.1701]]], [[[-70.2812, -54.1686], [-70.2959, -54.1723], [-70.3001, -54.179], [-70.2875, -54.1835], [-70.27, -54.1803], [-70.2812, -54.1686]]], [[[-73.312, -54.1623], [-73.3187, -54.1652], [-73.3236, -54.1777], [-73.3114, -54.179], [-73.3013, -54.1685], [-73.312, -54.1623]]], [[[-72.5646, -54.1553], [-72.597, -54.1646], [-72.5926, -54.1685], [-72.5646, -54.1553]]], [[[-73.048, -54.1558], [-73.0581, -54.1614], [-73.0677, -54.1751], [-73.0542, -54.1761], [-73.052, -54.1669], [-73.0364, -54.1585], [-73.048, -54.1558]]], [[[-72.8766, -54.147], [-72.9035, -54.1551], [-72.8857, -54.1611], [-72.8713, -54.1552], [-72.8766, -54.147]]], [[[-72.1143, -54.1459], [-72.1303, -54.1489], [-72.1295, -54.1544], [-72.1063, -54.1554], [-72.1037, -54.1455], [-72.1143, -54.1459]]], [[[-73.0699, -54.1421], [-73.0984, -54.1542], [-73.1029, -54.1602], [-73.0951, -54.1679], [-73.0956, -54.1824], [-73.0828, -54.1781], [-73.0829, -54.1721], [-73.073, -54.1667], [-73.0783, -54.1613], [-73.0651, -54.1476], [-73.0699, -54.1421]]], [[[-72.6952, -54.1276], [-72.7021, -54.1366], [-72.7011, -54.1466], [-72.6888, -54.147], [-72.6853, -54.137], [-72.6952, -54.1276]]], [[[-72.7469, -54.1253], [-72.7705, -54.1311], [-72.769, -54.149], [-72.7563, -54.1449], [-72.7558, -54.1329], [-72.7469, -54.1253]]], [[[-72.492, -54.1222], [-72.5134, -54.1384], [-72.5264, -54.1523], [-72.5198, -54.1601], [-72.509, -54.154], [-72.4972, -54.1526], [-72.4838, -54.1407], [-72.4827, -54.1261], [-72.492, -54.1222]]], [[[-72.6546, -54.112], [-72.6756, -54.1146], [-72.6873, -54.119], [-72.6838, -54.1276], [-72.6732, -54.1305], [-72.6711, -54.1447], [-72.6492, -54.1414], [-72.6442, -54.1294], [-72.644, -54.1162], [-72.6546, -54.112]]], [[[-72.6148, -54.1079], [-72.6151, -54.1146], [-72.6289, -54.1151], [-72.6403, -54.1201], [-72.6388, -54.1272], [-72.6479, -54.1422], [-72.6367, -54.1429], [-72.6383, -54.1515], [-72.6192, -54.1599], [-72.6119, -54.1514], [-72.5993, -54.1542], [-72.6011, -54.1609], [-72.5871, -54.1614], [-72.573, -54.1555], [-72.5721, -54.1451], [-72.5563, -54.1447], [-72.5521, -54.1348], [-72.5687, -54.1238], [-72.5995, -54.1192], [-72.6148, -54.1079]]], [[[-73.1864, -54.1079], [-73.1947, -54.1185], [-73.1903, -54.1211], [-73.1972, -54.1363], [-73.1792, -54.1356], [-73.1699, -54.1289], [-73.1627, -54.1152], [-73.1722, -54.1084], [-73.1864, -54.1079]]], [[[-73.1144, -54.1055], [-73.1378, -54.1147], [-73.1447, -54.1232], [-73.1464, -54.1337], [-73.1566, -54.1386], [-73.1512, -54.158], [-73.1415, -54.1645], [-73.1156, -54.1658], [-73.1157, -54.1595], [-73.1287, -54.1567], [-73.1186, -54.1403], [-73.1195, -54.1322], [-73.1058, -54.1314], [-73.0899, -54.1197], [-73.1075, -54.1121], [-73.1144, -54.1055]]], [[[-72.5431, -54.0753], [-72.5373, -54.0988], [-72.5306, -54.093], [-72.5431, -54.0753]]], [[[-72.3257, -54.0563], [-72.3425, -54.0583], [-72.3526, -54.0738], [-72.3708, -54.0757], [-72.3731, -54.0851], [-72.3832, -54.0884], [-72.4069, -54.0865], [-72.4298, -54.0962], [-72.4201, -54.1032], [-72.4092, -54.0989], [-72.3932, -54.1107], [-72.3759, -54.1045], [-72.3582, -54.1061], [-72.3557, -54.0994], [-72.3445, -54.0981], [-72.3333, -54.1062], [-72.3501, -54.1118], [-72.3757, -54.1077], [-72.3717, -54.1205], [-72.3828, -54.1239], [-72.3927, -54.1209], [-72.408, -54.1284], [-72.4262, -54.1295], [-72.4152, -54.1369], [-72.4246, -54.1454], [-72.4211, -54.152], [-72.4088, -54.15], [-72.3973, -54.1544], [-72.3774, -54.1515], [-72.3579, -54.1536], [-72.3704, -54.1677], [-72.3898, -54.1673], [-72.397, -54.1744], [-72.394, -54.183], [-72.4416, -54.1857], [-72.4768, -54.1935], [-72.5112, -54.2064], [-72.5129, -54.2227], [-72.489, -54.2291], [-72.4862, -54.236], [-72.503, -54.2381], [-72.5045, -54.2478], [-72.5186, -54.2476], [-72.515, -54.2582], [-72.4978, -54.2638], [-72.4695, -54.2676], [-72.4528, -54.2794], [-72.4398, -54.2816], [-72.4248, -54.2646], [-72.4188, -54.2502], [-72.4094, -54.245], [-72.4092, -54.2353], [-72.3991, -54.2308], [-72.4136, -54.2232], [-72.3912, -54.2207], [-72.3846, -54.2255], [-72.3947, -54.2305], [-72.402, -54.2408], [-72.3875, -54.2505], [-72.3692, -54.255], [-72.3568, -54.2525], [-72.3459, -54.2627], [-72.3305, -54.2649], [-72.3098, -54.246], [-72.3157, -54.2418], [-72.3107, -54.2313], [-72.3194, -54.2179], [-72.3327, -54.214], [-72.3372, -54.206], [-72.3261, -54.1987], [-72.3207, -54.2066], [-72.3095, -54.2106], [-72.2921, -54.2103], [-72.28, -54.2025], [-72.2626, -54.201], [-72.2686, -54.1928], [-72.2692, -54.1831], [-72.2608, -54.1584], [-72.2767, -54.152], [-72.2797, -54.1407], [-72.2604, -54.1349], [-72.25, -54.1416], [-72.2426, -54.1375], [-72.2315, -54.1425], [-72.2241, -54.1237], [-72.2448, -54.1129], [-72.2515, -54.0978], [-72.2596, -54.0957], [-72.2752, -54.0835], [-72.2805, -54.0949], [-72.29, -54.0957], [-72.2931, -54.0817], [-72.3014, -54.0769], [-72.3101, -54.0655], [-72.3252, -54.0608], [-72.3257, -54.0563]]], [[[-73.0727, -54.0449], [-73.0907, -54.0535], [-73.074, -54.0572], [-73.0727, -54.0449]]], [[[-70.317, -54.043], [-70.3347, -54.0443], [-70.3454, -54.051], [-70.3541, -54.0637], [-70.3784, -54.0746], [-70.4154, -54.0816], [-70.4423, -54.0759], [-70.4568, -54.0685], [-70.4871, -54.0625], [-70.4892, -54.0655], [-70.5116, -54.063], [-70.5041, -54.0717], [-70.5066, -54.0868], [-70.4594, -54.1193], [-70.4537, -54.126], [-70.4425, -54.128], [-70.422, -54.1407], [-70.3966, -54.1462], [-70.3714, -54.156], [-70.3402, -54.1573], [-70.315, -54.1501], [-70.3067, -54.1446], [-70.3095, -54.1344], [-70.2977, -54.1248], [-70.3094, -54.1153], [-70.2956, -54.1044], [-70.2802, -54.0825], [-70.282, -54.0763], [-70.2977, -54.0666], [-70.3023, -54.0478], [-70.317, -54.043]]], [[[-71.1272, -54.042], [-71.1496, -54.0505], [-71.1512, -54.056], [-71.1438, -54.065], [-71.1336, -54.0669], [-71.1227, -54.0618], [-71.1194, -54.0542], [-71.1272, -54.042]]], [[[-73.0918, -54.0389], [-73.1097, -54.042], [-73.1094, -54.0552], [-73.0898, -54.044], [-73.0918, -54.0389]]], [[[-72.2609, -54.0352], [-72.2667, -54.0359], [-72.2788, -54.0523], [-72.2704, -54.0526], [-72.2613, -54.0455], [-72.2609, -54.0352]]], [[[-72.9936, -54.0303], [-73.0125, -54.0408], [-72.9986, -54.0456], [-72.9863, -54.0368], [-72.9936, -54.0303]]], [[[-73.0554, -54.0221], [-73.0877, -54.0287], [-73.1016, -54.0262], [-73.1194, -54.0303], [-73.1199, -54.0385], [-73.0786, -54.0362], [-73.0519, -54.0332], [-73.0457, -54.0254], [-73.0554, -54.0221]]], [[[-73.1033, -54.0153], [-73.1243, -54.0199], [-73.1247, -54.0264], [-73.1027, -54.0208], [-73.1033, -54.0153]]], [[[-71.2367, -54.0142], [-71.2469, -54.0193], [-71.2396, -54.0421], [-71.2402, -54.0535], [-71.2468, -54.0567], [-71.2317, -54.0763], [-71.2278, -54.0859], [-71.2319, -54.0936], [-71.225, -54.0997], [-71.2081, -54.1001], [-71.2057, -54.0946], [-71.1797, -54.0846], [-71.1896, -54.0679], [-71.2066, -54.0689], [-71.2074, -54.0438], [-71.2224, -54.0255], [-71.2221, -54.02], [-71.2367, -54.0142]]], [[[-72.2738, -54.0038], [-72.2879, -54.0106], [-72.2863, -54.0189], [-72.2929, -54.028], [-72.2816, -54.0336], [-72.2733, -54.0309], [-72.2692, -54.0177], [-72.2758, -54.0125], [-72.2738, -54.0038]]], [[[-73.386, -53.9964], [-73.3916, -54.007], [-73.4069, -54.0152], [-73.3996, -54.0281], [-73.4077, -54.0343], [-73.4251, -54.0334], [-73.4259, -54.041], [-73.4399, -54.0457], [-73.4392, -54.0559], [-73.4521, -54.0595], [-73.4593, -54.0737], [-73.4782, -54.0735], [-73.4774, -54.0865], [-73.4682, -54.0872], [-73.4561, -54.0768], [-73.4355, -54.0771], [-73.4104, -54.0806], [-73.413, -54.0892], [-73.3955, -54.0855], [-73.3776, -54.0704], [-73.3603, -54.0686], [-73.3637, -54.0788], [-73.3441, -54.0956], [-73.3284, -54.0952], [-73.3235, -54.1046], [-73.3431, -54.1079], [-73.3444, -54.1191], [-73.3592, -54.1254], [-73.3603, -54.137], [-73.3473, -54.1339], [-73.3267, -54.1413], [-73.3148, -54.1402], [-73.3033, -54.1458], [-73.2969, -54.1389], [-73.2875, -54.1409], [-73.2728, -54.1365], [-73.2794, -54.1275], [-73.2708, -54.1205], [-73.2825, -54.1141], [-73.2966, -54.1009], [-73.2807, -54.0906], [-73.2806, -54.1017], [-73.2475, -54.1201], [-73.2349, -54.1216], [-73.228, -54.1301], [-73.214, -54.134], [-73.2048, -54.1207], [-73.2028, -54.111], [-73.1901, -54.0951], [-73.2058, -54.0911], [-73.1908, -54.0858], [-73.1946, -54.0803], [-73.1878, -54.063], [-73.2062, -54.0639], [-73.2197, -54.0749], [-73.2195, -54.0855], [-73.2449, -54.0948], [-73.2324, -54.0738], [-73.2363, -54.0497], [-73.2479, -54.0438], [-73.258, -54.047], [-73.2692, -54.0368], [-73.2889, -54.0339], [-73.2935, -54.0385], [-73.2874, -54.0531], [-73.2914, -54.0598], [-73.2807, -54.0779], [-73.3066, -54.0689], [-73.2973, -54.0645], [-73.2995, -54.0504], [-73.3071, -54.0412], [-73.3172, -54.0366], [-73.306, -54.0265], [-73.3152, -54.0144], [-73.3345, -54.0101], [-73.3414, -54.0165], [-73.3546, -54.0172], [-73.3563, -54.0107], [-73.3444, -54.002], [-73.386, -53.9964]]], [[[-72.8855, -53.9842], [-72.8727, -53.9943], [-72.8615, -53.9932], [-72.8607, -53.9866], [-72.8855, -53.9842]]], [[[-72.3653, -53.9803], [-72.3719, -53.9877], [-72.3556, -53.9916], [-72.3553, -53.9842], [-72.3653, -53.9803]]], [[[-72.9895, -53.9662], [-72.9998, -53.9703], [-72.9916, -53.9775], [-72.9743, -53.9842], [-72.9637, -53.9828], [-72.9604, -53.9675], [-72.9795, -53.9691], [-72.9895, -53.9662]]], [[[-72.3025, -53.9557], [-72.3098, -53.96], [-72.3266, -53.9851], [-72.3264, -53.998], [-72.317, -54.0002], [-72.3042, -53.9944], [-72.297, -53.9602], [-72.3025, -53.9557]]], [[[-73.059, -53.9497], [-73.09, -53.957], [-73.0803, -53.9697], [-73.0617, -53.9663], [-73.0522, -53.9521], [-73.059, -53.9497]]], [[[-72.9712, -53.9379], [-72.9957, -53.9418], [-72.9966, -53.9489], [-72.9822, -53.9498], [-72.9712, -53.9379]]], [[[-71.5979, -53.9354], [-71.6111, -53.9425], [-71.6152, -53.9569], [-71.6296, -53.9654], [-71.6507, -53.9825], [-71.6521, -53.9933], [-71.646, -54.0069], [-71.656, -54.0118], [-71.6541, -54.0223], [-71.6472, -54.0337], [-71.6203, -54.0574], [-71.6104, -54.0631], [-71.6221, -54.0717], [-71.6049, -54.0891], [-71.5771, -54.089], [-71.5859, -54.1027], [-71.6026, -54.0981], [-71.6182, -54.1003], [-71.6268, -54.1107], [-71.6445, -54.1218], [-71.6481, -54.127], [-71.6613, -54.1288], [-71.6792, -54.1442], [-71.6905, -54.1414], [-71.7046, -54.1508], [-71.7053, -54.1655], [-71.6916, -54.1656], [-71.6828, -54.195], [-71.6769, -54.2075], [-71.6733, -54.2252], [-71.6653, -54.2292], [-71.653, -54.2271], [-71.6211, -54.2441], [-71.6019, -54.2382], [-71.6141, -54.2278], [-71.6118, -54.2186], [-71.5973, -54.2113], [-71.6014, -54.194], [-71.5806, -54.1977], [-71.5633, -54.1952], [-71.5471, -54.185], [-71.5301, -54.1884], [-71.5682, -54.1964], [-71.5878, -54.202], [-71.5865, -54.2106], [-71.5971, -54.2171], [-71.5939, -54.231], [-71.5829, -54.247], [-71.5812, -54.2627], [-71.5623, -54.2558], [-71.5544, -54.259], [-71.5531, -54.2698], [-71.5434, -54.2796], [-71.5307, -54.2837], [-71.5219, -54.28], [-71.522, -54.2717], [-71.5139, -54.2635], [-71.5109, -54.2494], [-71.5157, -54.2383], [-71.5131, -54.2191], [-71.5001, -54.2254], [-71.4871, -54.2274], [-71.4826, -54.2163], [-71.4858, -54.2084], [-71.4983, -54.2024], [-71.4975, -54.1965], [-71.5136, -54.1821], [-71.4973, -54.1816], [-71.4883, -54.192], [-71.4697, -54.1768], [-71.4567, -54.1553], [-71.49, -54.1403], [-71.5035, -54.1375], [-71.5182, -54.1255], [-71.4896, -54.1314], [-71.4817, -54.1357], [-71.4669, -54.1356], [-71.4623, -54.1433], [-71.443, -54.1504], [-71.4337, -54.151], [-71.424, -54.143], [-71.4148, -54.1293], [-71.3967, -54.1144], [-71.3862, -54.1239], [-71.4018, -54.1298], [-71.4128, -54.1376], [-71.4172, -54.1477], [-71.4082, -54.1563], [-71.3809, -54.1481], [-71.3845, -54.1555], [-71.3968, -54.1553], [-71.4173, -54.1591], [-71.4258, -54.1663], [-71.4215, -54.1719], [-71.4435, -54.1734], [-71.4482, -54.1788], [-71.4439, -54.1858], [-71.4542, -54.2087], [-71.4383, -54.2211], [-71.4124, -54.234], [-71.3807, -54.2579], [-71.3667, -54.2632], [-71.3521, -54.258], [-71.3429, -54.2444], [-71.3436, -54.239], [-71.3224, -54.2262], [-71.3233, -54.2432], [-71.3343, -54.2497], [-71.3363, -54.2568], [-71.3312, -54.2661], [-71.3171, -54.2675], [-71.296, -54.262], [-71.2828, -54.2633], [-71.2623, -54.2556], [-71.2594, -54.243], [-71.2455, -54.235], [-71.2297, -54.2322], [-71.232, -54.2134], [-71.2078, -54.214], [-71.2217, -54.221], [-71.2085, -54.2252], [-71.2043, -54.2359], [-71.183, -54.2435], [-71.2042, -54.2468], [-71.2268, -54.2467], [-71.2352, -54.2524], [-71.2332, -54.2678], [-71.2426, -54.2734], [-71.2266, -54.279], [-71.2543, -54.2838], [-71.2627, -54.2799], [-71.2795, -54.2789], [-71.2899, -54.2839], [-71.3486, -54.2863], [-71.3611, -54.2884], [-71.3682, -54.3001], [-71.3578, -54.3141], [-71.3443, -54.3211], [-71.3186, -54.3145], [-71.3035, -54.3149], [-71.3073, -54.324], [-71.2959, -54.3308], [-71.2795, -54.3303], [-71.2752, -54.3375], [-71.2424, -54.3465], [-71.239, -54.3558], [-71.2291, -54.357], [-71.2232, -54.3678], [-71.2097, -54.3771], [-71.1861, -54.3815], [-71.1761, -54.377], [-71.1721, -54.357], [-71.154, -54.3615], [-71.1471, -54.3712], [-71.1614, -54.3812], [-71.1647, -54.3913], [-71.1534, -54.401], [-71.1207, -54.3975], [-71.116, -54.4024], [-71.0999, -54.3962], [-71.1, -54.3911], [-71.0827, -54.3697], [-71.0673, -54.3585], [-71.0777, -54.3473], [-71.1111, -54.3409], [-71.1352, -54.3321], [-71.1484, -54.323], [-71.1608, -54.3088], [-71.1471, -54.308], [-71.1378, -54.3186], [-71.1254, -54.3235], [-71.1129, -54.3237], [-71.0726, -54.3354], [-71.0656, -54.3423], [-71.0451, -54.3476], [-71.0288, -54.3347], [-71.0308, -54.325], [-71.0536, -54.3082], [-71.035, -54.2989], [-71.0221, -54.3085], [-71.0051, -54.3083], [-71.0081, -54.3014], [-70.9878, -54.2975], [-70.9879, -54.2891], [-70.9751, -54.2827], [-70.9706, -54.2765], [-70.9805, -54.267], [-71.0031, -54.2582], [-71.0073, -54.2601], [-71.0332, -54.2457], [-71.0233, -54.2427], [-70.9829, -54.2464], [-70.9737, -54.2417], [-70.9674, -54.2239], [-70.9625, -54.1962], [-70.968, -54.1854], [-70.9657, -54.18], [-70.9728, -54.1638], [-70.9843, -54.1663], [-71.0055, -54.1802], [-71.0132, -54.201], [-71.0336, -54.2086], [-71.0427, -54.222], [-71.0603, -54.2222], [-71.0549, -54.2114], [-71.0698, -54.2058], [-71.0399, -54.2027], [-71.0361, -54.1995], [-71.0295, -54.1786], [-71.0228, -54.1689], [-71.0046, -54.1614], [-70.9886, -54.138], [-70.9936, -54.1323], [-70.9932, -54.1201], [-70.9974, -54.096], [-71.0327, -54.0766], [-71.0535, -54.0759], [-71.053, -54.0659], [-71.0705, -54.0593], [-71.0936, -54.0712], [-71.1006, -54.084], [-71.1187, -54.0928], [-71.1186, -54.104], [-71.1307, -54.1287], [-71.1178, -54.1529], [-71.1189, -54.1626], [-71.1389, -54.1514], [-71.1501, -54.1422], [-71.1507, -54.1299], [-71.1446, -54.1222], [-71.1417, -54.0975], [-71.1469, -54.087], [-71.1751, -54.1013], [-71.1901, -54.1049], [-71.1848, -54.1284], [-71.1885, -54.1494], [-71.1946, -54.1531], [-71.1897, -54.1638], [-71.189, -54.1801], [-71.2083, -54.1778], [-71.2088, -54.1705], [-71.2233, -54.1655], [-71.2207, -54.1447], [-71.2112, -54.1402], [-71.21, -54.1208], [-71.2218, -54.1172], [-71.2389, -54.1296], [-71.2468, -54.1136], [-71.2466, -54.1053], [-71.2669, -54.1042], [-71.2615, -54.097], [-71.2467, -54.0975], [-71.2425, -54.0828], [-71.2547, -54.0681], [-71.267, -54.0633], [-71.2733, -54.0548], [-71.2642, -54.0389], [-71.2747, -54.0277], [-71.2682, -54.0043], [-71.2789, -53.9971], [-71.3098, -53.991], [-71.3201, -53.9922], [-71.3379, -53.9839], [-71.3599, -53.9703], [-71.3708, -53.9675], [-71.3922, -53.9717], [-71.3889, -53.9892], [-71.3831, -54.0004], [-71.3668, -54.0151], [-71.3739, -54.0273], [-71.3636, -54.0388], [-71.3792, -54.0548], [-71.3718, -54.0619], [-71.3889, -54.0733], [-71.3908, -54.0836], [-71.4005, -54.0921], [-71.4095, -54.0883], [-71.3983, -54.0808], [-71.396, -54.0567], [-71.4105, -54.0523], [-71.4002, -54.0435], [-71.4006, -54.019], [-71.4133, -53.997], [-71.43, -53.9878], [-71.4537, -53.9918], [-71.4322, -53.9789], [-71.4396, -53.9654], [-71.4392, -53.9502], [-71.4458, -53.9457], [-71.5036, -53.948], [-71.5089, -53.9536], [-71.4997, -53.9717], [-71.4833, -53.9859], [-71.4953, -53.9895], [-71.5132, -53.9707], [-71.525, -53.9753], [-71.5365, -53.9735], [-71.5358, -53.9588], [-71.5455, -53.945], [-71.5656, -53.9453], [-71.583, -53.937], [-71.5979, -53.9354]]], [[[-72.9834, -53.9254], [-73.0001, -53.9264], [-73.012, -53.9309], [-73.0152, -53.9404], [-72.9991, -53.9392], [-72.9952, -53.9308], [-72.9834, -53.9254]]], [[[-73.2817, -53.9235], [-73.3058, -53.9347], [-73.299, -53.9384], [-73.2817, -53.9235]]], [[[-73.1056, -53.9203], [-73.1108, -53.9266], [-73.1254, -53.9325], [-73.1282, -53.9427], [-73.1129, -53.9396], [-73.1056, -53.9203]]], [[[-73.2411, -53.9178], [-73.2602, -53.9206], [-73.2826, -53.9327], [-73.2804, -53.944], [-73.2533, -53.9464], [-73.2444, -53.9377], [-73.2304, -53.9327], [-73.2273, -53.9388], [-73.2563, -53.9531], [-73.236, -53.9535], [-73.2338, -53.9623], [-73.2246, -53.964], [-73.1974, -53.9604], [-73.186, -53.9549], [-73.1866, -53.9495], [-73.1762, -53.9395], [-73.1877, -53.9306], [-73.1999, -53.9291], [-73.1952, -53.922], [-73.2411, -53.9178]]], [[[-73.0972, -53.9119], [-73.1211, -53.9148], [-73.1223, -53.9211], [-73.145, -53.9268], [-73.1375, -53.9346], [-73.1197, -53.9263], [-73.115, -53.9211], [-73.0992, -53.9191], [-73.0972, -53.9119]]], [[[-72.0572, -53.9044], [-72.0699, -53.9072], [-72.0815, -53.9165], [-72.0944, -53.9165], [-72.1056, -53.9238], [-72.0839, -53.939], [-72.0706, -53.9406], [-72.0623, -53.9255], [-72.0653, -53.9195], [-72.048, -53.9119], [-72.0572, -53.9044]]], [[[-72.1963, -53.9033], [-72.1948, -53.9174], [-72.1809, -53.926], [-72.1654, -53.9162], [-72.1738, -53.9106], [-72.1963, -53.9033]]], [[[-73.2998, -53.9012], [-73.3214, -53.9089], [-73.3146, -53.9119], [-73.2998, -53.9012]]], [[[-73.1466, -53.8999], [-73.1575, -53.9053], [-73.2028, -53.9141], [-73.175, -53.9164], [-73.1611, -53.9143], [-73.133, -53.905], [-73.1466, -53.8999]]], [[[-73.3282, -53.899], [-73.3516, -53.9054], [-73.344, -53.9124], [-73.3282, -53.899]]], [[[-72.8726, -53.8899], [-72.8808, -53.8931], [-72.8926, -53.9054], [-72.8792, -53.9064], [-72.8726, -53.8899]]], [[[-72.2485, -53.8879], [-72.2447, -53.8988], [-72.2347, -53.8964], [-72.2485, -53.8879]]], [[[-72.0326, -53.8858], [-72.0488, -53.8878], [-72.0396, -53.896], [-72.0326, -53.8858]]], [[[-73.27, -53.8793], [-73.2771, -53.8812], [-73.2804, -53.8973], [-73.266, -53.8917], [-73.27, -53.8793]]], [[[-73.2503, -53.8776], [-73.2632, -53.8809], [-73.262, -53.8896], [-73.2444, -53.8856], [-73.2503, -53.8776]]], [[[-73.3272, -53.8627], [-73.3448, -53.8704], [-73.3423, -53.8755], [-73.3125, -53.8728], [-73.3138, -53.8836], [-73.2956, -53.8963], [-73.28, -53.8803], [-73.288, -53.8734], [-73.3208, -53.8666], [-73.3272, -53.8627]]], [[[-72.2248, -53.8614], [-72.253, -53.8641], [-72.2367, -53.8716], [-72.2248, -53.8614]]], [[[-72.0182, -53.8526], [-72.0277, -53.8544], [-72.0419, -53.8656], [-72.0349, -53.8719], [-72.0131, -53.8581], [-72.0182, -53.8526]]], [[[-73.1952, -53.8509], [-73.2085, -53.8549], [-73.2287, -53.8658], [-73.2142, -53.8667], [-73.201, -53.8621], [-73.204, -53.8563], [-73.1952, -53.8509]]], [[[-71.9177, -53.844], [-71.9349, -53.8464], [-71.9585, -53.861], [-71.9867, -53.8633], [-71.9803, -53.8755], [-71.9667, -53.885], [-71.9575, -53.8858], [-71.9433, -53.9009], [-71.9575, -53.9006], [-71.9703, -53.8898], [-71.985, -53.8875], [-72.0041, -53.8979], [-72.0084, -53.9059], [-72.0313, -53.8949], [-72.0411, -53.9024], [-72.0322, -53.9149], [-72.0608, -53.9349], [-72.0638, -53.9491], [-72.0284, -53.9632], [-72.0319, -53.967], [-72.0576, -53.9573], [-72.0944, -53.9395], [-72.1132, -53.9445], [-72.0897, -53.9672], [-72.0775, -53.9725], [-72.0704, -53.985], [-72.0941, -53.9785], [-72.1155, -53.9575], [-72.1274, -53.9377], [-72.1559, -53.9292], [-72.1758, -53.9315], [-72.1945, -53.9307], [-72.2094, -53.9243], [-72.217, -53.9132], [-72.2546, -53.9092], [-72.2806, -53.9149], [-72.278, -53.9356], [-72.2825, -53.9517], [-72.2717, -53.9655], [-72.2645, -53.9885], [-72.2686, -53.9967], [-72.2558, -53.9965], [-72.2519, -54.0032], [-72.2295, -53.9959], [-72.2181, -54.0021], [-72.2398, -54.0165], [-72.2457, -54.0269], [-72.2461, -54.0371], [-72.2591, -54.0663], [-72.2427, -54.078], [-72.2449, -54.0854], [-72.2295, -54.0908], [-72.2081, -54.1023], [-72.1884, -54.1074], [-72.1765, -54.1], [-72.171, -54.092], [-72.1737, -54.0854], [-72.1616, -54.0819], [-72.1501, -54.084], [-72.1386, -54.0732], [-72.1364, -54.0634], [-72.1264, -54.0619], [-72.1324, -54.0355], [-72.1178, -54.0382], [-72.124, -54.0447], [-72.115, -54.061], [-72.1125, -54.0782], [-72.1024, -54.0893], [-72.0829, -54.0966], [-72.0609, -54.102], [-72.0466, -54.0951], [-72.0407, -54.1014], [-72.0606, -54.1051], [-72.0881, -54.1029], [-72.1014, -54.1053], [-72.1202, -54.1012], [-72.151, -54.1093], [-72.1471, -54.1186], [-72.1545, -54.1218], [-72.1542, -54.1296], [-72.137, -54.1391], [-72.1121, -54.1357], [-72.0781, -54.1383], [-72.0553, -54.1343], [-72.0521, -54.1378], [-72.033, -54.141], [-72.0197, -54.1361], [-72.0106, -54.1416], [-72.0303, -54.1451], [-72.0456, -54.1451], [-72.0531, -54.1492], [-72.0683, -54.1459], [-72.0941, -54.1482], [-72.1048, -54.1561], [-72.1178, -54.1557], [-72.1252, -54.1611], [-72.1185, -54.1676], [-72.0991, -54.1716], [-72.0915, -54.1817], [-72.0818, -54.1851], [-72.0792, -54.195], [-72.0613, -54.2025], [-72.044, -54.2045], [-72.0429, -54.2116], [-72.0214, -54.2048], [-71.9975, -54.2293], [-71.9796, -54.2357], [-71.9668, -54.2356], [-71.9524, -54.2241], [-71.95, -54.2335], [-71.9402, -54.2394], [-71.9249, -54.2338], [-71.9107, -54.2324], [-71.8967, -54.224], [-71.8815, -54.2391], [-71.9036, -54.2407], [-71.909, -54.2446], [-71.9318, -54.2474], [-71.9422, -54.254], [-71.9399, -54.2616], [-71.9493, -54.2668], [-71.9362, -54.2729], [-71.9409, -54.2819], [-71.9351, -54.2848], [-71.9363, -54.2963], [-71.9508, -54.3029], [-71.9504, -54.307], [-71.9657, -54.3163], [-71.9611, -54.3305], [-71.9533, -54.3378], [-71.9307, -54.3378], [-71.9217, -54.3206], [-71.9034, -54.3158], [-71.896, -54.321], [-71.9071, -54.3257], [-71.9169, -54.3373], [-71.8997, -54.3404], [-71.8797, -54.3391], [-71.8583, -54.3417], [-71.7988, -54.3426], [-71.7924, -54.3335], [-71.8128, -54.3263], [-71.8386, -54.3225], [-71.8515, -54.3115], [-71.8521, -54.3055], [-71.8274, -54.309], [-71.8203, -54.2996], [-71.8239, -54.2889], [-71.8524, -54.2871], [-71.8197, -54.2755], [-71.812, -54.2652], [-71.8282, -54.258], [-71.806, -54.2571], [-71.8005, -54.2736], [-71.7893, -54.2771], [-71.7517, -54.2699], [-71.727, -54.2478], [-71.7326, -54.2338], [-71.743, -54.2274], [-71.7528, -54.2146], [-71.7653, -54.212], [-71.784, -54.2122], [-71.7792, -54.204], [-71.7662, -54.2042], [-71.7808, -54.185], [-71.7982, -54.1829], [-71.7989, -54.1737], [-71.8156, -54.1666], [-71.8206, -54.1586], [-71.8361, -54.1472], [-71.8676, -54.1497], [-71.8699, -54.1443], [-71.854, -54.1393], [-71.8693, -54.1305], [-71.8716, -54.1221], [-71.909, -54.1322], [-71.8997, -54.118], [-71.8825, -54.1146], [-71.8871, -54.108], [-71.8789, -54.1039], [-71.8883, -54.0942], [-71.9048, -54.0926], [-71.9233, -54.0955], [-71.9263, -54.0892], [-71.9167, -54.085], [-71.9256, -54.0764], [-71.9118, -54.0736], [-71.9333, -54.061], [-71.933, -54.0571], [-71.9519, -54.0443], [-71.9368, -54.0403], [-71.9336, -54.0353], [-71.9142, -54.0369], [-71.9257, -54.0484], [-71.918, -54.051], [-71.9179, -54.0597], [-71.8947, -54.0725], [-71.8839, -54.0715], [-71.8804, -54.0781], [-71.8654, -54.0908], [-71.8574, -54.1045], [-71.85, -54.1103], [-71.8296, -54.1089], [-71.8319, -54.1148], [-71.8242, -54.1269], [-71.8094, -54.1385], [-71.8077, -54.1441], [-71.7933, -54.144], [-71.786, -54.1547], [-71.7732, -54.1508], [-71.7539, -54.1703], [-71.7492, -54.1645], [-71.7284, -54.16], [-71.7296, -54.1517], [-71.7117, -54.1409], [-71.6903, -54.118], [-71.6824, -54.121], [-71.6696, -54.1138], [-71.6489, -54.1097], [-71.639, -54.0981], [-71.6263, -54.0938], [-71.6211, -54.0866], [-71.6271, -54.0799], [-71.6413, -54.0743], [-71.6605, -54.0591], [-71.6728, -54.0618], [-71.6797, -54.0699], [-71.6978, -54.0805], [-71.7115, -54.0766], [-71.7054, -54.0647], [-71.7324, -54.054], [-71.7684, -54.051], [-71.7632, -54.0452], [-71.7232, -54.0492], [-71.7064, -54.0555], [-71.6934, -54.0549], [-71.6863, -54.0412], [-71.6846, -54.031], [-71.6887, -54.0067], [-71.6945, -54.0018], [-71.7078, -54.0017], [-71.725, -53.9957], [-71.7381, -53.9979], [-71.7545, -54.0059], [-71.7637, -54.0051], [-71.7789, -54.0112], [-71.7928, -54.0088], [-71.7608, -53.9993], [-71.7192, -53.9888], [-71.7025, -53.9909], [-71.6964, -53.978], [-71.6826, -53.9665], [-71.6659, -53.961], [-71.6647, -53.9469], [-71.6502, -53.9396], [-71.65, -53.9261], [-71.6728, -53.9211], [-71.6911, -53.909], [-71.7021, -53.9056], [-71.7215, -53.9065], [-71.7153, -53.8984], [-71.7332, -53.8963], [-71.7537, -53.9178], [-71.764, -53.9155], [-71.7531, -53.9059], [-71.7737, -53.8909], [-71.7744, -53.8829], [-71.7897, -53.8859], [-71.7942, -53.8954], [-71.7868, -53.9046], [-71.7935, -53.9146], [-71.7819, -53.9258], [-71.7941, -53.9355], [-71.8103, -53.9353], [-71.8197, -53.9393], [-71.818, -53.9468], [-71.8076, -53.9499], [-71.8147, -53.976], [-71.8253, -53.9868], [-71.8473, -53.9761], [-71.8383, -53.97], [-71.8414, -53.9616], [-71.8357, -53.9555], [-71.8204, -53.9491], [-71.834, -53.938], [-71.8473, -53.9344], [-71.8412, -53.9283], [-71.8281, -53.9301], [-71.8166, -53.9263], [-71.8268, -53.9179], [-71.841, -53.8998], [-71.8482, -53.8847], [-71.8679, -53.8779], [-71.8697, -53.8669], [-71.858, -53.8611], [-71.8756, -53.8572], [-71.9143, -53.8527], [-71.9177, -53.844]]], [[[-73.0289, -53.8416], [-73.0342, -53.8509], [-73.0186, -53.8489], [-73.0289, -53.8416]]], [[[-73.2921, -53.8265], [-73.3055, -53.8271], [-73.3141, -53.83], [-73.3234, -53.84], [-73.3049, -53.8389], [-73.2921, -53.8265]]], [[[-73.3348, -53.8226], [-73.3415, -53.8284], [-73.3661, -53.8386], [-73.3526, -53.8399], [-73.3362, -53.8327], [-73.3348, -53.8226]]], [[[-72.0906, -53.8207], [-72.1077, -53.821], [-72.1285, -53.8254], [-72.1508, -53.8276], [-72.1617, -53.8446], [-72.19, -53.8482], [-72.1914, -53.8555], [-72.1863, -53.8646], [-72.212, -53.8735], [-72.2176, -53.88], [-72.1934, -53.8938], [-72.1764, -53.899], [-72.1403, -53.9148], [-72.1204, -53.9166], [-72.1152, -53.9221], [-72.0956, -53.9086], [-72.0716, -53.8962], [-72.0722, -53.8906], [-72.0548, -53.8797], [-72.0653, -53.875], [-72.0704, -53.8561], [-72.0591, -53.8519], [-72.0555, -53.8412], [-72.0459, -53.8345], [-72.0524, -53.8257], [-72.0906, -53.8207]]], [[[-73.1505, -53.8078], [-73.155, -53.8141], [-73.1389, -53.8165], [-73.1001, -53.8187], [-73.1108, -53.81], [-73.1381, -53.8105], [-73.1505, -53.8078]]], [[[-73.2422, -53.8034], [-73.2573, -53.8044], [-73.289, -53.8105], [-73.3072, -53.8207], [-73.2963, -53.8253], [-73.2906, -53.8258], [-73.287, -53.8294], [-73.2805, -53.8262], [-73.2642, -53.8359], [-73.2865, -53.8415], [-73.2862, -53.8501], [-73.2995, -53.8506], [-73.3093, -53.8591], [-73.2905, -53.8678], [-73.2747, -53.8646], [-73.267, -53.8554], [-73.2448, -53.8581], [-73.2427, -53.8644], [-73.2236, -53.8528], [-73.1991, -53.8511], [-73.1759, -53.8431], [-73.1779, -53.8518], [-73.1873, -53.8599], [-73.1902, -53.8687], [-73.2012, -53.8664], [-73.2086, -53.8705], [-73.1944, -53.8803], [-73.2142, -53.8835], [-73.2093, -53.8962], [-73.2121, -53.9072], [-73.197, -53.9069], [-73.1819, -53.9002], [-73.1755, -53.9027], [-73.1407, -53.8946], [-73.1362, -53.9005], [-73.117, -53.9001], [-73.1038, -53.8938], [-73.0934, -53.9021], [-73.0771, -53.9043], [-73.0714, -53.8886], [-73.0808, -53.8764], [-73.0702, -53.8703], [-73.0771, -53.8632], [-73.0708, -53.8541], [-73.0816, -53.8485], [-73.0847, -53.8391], [-73.0699, -53.8362], [-73.0705, -53.83], [-73.0808, -53.8249], [-73.1124, -53.8199], [-73.1444, -53.8167], [-73.1566, -53.8185], [-73.1731, -53.8145], [-73.194, -53.8154], [-73.2143, -53.8119], [-73.2409, -53.813], [-73.2422, -53.8034]]], [[[-73.3943, -53.7685], [-73.4019, -53.7691], [-73.4049, -53.7795], [-73.3917, -53.7825], [-73.3627, -53.7769], [-73.3916, -53.7735], [-73.3943, -53.7685]]], [[[-73.1347, -53.7669], [-73.1536, -53.7703], [-73.1434, -53.7778], [-73.1209, -53.7765], [-73.1347, -53.7669]]], [[[-73.1953, -53.7608], [-73.2185, -53.7638], [-73.2099, -53.7732], [-73.1998, -53.7697], [-73.1953, -53.7608]]], [[[-73.5176, -53.7499], [-73.5317, -53.7595], [-73.5195, -53.7628], [-73.5098, -53.7596], [-73.5176, -53.7499]]], [[[-73.5412, -53.7391], [-73.5529, -53.7485], [-73.5619, -53.7509], [-73.5636, -53.761], [-73.5433, -53.7512], [-73.5412, -53.7391]]], [[[-73.5002, -53.733], [-73.517, -53.7395], [-73.5133, -53.7447], [-73.4952, -53.7506], [-73.4814, -53.7462], [-73.4787, -53.7348], [-73.5002, -53.733]]], [[[-73.2388, -53.7326], [-73.2568, -53.7379], [-73.2652, -53.7358], [-73.283, -53.7383], [-73.2771, -53.7436], [-73.2506, -53.7405], [-73.2388, -53.7326]]], [[[-72.1019, -53.7269], [-72.107, -53.7306], [-72.1075, -53.7416], [-72.0946, -53.755], [-72.0657, -53.7571], [-72.0874, -53.7344], [-72.1004, -53.7339], [-72.1019, -53.7269]]], [[[-72.1457, -53.7218], [-72.1704, -53.725], [-72.1696, -53.7354], [-72.1556, -53.7389], [-72.1456, -53.7373], [-72.123, -53.7422], [-72.1109, -53.7364], [-72.1275, -53.7316], [-72.1315, -53.7225], [-72.1457, -53.7218]]], [[[-73.6814, -53.7098], [-73.7025, -53.717], [-73.7007, -53.7228], [-73.6787, -53.7156], [-73.6814, -53.7098]]], [[[-73.006, -53.7077], [-73.0116, -53.7129], [-72.9876, -53.7168], [-72.9866, -53.7109], [-73.006, -53.7077]]], [[[-73.1387, -53.6985], [-73.1544, -53.6995], [-73.1599, -53.709], [-73.1442, -53.7131], [-73.1387, -53.6985]]], [[[-73.2765, -53.6959], [-73.3014, -53.7008], [-73.3077, -53.7041], [-73.3023, -53.7122], [-73.2931, -53.7102], [-73.2765, -53.6959]]], [[[-73.1657, -53.6875], [-73.1745, -53.6982], [-73.1974, -53.7195], [-73.1916, -53.7251], [-73.222, -53.7456], [-73.211, -53.7489], [-73.1892, -53.7431], [-73.1653, -53.7295], [-73.1597, -53.7191], [-73.168, -53.7136], [-73.1614, -53.6975], [-73.1657, -53.6875]]], [[[-73.2701, -53.6857], [-73.3068, -53.6908], [-73.2934, -53.6962], [-73.2619, -53.6896], [-73.2701, -53.6857]]], [[[-73.6971, -53.6843], [-73.712, -53.6918], [-73.6989, -53.6967], [-73.6923, -53.6892], [-73.6971, -53.6843]]], [[[-73.4338, -53.6823], [-73.458, -53.6874], [-73.4601, -53.6935], [-73.4832, -53.7046], [-73.4886, -53.6986], [-73.5135, -53.7104], [-73.5023, -53.7265], [-73.4935, -53.7284], [-73.4753, -53.7205], [-73.4817, -53.7125], [-73.4519, -53.7124], [-73.4453, -53.704], [-73.4244, -53.6949], [-73.4233, -53.688], [-73.4338, -53.6823]]], [[[-73.2069, -53.6818], [-73.2155, -53.6826], [-73.2344, -53.6932], [-73.2503, -53.6917], [-73.2812, -53.7099], [-73.2776, -53.715], [-73.229, -53.7117], [-73.2023, -53.6966], [-73.2017, -53.7044], [-73.2129, -53.7091], [-73.2146, -53.7149], [-73.2352, -53.7153], [-73.249, -53.7194], [-73.2858, -53.7235], [-73.2389, -53.7301], [-73.2234, -53.7243], [-73.2025, -53.7128], [-73.1918, -53.7013], [-73.1786, -53.6972], [-73.1698, -53.6875], [-73.1811, -53.684], [-73.2069, -53.6818]]], [[[-73.4565, -53.6788], [-73.4714, -53.6809], [-73.4779, -53.6913], [-73.4714, -53.6932], [-73.4565, -53.6788]]], [[[-73.23, -53.6685], [-73.2434, -53.671], [-73.2785, -53.6707], [-73.2764, -53.6812], [-73.248, -53.6821], [-73.2313, -53.6798], [-73.2203, -53.674], [-73.23, -53.6685]]], [[[-73.3785, -53.6444], [-73.3987, -53.6527], [-73.4012, -53.658], [-73.3919, -53.6666], [-73.3787, -53.6651], [-73.3717, -53.6722], [-73.3567, -53.6705], [-73.3629, -53.6603], [-73.3789, -53.6508], [-73.3785, -53.6444]]], [[[-73.2784, -53.6413], [-73.3039, -53.6557], [-73.306, -53.661], [-73.2764, -53.6635], [-73.2519, -53.6622], [-73.2633, -53.6472], [-73.2784, -53.6413]]], [[[-73.6501, -53.6421], [-73.6442, -53.6565], [-73.6473, -53.6634], [-73.6606, -53.6642], [-73.6637, -53.6733], [-73.6605, -53.6837], [-73.6446, -53.6736], [-73.633, -53.6568], [-73.6185, -53.6515], [-73.6352, -53.6448], [-73.6501, -53.6421]]], [[[-73.422, -53.641], [-73.4331, -53.6472], [-73.4225, -53.6554], [-73.4129, -53.653], [-73.4057, -53.6448], [-73.422, -53.641]]], [[[-73.3447, -53.6363], [-73.3588, -53.6491], [-73.3545, -53.6556], [-73.3327, -53.6628], [-73.3217, -53.6586], [-73.3194, -53.6476], [-73.332, -53.6444], [-73.3447, -53.6363]]], [[[-73.6078, -53.6265], [-73.6218, -53.6271], [-73.6514, -53.6344], [-73.6302, -53.6448], [-73.6152, -53.6452], [-73.5955, -53.6323], [-73.6078, -53.6265]]], [[[-73.5555, -53.6131], [-73.5671, -53.625], [-73.564, -53.6301], [-73.5746, -53.6405], [-73.5863, -53.6461], [-73.5579, -53.6499], [-73.5515, -53.6448], [-73.5317, -53.6425], [-73.5293, -53.6357], [-73.5062, -53.6263], [-73.4994, -53.6185], [-73.5369, -53.6138], [-73.5468, -53.6157], [-73.548, -53.6171], [-73.5522, -53.6144], [-73.5555, -53.6131]]], [[[-73.5548, -53.6004], [-73.5641, -53.6047], [-73.5555, -53.6121], [-73.5504, -53.6152], [-73.5464, -53.6129], [-73.5392, -53.6132], [-73.5339, -53.6024], [-73.5467, -53.6041], [-73.5548, -53.6004]]], [[[-73.7284, -53.592], [-73.7365, -53.5922], [-73.7464, -53.5996], [-73.7406, -53.6118], [-73.7267, -53.6194], [-73.727, -53.6265], [-73.711, -53.629], [-73.6975, -53.6094], [-73.6971, -53.6046], [-73.7193, -53.5924], [-73.7284, -53.592]]], [[[-73.4071, -53.5889], [-73.4224, -53.5945], [-73.4335, -53.6044], [-73.4303, -53.6114], [-73.4479, -53.6127], [-73.4506, -53.6192], [-73.4226, -53.614], [-73.4304, -53.626], [-73.4427, -53.6295], [-73.4592, -53.629], [-73.4706, -53.6248], [-73.4859, -53.6319], [-73.4681, -53.6364], [-73.4772, -53.6418], [-73.4523, -53.647], [-73.4133, -53.6354], [-73.4155, -53.6268], [-73.4088, -53.6215], [-73.3899, -53.6207], [-73.3585, -53.6376], [-73.3479, -53.6352], [-73.3684, -53.6132], [-73.358, -53.6124], [-73.357, -53.6216], [-73.3413, -53.632], [-73.3174, -53.6427], [-73.2914, -53.6459], [-73.2782, -53.6377], [-73.2918, -53.624], [-73.3012, -53.6245], [-73.306, -53.6155], [-73.3394, -53.6057], [-73.3537, -53.603], [-73.4071, -53.5889]]], [[[-73.5185, -53.5771], [-73.5313, -53.5812], [-73.5269, -53.59], [-73.5336, -53.5938], [-73.5109, -53.6007], [-73.5053, -53.5991], [-73.5106, -53.5858], [-73.5185, -53.5771]]], [[[-73.3115, -53.5771], [-73.3084, -53.5925], [-73.2986, -53.5885], [-73.3115, -53.5771]]], [[[-73.7614, -53.5758], [-73.7718, -53.5825], [-73.7555, -53.5901], [-73.7436, -53.5837], [-73.7614, -53.5758]]], [[[-73.2497, -53.5695], [-73.2688, -53.571], [-73.2686, -53.5791], [-73.2461, -53.575], [-73.2497, -53.5695]]], [[[-73.6486, -53.5675], [-73.6587, -53.5725], [-73.6433, -53.5806], [-73.6344, -53.5717], [-73.6486, -53.5675]]], [[[-70.4759, -53.5658], [-70.4922, -53.5648], [-70.512, -53.57], [-70.5368, -53.5676], [-70.5448, -53.5762], [-70.5457, -53.5853], [-70.5403, -53.594], [-70.5427, -53.6003], [-70.5571, -53.6145], [-70.5578, -53.619], [-70.5855, -53.6388], [-70.5975, -53.65], [-70.6062, -53.6527], [-70.6419, -53.671], [-70.6614, -53.6861], [-70.705, -53.6917], [-70.7123, -53.6984], [-70.7046, -53.7047], [-70.7068, -53.7111], [-70.6992, -53.7266], [-70.7035, -53.7349], [-70.7009, -53.7475], [-70.7096, -53.7576], [-70.712, -53.776], [-70.7041, -53.7836], [-70.6675, -53.7985], [-70.6405, -53.8079], [-70.6229, -53.8107], [-70.6011, -53.8244], [-70.6058, -53.8369], [-70.6005, -53.8434], [-70.6083, -53.8533], [-70.6078, -53.8605], [-70.6191, -53.8725], [-70.6495, -53.8695], [-70.6721, -53.8529], [-70.6841, -53.8484], [-70.7173, -53.8429], [-70.7609, -53.8277], [-70.7843, -53.8239], [-70.7902, -53.8308], [-70.8051, -53.8356], [-70.8251, -53.8345], [-70.8607, -53.8355], [-70.873, -53.8482], [-70.8513, -53.8536], [-70.8517, -53.8645], [-70.857, -53.8691], [-70.8807, -53.8711], [-70.8813, -53.8782], [-70.9019, -53.8776], [-70.9083, -53.8867], [-70.8986, -53.8933], [-70.8868, -53.8946], [-70.878, -53.9018], [-70.8582, -53.9243], [-70.8469, -53.9345], [-70.855, -53.9381], [-70.8726, -53.9237], [-70.8891, -53.9206], [-70.9018, -53.9338], [-70.8803, -53.9797], [-70.8701, -53.9867], [-70.8776, -53.9922], [-70.8715, -54.0117], [-70.8747, -54.0275], [-70.8687, -54.0392], [-70.8759, -54.0562], [-70.8814, -54.0606], [-70.8741, -54.0723], [-70.8571, -54.0837], [-70.8335, -54.0868], [-70.8202, -54.0915], [-70.7924, -54.0953], [-70.7972, -54.1066], [-70.8155, -54.1036], [-70.8357, -54.1062], [-70.8435, -54.1111], [-70.8443, -54.1194], [-70.8078, -54.1328], [-70.7704, -54.1518], [-70.7574, -54.1604], [-70.7122, -54.183], [-70.6906, -54.1954], [-70.6308, -54.2136], [-70.6118, -54.2127], [-70.596, -54.2198], [-70.5404, -54.2399], [-70.4892, -54.2521], [-70.4756, -54.247], [-70.4881, -54.2404], [-70.4984, -54.229], [-70.4962, -54.2233], [-70.5102, -54.2183], [-70.5188, -54.2108], [-70.5308, -54.2074], [-70.5309, -54.2009], [-70.5212, -54.1941], [-70.5054, -54.1924], [-70.4971, -54.2039], [-70.4833, -54.2167], [-70.4827, -54.2355], [-70.4734, -54.2356], [-70.4588, -54.2462], [-70.4259, -54.258], [-70.4072, -54.2597], [-70.3976, -54.265], [-70.3867, -54.2639], [-70.3357, -54.2807], [-70.3105, -54.2846], [-70.2759, -54.2874], [-70.2532, -54.2836], [-70.2524, -54.2774], [-70.2417, -54.2748], [-70.2357, -54.2567], [-70.2189, -54.2505], [-70.2174, -54.2364], [-70.2279, -54.235], [-70.2312, -54.2219], [-70.2447, -54.2181], [-70.2767, -54.2301], [-70.2693, -54.2119], [-70.2927, -54.2057], [-70.2876, -54.1998], [-70.2992, -54.1944], [-70.325, -54.195], [-70.3418, -54.192], [-70.3491, -54.198], [-70.3602, -54.1997], [-70.3597, -54.1885], [-70.3812, -54.1791], [-70.4008, -54.1785], [-70.4668, -54.1498], [-70.4891, -54.1425], [-70.5154, -54.14], [-70.5306, -54.1314], [-70.5531, -54.124], [-70.5714, -54.1207], [-70.5743, -54.1142], [-70.5876, -54.1111], [-70.5808, -54.1043], [-70.5543, -54.1137], [-70.5454, -54.1051], [-70.5525, -54.0883], [-70.5497, -54.0812], [-70.5501, -54.0634], [-70.5578, -54.0527], [-70.5611, -54.0388], [-70.567, -54.032], [-70.5918, -54.0186], [-70.6106, -54.0113], [-70.6218, -54.0041], [-70.6204, -53.9969], [-70.6392, -53.9878], [-70.6498, -53.9765], [-70.6626, -53.9713], [-70.6708, -53.9618], [-70.6637, -53.9555], [-70.663, -53.9436], [-70.6798, -53.9287], [-70.6678, -53.9228], [-70.6486, -53.9341], [-70.6276, -53.9529], [-70.6096, -53.9636], [-70.5945, -53.9675], [-70.5592, -53.9837], [-70.5453, -53.9974], [-70.5007, -54.0271], [-70.4899, -54.0362], [-70.4446, -54.0589], [-70.4391, -54.053], [-70.3977, -54.0487], [-70.3723, -54.048], [-70.3575, -54.0342], [-70.3467, -54.0329], [-70.3347, -54.022], [-70.3318, -54.01], [-70.3394, -54.0047], [-70.3408, -53.9945], [-70.3516, -53.9852], [-70.3727, -53.9841], [-70.3607, -53.9759], [-70.3615, -53.9681], [-70.376, -53.9539], [-70.4445, -53.8983], [-70.4534, -53.8804], [-70.4471, -53.8768], [-70.426, -53.8772], [-70.4156, -53.8741], [-70.4186, -53.8633], [-70.4478, -53.8419], [-70.4509, -53.8361], [-70.4306, -53.8312], [-70.447, -53.8158], [-70.4242, -53.8103], [-70.4126, -53.8017], [-70.4337, -53.7932], [-70.4431, -53.7864], [-70.4466, -53.7716], [-70.4546, -53.7585], [-70.45, -53.754], [-70.46, -53.7399], [-70.4653, -53.7065], [-70.4762, -53.6837], [-70.4799, -53.6645], [-70.4753, -53.6583], [-70.4694, -53.638], [-70.4673, -53.6176], [-70.4603, -53.6017], [-70.4624, -53.578], [-70.4759, -53.5658]]], [[[-72.4123, -53.5616], [-72.4304, -53.5648], [-72.4267, -53.5743], [-72.429, -53.5839], [-72.4214, -53.5954], [-72.41, -53.5997], [-72.4087, -53.6183], [-72.3731, -53.6372], [-72.3728, -53.6463], [-72.366, -53.653], [-72.3396, -53.6576], [-72.3258, -53.669], [-72.3051, -53.6729], [-72.2856, -53.6742], [-72.2523, -53.6553], [-72.2585, -53.6467], [-72.2549, -53.6397], [-72.2688, -53.6244], [-72.2838, -53.6227], [-72.3071, -53.6275], [-72.3143, -53.6253], [-72.2957, -53.6092], [-72.2983, -53.6038], [-72.32, -53.5985], [-72.322, -53.5955], [-72.3656, -53.5821], [-72.382, -53.5711], [-72.405, -53.5702], [-72.4123, -53.5616]]], [[[-73.5678, -53.5572], [-73.5808, -53.5601], [-73.5718, -53.5699], [-73.5603, -53.5732], [-73.5725, -53.5889], [-73.5593, -53.592], [-73.5511, -53.5886], [-73.5573, -53.5816], [-73.5491, -53.5715], [-73.5499, -53.5637], [-73.5678, -53.5572]]], [[[-73.3562, -53.5538], [-73.373, -53.5564], [-73.36, -53.5642], [-73.3562, -53.5538]]], [[[-73.694, -53.5312], [-73.7038, -53.5353], [-73.6824, -53.5504], [-73.67, -53.5428], [-73.6884, -53.5314], [-73.694, -53.5312]]], [[[-73.7498, -53.518], [-73.7976, -53.5241], [-73.8128, -53.5228], [-73.8316, -53.5338], [-73.8343, -53.5443], [-73.851, -53.5472], [-73.8589, -53.5377], [-73.8744, -53.5483], [-73.887, -53.5467], [-73.8924, -53.5574], [-73.8536, -53.5643], [-73.8501, -53.571], [-73.8333, -53.5752], [-73.8244, -53.5696], [-73.8143, -53.5754], [-73.831, -53.5912], [-73.8533, -53.5943], [-73.8562, -53.6051], [-73.8237, -53.607], [-73.8199, -53.6013], [-73.8059, -53.6045], [-73.7833, -53.5992], [-73.7912, -53.5829], [-73.7778, -53.5687], [-73.7876, -53.5533], [-73.7759, -53.5547], [-73.767, -53.5692], [-73.7478, -53.5759], [-73.7407, -53.5738], [-73.6936, -53.6039], [-73.6819, -53.6046], [-73.6624, -53.5973], [-73.6524, -53.5869], [-73.6735, -53.5743], [-73.6626, -53.5707], [-73.6564, -53.5633], [-73.6765, -53.5549], [-73.7092, -53.5441], [-73.7498, -53.518]]], [[[-72.7553, -53.4903], [-72.767, -53.4919], [-72.7689, -53.4997], [-72.7523, -53.4961], [-72.7553, -53.4903]]], [[[-73.8388, -53.4702], [-73.8591, -53.4703], [-73.8651, -53.4805], [-73.8604, -53.4932], [-73.8454, -53.4907], [-73.8474, -53.5102], [-73.8243, -53.5209], [-73.798, -53.5216], [-73.7722, -53.5138], [-73.7759, -53.5064], [-73.7884, -53.5129], [-73.7949, -53.51], [-73.795, -53.4948], [-73.8191, -53.4886], [-73.8255, -53.4757], [-73.8388, -53.4702]]], [[[-73.2082, -53.4581], [-73.1952, -53.4674], [-73.1903, -53.4625], [-73.2082, -53.4581]]], [[[-73.3026, -53.4488], [-73.321, -53.4597], [-73.3147, -53.4666], [-73.294, -53.4688], [-73.2944, -53.4549], [-73.3026, -53.4488]]], [[[-73.2792, -53.4415], [-73.2856, -53.4567], [-73.267, -53.4651], [-73.2586, -53.4733], [-73.2357, -53.4778], [-73.2248, -53.4692], [-73.2458, -53.4501], [-73.2599, -53.4445], [-73.2792, -53.4415]]], [[[-73.2642, -53.4303], [-73.249, -53.4391], [-73.236, -53.4415], [-73.2156, -53.449], [-73.2218, -53.436], [-73.2346, -53.4357], [-73.2642, -53.4303]]], [[[-73.3684, -53.4268], [-73.3796, -53.4343], [-73.3783, -53.4457], [-73.3846, -53.4526], [-73.3686, -53.4583], [-73.3402, -53.4614], [-73.3291, -53.4561], [-73.3342, -53.4478], [-73.3217, -53.4423], [-73.3302, -53.4368], [-73.3508, -53.4383], [-73.3684, -53.4268]]], [[[-73.7429, -53.4105], [-73.7487, -53.4184], [-73.7361, -53.4269], [-73.7428, -53.4342], [-73.7144, -53.4443], [-73.698, -53.4319], [-73.697, -53.4233], [-73.7265, -53.4092], [-73.7429, -53.4105]]], [[[-73.8762, -53.4051], [-73.8929, -53.4131], [-73.8867, -53.424], [-73.8881, -53.4317], [-73.8608, -53.4319], [-73.8506, -53.4364], [-73.8488, -53.443], [-73.8335, -53.4478], [-73.826, -53.4397], [-73.8312, -53.4326], [-73.8288, -53.4217], [-73.8194, -53.4188], [-73.8125, -53.4095], [-73.8264, -53.4057], [-73.8559, -53.4078], [-73.8762, -53.4051]]], [[[-73.1723, -53.4044], [-73.1805, -53.4057], [-73.2005, -53.422], [-73.1892, -53.4251], [-73.164, -53.4206], [-73.1445, -53.4089], [-73.1723, -53.4044]]], [[[-73.6695, -53.3899], [-73.6857, -53.3969], [-73.6843, -53.4047], [-73.6736, -53.4131], [-73.6546, -53.4193], [-73.644, -53.42], [-73.6198, -53.4133], [-73.6231, -53.4022], [-73.6513, -53.3974], [-73.6695, -53.3899]]], [[[-73.7519, -53.3902], [-73.75, -53.4002], [-73.7389, -53.3968], [-73.7519, -53.3902]]], [[[-73.5829, -53.3838], [-73.5917, -53.3899], [-73.5887, -53.4035], [-73.582, -53.4115], [-73.6054, -53.4195], [-73.5904, -53.4223], [-73.5928, -53.4359], [-73.5831, -53.4372], [-73.569, -53.4504], [-73.5471, -53.4493], [-73.4981, -53.4579], [-73.503, -53.4655], [-73.5156, -53.4679], [-73.5421, -53.4684], [-73.5654, -53.4592], [-73.5764, -53.4605], [-73.5877, -53.467], [-73.6202, -53.4633], [-73.6265, -53.4532], [-73.6471, -53.4549], [-73.653, -53.4606], [-73.6444, -53.4809], [-73.6071, -53.4905], [-73.5876, -53.4853], [-73.5862, -53.4931], [-73.5727, -53.5015], [-73.563, -53.5036], [-73.541, -53.5023], [-73.5354, -53.5112], [-73.5388, -53.5171], [-73.5249, -53.5199], [-73.5232, -53.5261], [-73.4985, -53.5297], [-73.5037, -53.5349], [-73.5331, -53.5342], [-73.5483, -53.5317], [-73.5756, -53.5104], [-73.5883, -53.5093], [-73.606, -53.5016], [-73.6259, -53.507], [-73.6515, -53.5072], [-73.6587, -53.5001], [-73.6676, -53.5028], [-73.6789, -53.4912], [-73.7065, -53.482], [-73.725, -53.4665], [-73.7263, -53.4595], [-73.7451, -53.4471], [-73.7605, -53.4504], [-73.7675, -53.4402], [-73.7857, -53.4308], [-73.8016, -53.428], [-73.8165, -53.4315], [-73.819, -53.4393], [-73.8067, -53.4496], [-73.7921, -53.4437], [-73.785, -53.4646], [-73.7678, -53.4685], [-73.7786, -53.4735], [-73.7942, -53.4688], [-73.8026, -53.4776], [-73.781, -53.4886], [-73.7619, -53.4923], [-73.7547, -53.5005], [-73.742, -53.4964], [-73.7329, -53.5031], [-73.749, -53.5056], [-73.7276, -53.521], [-73.7109, -53.5251], [-73.7056, -53.5197], [-73.6901, -53.526], [-73.6638, -53.5207], [-73.6717, -53.5304], [-73.6576, -53.5424], [-73.6582, -53.5551], [-73.6417, -53.5588], [-73.6343, -53.5654], [-73.6177, -53.5705], [-73.6223, -53.5512], [-73.5953, -53.5588], [-73.58, -53.5538], [-73.5308, -53.566], [-73.5147, -53.5661], [-73.5095, -53.5604], [-73.4887, -53.5835], [-73.4892, -53.5942], [-73.4988, -53.6058], [-73.492, -53.6097], [-73.4628, -53.6085], [-73.4485, -53.605], [-73.4392, -53.5966], [-73.4171, -53.5877], [-73.413, -53.5793], [-73.3833, -53.593], [-73.3612, -53.5962], [-73.3282, -53.5809], [-73.3355, -53.5725], [-73.3485, -53.5715], [-73.3761, -53.5623], [-73.379, -53.5559], [-73.3666, -53.5544], [-73.3591, -53.5445], [-73.3683, -53.5385], [-73.3725, -53.5255], [-73.3858, -53.5231], [-73.3906, -53.5115], [-73.3992, -53.508], [-73.4196, -53.4848], [-73.4319, -53.4792], [-73.4527, -53.48], [-73.4662, -53.4873], [-73.4687, -53.4938], [-73.4599, -53.5037], [-73.4734, -53.5065], [-73.4913, -53.5031], [-73.5108, -53.4961], [-73.4974, -53.4924], [-73.4825, -53.4995], [-73.4818, -53.4904], [-73.4608, -53.4769], [-73.4444, -53.4586], [-73.4298, -53.4511], [-73.4153, -53.4517], [-73.4127, -53.4465], [-73.386, -53.4317], [-73.3794, -53.4322], [-73.3691, -53.4232], [-73.3696, -53.4181], [-73.3848, -53.417], [-73.3984, -53.4089], [-73.3963, -53.4031], [-73.4216, -53.3996], [-73.4298, -53.4027], [-73.4472, -53.3929], [-73.4586, -53.3942], [-73.4892, -53.3921], [-73.5124, -53.4058], [-73.5, -53.4097], [-73.5036, -53.417], [-73.4907, -53.4213], [-73.4938, -53.4266], [-73.5134, -53.413], [-73.5289, -53.4098], [-73.5444, -53.4021], [-73.5553, -53.3998], [-73.5502, -53.3915], [-73.5605, -53.3865], [-73.5829, -53.3838]]], [[[-73.5527, -53.3801], [-73.5594, -53.3822], [-73.5428, -53.3935], [-73.5324, -53.3885], [-73.5527, -53.3801]]], [[[-73.0398, -53.3751], [-73.066, -53.3805], [-73.078, -53.3796], [-73.0866, -53.3865], [-73.1217, -53.3976], [-73.1377, -53.3954], [-73.1579, -53.389], [-73.1718, -53.401], [-73.1573, -53.402], [-73.1415, -53.4085], [-73.1611, -53.4242], [-73.1574, -53.4334], [-73.1427, -53.4381], [-73.1133, -53.4396], [-73.1346, -53.453], [-73.1233, -53.4614], [-73.1285, -53.4697], [-73.1157, -53.4703], [-73.1127, -53.4797], [-73.1237, -53.4804], [-73.1286, -53.4887], [-73.1044, -53.4994], [-73.088, -53.5006], [-73.0838, -53.5084], [-73.0647, -53.5181], [-73.0521, -53.5192], [-73.0463, -53.5243], [-73.0313, -53.5268], [-73.0343, -53.5345], [-73.0496, -53.5313], [-73.0563, -53.5243], [-73.0825, -53.5228], [-73.0992, -53.5135], [-73.1111, -53.513], [-73.114, -53.5052], [-73.1419, -53.4914], [-73.1733, -53.4908], [-73.1747, -53.4827], [-73.1883, -53.4789], [-73.1942, -53.4827], [-73.2156, -53.4864], [-73.2202, -53.4955], [-73.2022, -53.508], [-73.2238, -53.5104], [-73.2244, -53.5042], [-73.238, -53.5016], [-73.2573, -53.4906], [-73.2611, -53.4998], [-73.2835, -53.4816], [-73.305, -53.4738], [-73.3254, -53.4745], [-73.3436, -53.467], [-73.3607, -53.4643], [-73.3643, -53.4694], [-73.3815, -53.4637], [-73.4027, -53.4694], [-73.4197, -53.461], [-73.4244, -53.4664], [-73.4083, -53.4849], [-73.3879, -53.5016], [-73.3685, -53.523], [-73.3616, -53.5361], [-73.3514, -53.5484], [-73.3265, -53.5529], [-73.3276, -53.5604], [-73.3164, -53.5663], [-73.3057, -53.5672], [-73.2898, -53.5613], [-73.2897, -53.5704], [-73.2817, -53.5731], [-73.2356, -53.561], [-73.2402, -53.5554], [-73.2222, -53.5527], [-73.1987, -53.558], [-73.1906, -53.565], [-73.2129, -53.5653], [-73.2179, -53.5738], [-73.2328, -53.5747], [-73.2521, -53.5843], [-73.2692, -53.5845], [-73.2695, -53.5959], [-73.262, -53.6069], [-73.2634, -53.6176], [-73.2501, -53.6226], [-73.2424, -53.6361], [-73.2288, -53.639], [-73.2162, -53.6373], [-73.2013, -53.6292], [-73.1769, -53.6121], [-73.1754, -53.628], [-73.1938, -53.6319], [-73.1976, -53.6373], [-73.1905, -53.6435], [-73.1744, -53.6448], [-73.1547, -53.6421], [-73.1115, -53.6438], [-73.095, -53.635], [-73.0931, -53.6235], [-73.0742, -53.6123], [-73.0635, -53.6117], [-73.0581, -53.6049], [-73.0437, -53.6008], [-73.0427, -53.5937], [-73.0757, -53.5882], [-73.0829, -53.5894], [-73.0941, -53.5822], [-73.0828, -53.5755], [-73.0721, -53.5769], [-73.0535, -53.5852], [-73.0341, -53.5891], [-73.0219, -53.5853], [-73.031, -53.5779], [-73.0069, -53.576], [-73.0112, -53.5843], [-73.0257, -53.5968], [-73.0437, -53.6079], [-73.0423, -53.6132], [-73.0659, -53.6198], [-73.0698, -53.6316], [-73.0834, -53.6325], [-73.0851, -53.6407], [-73.097, -53.6514], [-73.0889, -53.6538], [-73.0745, -53.6515], [-73.0734, -53.6422], [-73.0571, -53.6433], [-73.0519, -53.6488], [-73.0398, -53.6485], [-73.0183, -53.6412], [-72.9973, -53.6474], [-72.9672, -53.6463], [-72.9627, -53.6399], [-72.9721, -53.6337], [-72.9758, -53.6215], [-72.9651, -53.6155], [-72.9598, -53.6262], [-72.9455, -53.6326], [-72.9312, -53.6458], [-72.9453, -53.653], [-72.9432, -53.66], [-72.9498, -53.6657], [-72.9672, -53.6604], [-72.9931, -53.6672], [-73.0125, -53.6659], [-73.0277, -53.6707], [-73.0294, -53.6601], [-73.0371, -53.6586], [-73.0607, -53.6657], [-73.0564, -53.6725], [-73.078, -53.6721], [-73.092, -53.6665], [-73.1018, -53.6718], [-73.1163, -53.6745], [-73.147, -53.6766], [-73.1712, -53.6763], [-73.1668, -53.6842], [-73.1542, -53.6841], [-73.145, -53.6905], [-73.1252, -53.6842], [-73.1199, -53.6946], [-73.0932, -53.6985], [-73.077, -53.6938], [-73.0744, -53.6895], [-73.0403, -53.6999], [-73.0072, -53.7008], [-72.9925, -53.7073], [-72.9828, -53.704], [-72.97, -53.7097], [-72.9621, -53.7088], [-72.9513, -53.7182], [-72.9338, -53.7182], [-72.9223, -53.7264], [-72.8941, -53.732], [-72.8858, -53.7303], [-72.8642, -53.7337], [-72.8587, -53.7213], [-72.8655, -53.7092], [-72.8501, -53.7098], [-72.8558, -53.7178], [-72.8505, -53.7227], [-72.8381, -53.7172], [-72.8474, -53.7061], [-72.8431, -53.7007], [-72.8251, -53.6993], [-72.8383, -53.7257], [-72.8308, -53.7394], [-72.8163, -53.7398], [-72.8154, -53.7462], [-72.8595, -53.7415], [-72.874, -53.746], [-72.8866, -53.7457], [-72.8925, -53.7384], [-72.9165, -53.7385], [-72.9208, -53.736], [-72.9556, -53.7309], [-72.9832, -53.7285], [-73.0049, -53.72], [-73.02, -53.7201], [-73.0265, -53.7157], [-73.04, -53.7162], [-73.0679, -53.711], [-73.0916, -53.713], [-73.0973, -53.7238], [-73.0772, -53.7271], [-73.0641, -53.7238], [-73.0665, -53.7381], [-73.0928, -53.7438], [-73.1025, -53.7612], [-73.1126, -53.7664], [-73.1026, -53.7769], [-73.1057, -53.7838], [-73.082, -53.7881], [-73.0131, -53.7908], [-72.986, -53.7784], [-72.969, -53.7747], [-72.9637, -53.7667], [-72.9246, -53.7596], [-72.9254, -53.7645], [-72.9072, -53.7665], [-72.9025, -53.76], [-72.8761, -53.7566], [-72.8808, -53.7664], [-72.9159, -53.777], [-72.9505, -53.7761], [-72.9797, -53.7845], [-72.9877, -53.797], [-73.0203, -53.7992], [-73.0267, -53.8074], [-73.0485, -53.812], [-73.0545, -53.8177], [-73.0457, -53.8238], [-73.0327, -53.8154], [-73.0204, -53.8249], [-73.0085, -53.8252], [-73.0151, -53.8342], [-73.0017, -53.8373], [-72.9669, -53.8343], [-72.9546, -53.8394], [-72.9366, -53.8381], [-72.9274, -53.8416], [-72.9885, -53.8428], [-73.0051, -53.8482], [-72.9985, -53.8587], [-73.0371, -53.865], [-73.0476, -53.8798], [-73.0438, -53.8896], [-73.0475, -53.9056], [-73.0417, -53.91], [-73.019, -53.9124], [-73.0097, -53.9084], [-73.0068, -53.9], [-72.9909, -53.8979], [-72.9829, -53.8869], [-72.9684, -53.8833], [-72.9516, -53.871], [-72.9482, -53.8815], [-72.9644, -53.8894], [-72.9691, -53.8963], [-72.9495, -53.9047], [-72.9334, -53.9021], [-72.9187, -53.8939], [-72.9009, -53.8903], [-72.8871, -53.8784], [-72.8685, -53.8675], [-72.8498, -53.8476], [-72.8459, -53.8363], [-72.8496, -53.8308], [-72.8424, -53.8128], [-72.8357, -53.8033], [-72.8447, -53.7998], [-72.8338, -53.7929], [-72.8378, -53.786], [-72.8374, -53.7698], [-72.8276, -53.7685], [-72.8228, -53.7781], [-72.8254, -53.789], [-72.8182, -53.79], [-72.8131, -53.7992], [-72.7864, -53.7975], [-72.7846, -53.7856], [-72.7622, -53.7747], [-72.7666, -53.7877], [-72.7789, -53.7917], [-72.7951, -53.8084], [-72.8118, -53.8192], [-72.8267, -53.8395], [-72.829, -53.8497], [-72.8368, -53.8529], [-72.8421, -53.8634], [-72.8515, -53.8684], [-72.8557, -53.8824], [-72.8638, -53.889], [-72.8792, -53.9118], [-72.8969, -53.9162], [-72.8994, -53.9256], [-72.9111, -53.9361], [-72.9259, -53.9393], [-72.9197, -53.9494], [-72.911, -53.9483], [-72.9053, -53.9558], [-72.8745, -53.9569], [-72.8547, -53.951], [-72.8508, -53.9447], [-72.8297, -53.9423], [-72.8182, -53.9366], [-72.8051, -53.9258], [-72.8042, -53.9044], [-72.8218, -53.9015], [-72.8341, -53.8954], [-72.8395, -53.8855], [-72.808, -53.8767], [-72.7954, -53.8713], [-72.7764, -53.8555], [-72.7696, -53.8612], [-72.7848, -53.8717], [-72.7746, -53.8818], [-72.7805, -53.8863], [-72.7972, -53.8879], [-72.7945, -53.8987], [-72.7972, -53.916], [-72.7774, -53.9128], [-72.7548, -53.8981], [-72.7378, -53.8927], [-72.7196, -53.8817], [-72.6972, -53.8754], [-72.6886, -53.8829], [-72.6681, -53.874], [-72.6591, -53.8749], [-72.658, -53.8835], [-72.6761, -53.8836], [-72.6875, -53.8877], [-72.7175, -53.8902], [-72.7443, -53.9037], [-72.756, -53.9134], [-72.7736, -53.9204], [-72.798, -53.9352], [-72.8063, -53.944], [-72.7712, -53.9528], [-72.7613, -53.9591], [-72.7371, -53.9626], [-72.7306, -53.9746], [-72.7126, -53.9756], [-72.7074, -53.9846], [-72.7385, -53.975], [-72.7481, -53.9748], [-72.7563, -53.9667], [-72.7717, -53.9652], [-72.7896, -53.9567], [-72.8097, -53.9544], [-72.8259, -53.9601], [-72.8423, -53.9605], [-72.875, -53.9721], [-72.8785, -53.976], [-72.8673, -53.9831], [-72.8519, -53.9831], [-72.8496, -53.9934], [-72.8349, -53.9894], [-72.8071, -53.989], [-72.7901, -54.004], [-72.8227, -54.0062], [-72.8285, -54.0153], [-72.8491, -54.0065], [-72.865, -54.011], [-72.865, -54.0207], [-72.8458, -54.0259], [-72.8275, -54.0204], [-72.8108, -54.0244], [-72.8152, -54.0312], [-72.7983, -54.0367], [-72.7871, -54.0314], [-72.771, -54.036], [-72.7823, -54.0487], [-72.7623, -54.0528], [-72.7649, -54.0606], [-72.778, -54.0613], [-72.7898, -54.0454], [-72.7968, -54.0463], [-72.8116, -54.0396], [-72.8314, -54.0351], [-72.8562, -54.0332], [-72.8663, -54.0408], [-72.8579, -54.0441], [-72.8365, -54.0465], [-72.8376, -54.051], [-72.8173, -54.0537], [-72.8218, -54.0583], [-72.8483, -54.0509], [-72.889, -54.0415], [-72.9082, -54.0466], [-72.933, -54.0421], [-72.9322, -54.0338], [-72.9496, -54.0287], [-72.9577, -54.032], [-72.9755, -54.0258], [-72.9798, -54.0368], [-72.9644, -54.0537], [-72.9472, -54.0532], [-72.9258, -54.0572], [-72.9225, -54.053], [-72.9013, -54.0567], [-72.9003, -54.063], [-72.8819, -54.059], [-72.8698, -54.0672], [-72.8619, -54.0666], [-72.8112, -54.0783], [-72.809, -54.0817], [-72.7882, -54.085], [-72.7916, -54.0923], [-72.83, -54.0786], [-72.8505, -54.0759], [-72.8733, -54.0698], [-72.8819, -54.0752], [-72.8897, -54.0686], [-72.936, -54.0656], [-72.9507, -54.0712], [-72.9709, -54.0734], [-72.9889, -54.0707], [-73.0128, -54.0739], [-73.0199, -54.0695], [-73.0433, -54.0794], [-73.0523, -54.0776], [-73.0686, -54.086], [-73.069, -54.0924], [-73.0548, -54.1006], [-73.0386, -54.1059], [-73.0211, -54.099], [-73.0153, -54.103], [-72.9893, -54.1078], [-72.9778, -54.1], [-72.9431, -54.1034], [-72.913, -54.1024], [-72.9022, -54.0904], [-72.8883, -54.0867], [-72.8878, -54.101], [-72.9246, -54.1104], [-72.9213, -54.1165], [-72.96, -54.1157], [-72.9558, -54.1255], [-72.9183, -54.1339], [-72.9072, -54.1268], [-72.8989, -54.1289], [-72.8905, -54.1382], [-72.8736, -54.1287], [-72.8567, -54.1341], [-72.8483, -54.1294], [-72.8314, -54.13], [-72.8287, -54.1156], [-72.8089, -54.1118], [-72.8101, -54.1027], [-72.7855, -54.1101], [-72.7761, -54.1153], [-72.7636, -54.1153], [-72.7611, -54.1214], [-72.7411, -54.12], [-72.7142, -54.1129], [-72.7164, -54.1076], [-72.7322, -54.1063], [-72.7368, -54.1006], [-72.7157, -54.094], [-72.709, -54.0892], [-72.6861, -54.0924], [-72.6804, -54.0735], [-72.6518, -54.0466], [-72.6447, -54.0288], [-72.636, -54.0365], [-72.6464, -54.0432], [-72.6411, -54.0554], [-72.6546, -54.0594], [-72.6623, -54.0711], [-72.6589, -54.0754], [-72.6682, -54.0873], [-72.657, -54.0896], [-72.6367, -54.0696], [-72.6151, -54.0555], [-72.6115, -54.0405], [-72.6171, -54.0335], [-72.6052, -54.0312], [-72.6003, -54.037], [-72.6092, -54.0444], [-72.6036, -54.0549], [-72.615, -54.058], [-72.6168, -54.0685], [-72.6299, -54.0843], [-72.603, -54.0999], [-72.5747, -54.1085], [-72.5494, -54.1076], [-72.5428, -54.0874], [-72.5536, -54.069], [-72.5324, -54.0699], [-72.5403, -54.0523], [-72.5293, -54.0451], [-72.5515, -54.037], [-72.561, -54.0415], [-72.5673, -54.0335], [-72.5538, -54.0313], [-72.5682, -54.0224], [-72.5618, -54.0159], [-72.5363, -54.0156], [-72.5433, -54.0092], [-72.5605, -54.0004], [-72.5437, -53.9919], [-72.5356, -54.0006], [-72.502, -54.0035], [-72.4847, -53.9951], [-72.4878, -53.9863], [-72.4776, -53.9779], [-72.4863, -53.9643], [-72.4687, -53.9692], [-72.4696, -53.9958], [-72.4758, -54.003], [-72.497, -54.0089], [-72.5008, -54.0157], [-72.5138, -54.0232], [-72.4881, -54.0253], [-72.4904, -54.0327], [-72.5049, -54.0363], [-72.4956, -54.0468], [-72.4836, -54.0536], [-72.4843, -54.0617], [-72.4756, -54.0661], [-72.4554, -54.0631], [-72.4301, -54.0544], [-72.4199, -54.0533], [-72.4129, -54.0467], [-72.4137, -54.0351], [-72.3914, -54.0421], [-72.399, -54.0457], [-72.3866, -54.0553], [-72.377, -54.0585], [-72.3644, -54.0546], [-72.3603, -54.0475], [-72.3391, -54.0365], [-72.341, -54.0197], [-72.3481, -54.0042], [-72.3452, -53.9962], [-72.3636, -53.9904], [-72.3854, -53.994], [-72.3747, -53.9812], [-72.3753, -53.9731], [-72.3827, -53.97], [-72.4016, -53.9707], [-72.4066, -53.9671], [-72.4232, -53.9673], [-72.4448, -53.9569], [-72.3952, -53.9635], [-72.3814, -53.9577], [-72.3729, -53.9633], [-72.3608, -53.9526], [-72.3872, -53.9421], [-72.3919, -53.9311], [-72.4098, -53.9382], [-72.4078, -53.9223], [-72.4167, -53.9059], [-72.4357, -53.8955], [-72.4317, -53.8897], [-72.414, -53.9], [-72.4003, -53.9003], [-72.3975, -53.9098], [-72.3698, -53.9108], [-72.3603, -53.9302], [-72.3343, -53.925], [-72.3443, -53.9111], [-72.3374, -53.9042], [-72.3528, -53.8751], [-72.3712, -53.8662], [-72.3513, -53.8515], [-72.3931, -53.8396], [-72.4196, -53.8354], [-72.43, -53.8314], [-72.4643, -53.8317], [-72.4629, -53.8232], [-72.4458, -53.8287], [-72.4183, -53.8272], [-72.396, -53.8314], [-72.3902, -53.829], [-72.3605, -53.8342], [-72.3558, -53.8316], [-72.3595, -53.8209], [-72.3524, -53.818], [-72.339, -53.8308], [-72.3158, -53.8478], [-72.3033, -53.8475], [-72.291, -53.852], [-72.2683, -53.8561], [-72.2254, -53.8583], [-72.2274, -53.8478], [-72.2209, -53.8429], [-72.202, -53.8382], [-72.196, -53.8262], [-72.2169, -53.8201], [-72.2291, -53.8193], [-72.2756, -53.8081], [-72.2675, -53.8025], [-72.2418, -53.8034], [-72.2274, -53.811], [-72.2096, -53.8153], [-72.208, -53.8104], [-72.1875, -53.8022], [-72.159, -53.7989], [-72.1486, -53.7946], [-72.1566, -53.7796], [-72.1645, -53.7737], [-72.1778, -53.7714], [-72.1827, -53.7641], [-72.2007, -53.7589], [-72.1987, -53.7543], [-72.232, -53.7444], [-72.2488, -53.7534], [-72.2677, -53.7599], [-72.2961, -53.7555], [-72.3205, -53.7579], [-72.3326, -53.7504], [-72.3006, -53.7517], [-72.2829, -53.7499], [-72.2703, -53.7376], [-72.2518, -53.7357], [-72.2445, -53.7233], [-72.27, -53.72], [-72.2777, -53.7088], [-72.2982, -53.7026], [-72.3183, -53.7013], [-72.3427, -53.7081], [-72.3575, -53.7052], [-72.3477, -53.6842], [-72.3962, -53.6809], [-72.411, -53.7], [-72.4197, -53.7012], [-72.4231, -53.7092], [-72.4134, -53.7252], [-72.4418, -53.7295], [-72.4606, -53.7543], [-72.4711, -53.7532], [-72.4534, -53.7353], [-72.4552, -53.7266], [-72.464, -53.7255], [-72.4762, -53.7317], [-72.484, -53.7279], [-72.4749, -53.7211], [-72.4494, -53.7218], [-72.4374, -53.7017], [-72.4381, -53.6964], [-72.4628, -53.693], [-72.4763, -53.6881], [-72.4504, -53.6817], [-72.4641, -53.6752], [-72.4745, -53.6811], [-72.4862, -53.6716], [-72.5049, -53.6715], [-72.5334, -53.6776], [-72.5621, -53.6794], [-72.5839, -53.6787], [-72.5977, -53.6752], [-72.6077, -53.6824], [-72.6061, -53.6903], [-72.6149, -53.7036], [-72.6106, -53.7173], [-72.6224, -53.7222], [-72.6228, -53.711], [-72.636, -53.6911], [-72.6271, -53.6804], [-72.625, -53.6722], [-72.6066, -53.6672], [-72.6024, -53.6699], [-72.5659, -53.6704], [-72.5269, -53.6682], [-72.5094, -53.6643], [-72.5011, -53.6597], [-72.4879, -53.66], [-72.4701, -53.6554], [-72.4484, -53.6558], [-72.428, -53.6534], [-72.3955, -53.6457], [-72.3833, -53.64], [-72.4217, -53.6129], [-72.4365, -53.6169], [-72.4516, -53.617], [-72.457, -53.61], [-72.4744, -53.6058], [-72.4649, -53.5979], [-72.4938, -53.5843], [-72.4708, -53.5855], [-72.4595, -53.5798], [-72.4822, -53.5751], [-72.5095, -53.5732], [-72.5139, -53.5672], [-72.5401, -53.5647], [-72.5448, -53.5771], [-72.5673, -53.5762], [-72.5721, -53.5683], [-72.5835, -53.5663], [-72.5906, -53.5597], [-72.6105, -53.5553], [-72.6144, -53.5473], [-72.637, -53.5538], [-72.6546, -53.551], [-72.6338, -53.543], [-72.6355, -53.5371], [-72.6656, -53.5236], [-72.6813, -53.5271], [-72.6776, -53.5438], [-72.6711, -53.5491], [-72.6563, -53.5748], [-72.6389, -53.5879], [-72.6446, -53.5977], [-72.6452, -53.6148], [-72.6542, -53.6223], [-72.6509, -53.6266], [-72.6551, -53.6381], [-72.6669, -53.6509], [-72.6741, -53.6464], [-72.6689, -53.6312], [-72.6788, -53.6219], [-72.6898, -53.6301], [-72.6865, -53.6463], [-72.7018, -53.6391], [-72.7025, -53.6274], [-72.6937, -53.6256], [-72.6886, -53.6164], [-72.708, -53.6184], [-72.7044, -53.6012], [-72.6859, -53.603], [-72.672, -53.6001], [-72.6707, -53.5947], [-72.6834, -53.5864], [-72.6953, -53.5853], [-72.7113, -53.5768], [-72.7267, -53.5741], [-72.7264, -53.5616], [-72.7177, -53.5516], [-72.7321, -53.5245], [-72.7232, -53.5203], [-72.7221, -53.5109], [-72.7314, -53.5029], [-72.756, -53.5067], [-72.7688, -53.5066], [-72.7795, -53.502], [-72.7671, -53.4856], [-72.769, -53.4811], [-72.7957, -53.4653], [-72.8115, -53.4632], [-72.8614, -53.4497], [-72.8614, -53.4582], [-72.8483, -53.4721], [-72.8561, -53.4781], [-72.8352, -53.4959], [-72.8355, -53.5017], [-72.8227, -53.5152], [-72.8121, -53.5403], [-72.8205, -53.5536], [-72.8042, -53.558], [-72.8338, -53.567], [-72.8426, -53.5744], [-72.8442, -53.5987], [-72.8247, -53.6027], [-72.8388, -53.6089], [-72.8585, -53.6118], [-72.8636, -53.619], [-72.8638, -53.6356], [-72.8568, -53.6408], [-72.8631, -53.6495], [-72.8781, -53.6459], [-72.8783, -53.6387], [-72.8689, -53.6338], [-72.8837, -53.6228], [-72.8732, -53.6092], [-72.8752, -53.6008], [-72.8665, -53.5976], [-72.8597, -53.5762], [-72.8627, -53.568], [-72.8708, -53.5664], [-72.8826, -53.5761], [-72.8926, -53.5714], [-72.8773, -53.5645], [-72.8735, -53.5563], [-72.8614, -53.5473], [-72.8615, -53.5394], [-72.8489, -53.5341], [-72.8612, -53.5296], [-72.8937, -53.54], [-72.8946, -53.5359], [-72.8521, -53.523], [-72.8556, -53.5098], [-72.8706, -53.496], [-72.8854, -53.4917], [-72.9041, -53.4973], [-72.9047, -53.5022], [-72.9164, -53.5086], [-72.9303, -53.5005], [-72.9233, -53.4951], [-72.928, -53.4867], [-72.9086, -53.48], [-72.9108, -53.4698], [-72.9015, -53.4684], [-72.8965, -53.4609], [-72.9033, -53.4402], [-72.9344, -53.4156], [-72.9675, -53.4042], [-72.986, -53.3963], [-72.9961, -53.3986], [-72.9991, -53.4079], [-72.9892, -53.4197], [-72.9927, -53.4302], [-72.9875, -53.4393], [-72.9752, -53.4496], [-72.9916, -53.4612], [-72.981, -53.4792], [-73.0055, -53.4706], [-73.0092, -53.4611], [-72.9953, -53.4493], [-73.0086, -53.4452], [-72.9995, -53.4258], [-73.0046, -53.4165], [-73.0143, -53.4149], [-73.0207, -53.4263], [-73.0102, -53.4368], [-73.0247, -53.4377], [-73.0321, -53.4282], [-73.0402, -53.4249], [-73.0227, -53.4107], [-73.0152, -53.3994], [-73.0027, -53.3927], [-73.0112, -53.3827], [-73.0398, -53.3751]]], [[[-73.3099, -53.37], [-73.3165, -53.3741], [-73.2953, -53.3818], [-73.2859, -53.3805], [-73.2934, -53.3989], [-73.264, -53.4071], [-73.2501, -53.4131], [-73.2404, -53.4115], [-73.2297, -53.4029], [-73.2282, -53.3922], [-73.2325, -53.3879], [-73.2807, -53.3812], [-73.3099, -53.37]]], [[[-73.2767, -53.3635], [-73.2973, -53.3692], [-73.2766, -53.3744], [-73.2706, -53.3683], [-73.2767, -53.3635]]], [[[-73.6762, -53.3628], [-73.6943, -53.3686], [-73.6801, -53.379], [-73.646, -53.3928], [-73.6142, -53.3965], [-73.6038, -53.3847], [-73.5919, -53.3778], [-73.6007, -53.3704], [-73.6189, -53.3667], [-73.6176, -53.377], [-73.6394, -53.3843], [-73.664, -53.3771], [-73.6762, -53.3628]]], [[[-73.3558, -53.3591], [-73.3806, -53.3685], [-73.3747, -53.3752], [-73.3612, -53.3749], [-73.349, -53.3844], [-73.3342, -53.3857], [-73.313, -53.3837], [-73.3105, -53.3805], [-73.3241, -53.3695], [-73.3558, -53.3591]]], [[[-73.3859, -53.3486], [-73.3969, -53.3497], [-73.3954, -53.3584], [-73.3596, -53.3548], [-73.3859, -53.3486]]], [[[-73.414, -53.342], [-73.4224, -53.3436], [-73.4162, -53.3557], [-73.4015, -53.3437], [-73.414, -53.342]]], [[[-73.8564, -53.3273], [-73.8835, -53.3364], [-73.8721, -53.3462], [-73.8617, -53.3452], [-73.8548, -53.3505], [-73.8603, -53.3571], [-73.8377, -53.3727], [-73.8246, -53.3759], [-73.8204, -53.3709], [-73.788, -53.3612], [-73.779, -53.3559], [-73.8021, -53.3466], [-73.8281, -53.347], [-73.8323, -53.3363], [-73.8479, -53.334], [-73.8564, -53.3273]]], [[[-73.4076, -53.3256], [-73.4104, -53.3392], [-73.4012, -53.3416], [-73.3995, -53.3302], [-73.4076, -53.3256]]], [[[-73.6296, -53.3106], [-73.6247, -53.3222], [-73.6171, -53.3202], [-73.6296, -53.3106]]], [[[-74.263, -53.2886], [-74.2623, -53.2967], [-74.2866, -53.2946], [-74.3046, -53.2987], [-74.3086, -53.3056], [-74.3039, -53.316], [-74.2887, -53.3225], [-74.267, -53.3161], [-74.2638, -53.3079], [-74.2463, -53.306], [-74.249, -53.2974], [-74.263, -53.2886]]], [[[-73.7677, -53.2844], [-73.7711, -53.2885], [-73.7525, -53.2958], [-73.7394, -53.3058], [-73.7172, -53.3051], [-73.7167, -53.2992], [-73.728, -53.2919], [-73.755, -53.2894], [-73.7677, -53.2844]]], [[[-74.1055, -53.2522], [-74.1151, -53.2526], [-74.1379, -53.2638], [-74.1588, -53.2671], [-74.1694, -53.2808], [-74.1783, -53.2815], [-74.1851, -53.2914], [-74.1967, -53.2938], [-74.2083, -53.3019], [-74.2582, -53.3166], [-74.2667, -53.3176], [-74.2818, -53.3256], [-74.2686, -53.3283], [-74.2379, -53.3396], [-74.2215, -53.3405], [-74.2049, -53.3517], [-74.1913, -53.349], [-74.1797, -53.3388], [-74.1498, -53.3325], [-74.148, -53.3429], [-74.1386, -53.3405], [-74.1445, -53.3331], [-74.1367, -53.3247], [-74.1222, -53.325], [-74.1202, -53.3327], [-74.1033, -53.3295], [-74.0975, -53.3227], [-74.0989, -53.2979], [-74.115, -53.2948], [-74.1067, -53.2831], [-74.0951, -53.2829], [-74.0927, -53.2897], [-74.0725, -53.2908], [-74.0724, -53.2829], [-74.0559, -53.2693], [-74.0632, -53.2628], [-74.0895, -53.2595], [-74.096, -53.2519], [-74.1055, -53.2522]]], [[[-73.6746, -53.2227], [-73.6765, -53.2422], [-73.6564, -53.2456], [-73.6416, -53.2435], [-73.6294, -53.2534], [-73.6147, -53.2521], [-73.6362, -53.2356], [-73.6499, -53.2277], [-73.6619, -53.2287], [-73.6746, -53.2227]]], [[[-73.8951, -53.2185], [-73.9077, -53.2194], [-73.8993, -53.2327], [-73.8891, -53.2312], [-73.8842, -53.2238], [-73.8951, -53.2185]]], [[[-73.8697, -53.1849], [-73.8815, -53.191], [-73.8758, -53.1961], [-73.8596, -53.1979], [-73.8697, -53.1849]]], [[[-73.9542, -53.1828], [-73.9536, -53.1878], [-73.9379, -53.1961], [-73.9269, -53.2119], [-73.9012, -53.2151], [-73.896, -53.2101], [-73.9094, -53.2058], [-73.9274, -53.191], [-73.9542, -53.1828]]], [[[-74.3185, -53.195], [-74.3269, -53.1774], [-74.3375, -53.1843], [-74.3319, -53.1981], [-74.3185, -53.195]]], [[[-74.2976, -53.1791], [-74.297, -53.1714], [-74.3143, -53.1758], [-74.3054, -53.1886], [-74.2976, -53.1791]]], [[[-73.9463, -53.1702], [-73.9522, -53.1757], [-73.9459, -53.1832], [-73.9329, -53.1777], [-73.9463, -53.1702]]], [[[-74.267, -53.1468], [-74.2791, -53.1651], [-74.2895, -53.172], [-74.2957, -53.1929], [-74.2888, -53.1958], [-74.2705, -53.1852], [-74.2539, -53.1868], [-74.2576, -53.1777], [-74.2398, -53.168], [-74.2363, -53.1596], [-74.2506, -53.1536], [-74.2582, -53.1548], [-74.267, -53.1468]]], [[[-73.9847, -53.1354], [-74.0095, -53.1409], [-74.0389, -53.1433], [-74.0578, -53.1489], [-74.074, -53.1599], [-74.0619, -53.1685], [-74.0662, -53.1762], [-74.0551, -53.1879], [-74.0366, -53.1961], [-74.0214, -53.1957], [-74.0289, -53.1804], [-74.0241, -53.1737], [-74.0048, -53.179], [-74.0074, -53.1847], [-74.0016, -53.1985], [-73.9911, -53.2027], [-73.978, -53.193], [-73.9619, -53.1949], [-73.9558, -53.1831], [-73.9708, -53.176], [-73.9465, -53.1695], [-73.9497, -53.1597], [-73.9601, -53.1574], [-73.9781, -53.147], [-73.9847, -53.1354]]], [[[-74.3479, -53.1351], [-74.3557, -53.127], [-74.3642, -53.1287], [-74.3626, -53.1409], [-74.3711, -53.1438], [-74.3649, -53.1661], [-74.3502, -53.174], [-74.3453, -53.1834], [-74.3288, -53.1747], [-74.3142, -53.1723], [-74.3136, -53.1662], [-74.2904, -53.1601], [-74.2901, -53.1496], [-74.3113, -53.1434], [-74.3264, -53.1428], [-74.3304, -53.1368], [-74.3479, -53.1351]]], [[[-73.5173, -53.118], [-73.5255, -53.1196], [-73.5101, -53.144], [-73.4928, -53.1378], [-73.4872, -53.1277], [-73.5016, -53.1273], [-73.5044, -53.1202], [-73.5173, -53.118]]], [[[-74.2052, -53.1174], [-74.2079, -53.1285], [-74.2013, -53.1399], [-74.1822, -53.1448], [-74.1533, -53.1444], [-74.1502, -53.1406], [-74.1737, -53.1267], [-74.1963, -53.1222], [-74.2052, -53.1174]]], [[[-73.9824, -53.109], [-73.9962, -53.1157], [-73.9848, -53.1212], [-73.973, -53.116], [-73.9824, -53.109]]], [[[-73.8894, -53.1063], [-73.9065, -53.1114], [-73.9327, -53.1097], [-73.9461, -53.1175], [-73.9649, -53.1213], [-73.9711, -53.1253], [-73.9625, -53.1452], [-73.9506, -53.145], [-73.9419, -53.1528], [-73.918, -53.1662], [-73.9142, -53.1799], [-73.9021, -53.1856], [-73.8924, -53.1797], [-73.8811, -53.166], [-73.8679, -53.1769], [-73.8554, -53.1805], [-73.8566, -53.1903], [-73.8427, -53.2001], [-73.8407, -53.215], [-73.8313, -53.225], [-73.8069, -53.2418], [-73.7774, -53.2437], [-73.7715, -53.242], [-73.7827, -53.2276], [-73.7702, -53.2158], [-73.7871, -53.2022], [-73.7938, -53.1907], [-73.8109, -53.1803], [-73.8123, -53.1746], [-73.8266, -53.1703], [-73.8214, -53.1639], [-73.8288, -53.1593], [-73.8302, -53.1474], [-73.8433, -53.1372], [-73.843, -53.1288], [-73.8591, -53.1176], [-73.8894, -53.1063]]], [[[-73.8735, -53.0919], [-73.8835, -53.0964], [-73.876, -53.1081], [-73.8586, -53.1167], [-73.8578, -53.1059], [-73.8689, -53.0922], [-73.8735, -53.0919]]], [[[-74.5233, -52.987], [-74.535, -52.9892], [-74.5168, -53.008], [-74.5048, -53.01], [-74.5089, -52.9941], [-74.5233, -52.987]]], [[[-74.3076, -52.9134], [-74.319, -52.9183], [-74.3106, -52.9331], [-74.2999, -52.9212], [-74.3076, -52.9134]]], [[[-70.6326, -52.8445], [-70.6184, -52.8391], [-70.6323, -52.8321], [-70.6652, -52.8445], [-70.6736, -52.8447], [-70.7175, -52.8631], [-70.7378, -52.877], [-70.7506, -52.8746], [-70.7635, -52.8831], [-70.7855, -52.8919], [-70.7788, -52.9059], [-70.7812, -52.9121], [-70.754, -52.9123], [-70.7331, -52.9105], [-70.7213, -52.9054], [-70.7048, -52.8928], [-70.6935, -52.889], [-70.652, -52.8663], [-70.6489, -52.8552], [-70.6326, -52.8445]]], [[[-74.683, -52.7168], [-74.6745, -52.735], [-74.682, -52.7409], [-74.6909, -52.7388], [-74.715, -52.7394], [-74.7256, -52.7644], [-74.7162, -52.7769], [-74.694, -52.779], [-74.7059, -52.7934], [-74.6906, -52.8039], [-74.6668, -52.801], [-74.6582, -52.8077], [-74.6339, -52.7968], [-74.6323, -52.8016], [-74.6568, -52.8103], [-74.6524, -52.8146], [-74.6203, -52.8113], [-74.6247, -52.8191], [-74.642, -52.8207], [-74.6825, -52.8146], [-74.6724, -52.825], [-74.6594, -52.8265], [-74.6414, -52.8355], [-74.6314, -52.833], [-74.6119, -52.8381], [-74.6006, -52.8314], [-74.5825, -52.8329], [-74.5845, -52.8501], [-74.5759, -52.8712], [-74.5944, -52.8711], [-74.6052, -52.8598], [-74.5882, -52.8563], [-74.6294, -52.8435], [-74.6499, -52.8614], [-74.6475, -52.8684], [-74.6306, -52.8662], [-74.6234, -52.8748], [-74.613, -52.8759], [-74.6043, -52.888], [-74.5796, -52.894], [-74.5679, -52.8991], [-74.5847, -52.9066], [-74.6044, -52.9109], [-74.606, -52.9186], [-74.5872, -52.9284], [-74.5818, -52.943], [-74.5861, -52.9476], [-74.5648, -52.961], [-74.5482, -52.9582], [-74.5429, -52.9617], [-74.5243, -52.9461], [-74.5102, -52.9535], [-74.5034, -52.9414], [-74.5147, -52.9368], [-74.5133, -52.9315], [-74.5188, -52.9158], [-74.4987, -52.9166], [-74.4894, -52.9211], [-74.4762, -52.9209], [-74.4798, -52.9351], [-74.5034, -52.9585], [-74.5166, -52.962], [-74.5187, -52.9709], [-74.5074, -52.9755], [-74.5042, -52.9834], [-74.4932, -52.9896], [-74.4829, -52.9843], [-74.4668, -52.9818], [-74.4637, -52.9878], [-74.4752, -52.9939], [-74.4576, -53.0087], [-74.4444, -52.9897], [-74.4694, -52.9742], [-74.4682, -52.9596], [-74.4583, -52.9627], [-74.4521, -52.9572], [-74.4405, -52.9632], [-74.4393, -52.9687], [-74.4477, -52.9779], [-74.4385, -52.9867], [-74.4359, -53.0051], [-74.4197, -53.0067], [-74.4129, -53.0175], [-74.3984, -53.0301], [-74.3826, -53.0292], [-74.382, -53.0362], [-74.4031, -53.0386], [-74.4064, -53.0461], [-74.3951, -53.0566], [-74.3769, -53.0552], [-74.3618, -53.0599], [-74.3706, -53.0686], [-74.3709, -53.0796], [-74.3622, -53.0817], [-74.3523, -53.0732], [-74.3423, -53.0695], [-74.3376, -53.0555], [-74.3392, -53.0405], [-74.3332, -53.0358], [-74.3353, -53.0249], [-74.3236, -53.0265], [-74.3271, -53.0416], [-74.321, -53.0506], [-74.3101, -53.0581], [-74.3118, -53.0679], [-74.3205, -53.0836], [-74.3309, -53.0855], [-74.3237, -53.1007], [-74.3306, -53.1057], [-74.3141, -53.1144], [-74.3212, -53.1263], [-74.2982, -53.132], [-74.2658, -53.1103], [-74.2624, -53.1189], [-74.25, -53.1234], [-74.2608, -53.1385], [-74.2557, -53.1441], [-74.2296, -53.1426], [-74.2241, -53.1154], [-74.2249, -53.1004], [-74.2176, -53.0991], [-74.2102, -53.0755], [-74.1941, -53.0788], [-74.199, -53.087], [-74.1939, -53.0933], [-74.198, -53.1084], [-74.1913, -53.117], [-74.1661, -53.1239], [-74.1524, -53.1233], [-74.161, -53.1034], [-74.151, -53.1018], [-74.1441, -53.1225], [-74.1334, -53.1278], [-74.1234, -53.1244], [-74.1283, -53.097], [-74.1217, -53.0975], [-74.1193, -53.1097], [-74.1111, -53.1181], [-74.1142, -53.1231], [-74.1023, -53.1285], [-74.0975, -53.1167], [-74.0862, -53.1306], [-74.0755, -53.1315], [-74.0733, -53.1381], [-74.0555, -53.1369], [-74.0478, -53.1307], [-74.0318, -53.1332], [-74.0102, -53.1311], [-73.9953, -53.1234], [-74.0026, -53.1139], [-73.9905, -53.108], [-73.9989, -53.1031], [-74.0226, -53.0982], [-74.0685, -53.0753], [-74.0578, -53.0736], [-74.0341, -53.0814], [-74.0295, -53.0875], [-74.0014, -53.094], [-73.9912, -53.1001], [-73.9804, -53.1008], [-73.9663, -53.1068], [-73.9436, -53.1014], [-73.919, -53.1015], [-73.9106, -53.1066], [-73.8994, -53.1062], [-73.8855, -53.093], [-73.8883, -53.0871], [-73.8733, -53.0744], [-73.8702, -53.0865], [-73.8595, -53.0909], [-73.847, -53.103], [-73.8436, -53.1179], [-73.8301, -53.1297], [-73.8258, -53.1376], [-73.8115, -53.143], [-73.8008, -53.1544], [-73.8038, -53.1644], [-73.7968, -53.1727], [-73.7867, -53.1726], [-73.7939, -53.1611], [-73.7925, -53.1442], [-73.8103, -53.1366], [-73.8256, -53.1221], [-73.8169, -53.1168], [-73.8068, -53.1317], [-73.7913, -53.1302], [-73.7896, -53.1205], [-73.7713, -53.127], [-73.7719, -53.1363], [-73.7853, -53.1494], [-73.7784, -53.1711], [-73.765, -53.1833], [-73.7502, -53.1897], [-73.7229, -53.1908], [-73.7169, -53.1929], [-73.7009, -53.1858], [-73.6996, -53.1786], [-73.7203, -53.1619], [-73.7226, -53.156], [-73.7127, -53.1518], [-73.6932, -53.1748], [-73.6838, -53.1777], [-73.6856, -53.1893], [-73.6686, -53.1986], [-73.6593, -53.2142], [-73.6492, -53.2158], [-73.6398, -53.2259], [-73.6209, -53.2278], [-73.6168, -53.221], [-73.6234, -53.1949], [-73.611, -53.1967], [-73.6112, -53.2063], [-73.6034, -53.2173], [-73.612, -53.2214], [-73.6098, -53.2293], [-73.5873, -53.2356], [-73.5799, -53.2401], [-73.5657, -53.2396], [-73.5636, -53.25], [-73.5726, -53.2505], [-73.5823, -53.2439], [-73.5967, -53.2412], [-73.6024, -53.2447], [-73.602, -53.2559], [-73.6121, -53.2609], [-73.5985, -53.2749], [-73.6044, -53.2804], [-73.5831, -53.2901], [-73.5655, -53.2955], [-73.5537, -53.2943], [-73.5488, -53.2996], [-73.5219, -53.3019], [-73.5001, -53.3135], [-73.4784, -53.3044], [-73.4634, -53.316], [-73.4788, -53.324], [-73.5122, -53.3171], [-73.5348, -53.3107], [-73.5505, -53.3126], [-73.5574, -53.3044], [-73.5757, -53.298], [-73.5939, -53.2974], [-73.5955, -53.3016], [-73.6139, -53.3027], [-73.6164, -53.3091], [-73.5947, -53.3138], [-73.5995, -53.3237], [-73.5968, -53.3325], [-73.5848, -53.3434], [-73.5663, -53.3489], [-73.5456, -53.3519], [-73.5275, -53.3462], [-73.5138, -53.3465], [-73.496, -53.353], [-73.48, -53.3435], [-73.475, -53.3468], [-73.4564, -53.3426], [-73.443, -53.3508], [-73.432, -53.3475], [-73.4316, -53.3363], [-73.404, -53.324], [-73.3883, -53.3325], [-73.3761, -53.3313], [-73.3694, -53.3431], [-73.3545, -53.3471], [-73.3419, -53.3548], [-73.3296, -53.3557], [-73.314, -53.3632], [-73.2905, -53.3605], [-73.2869, -53.3505], [-73.2676, -53.3505], [-73.2673, -53.3645], [-73.2485, -53.3666], [-73.2416, -53.3703], [-73.2387, -53.3795], [-73.2099, -53.3812], [-73.1784, -53.3729], [-73.15, -53.3813], [-73.1126, -53.3791], [-73.0946, -53.3739], [-73.0936, -53.3596], [-73.0873, -53.355], [-73.0947, -53.3485], [-73.1128, -53.3482], [-73.1229, -53.3408], [-73.1448, -53.3402], [-73.159, -53.3311], [-73.1812, -53.3292], [-73.1974, -53.3228], [-73.1927, -53.3066], [-73.2054, -53.3048], [-73.2151, -53.2969], [-73.2294, -53.2984], [-73.2537, -53.29], [-73.2729, -53.2941], [-73.2773, -53.2874], [-73.2676, -53.2833], [-73.2748, -53.2746], [-73.2899, -53.2678], [-73.3082, -53.2701], [-73.3295, -53.2761], [-73.3403, -53.2822], [-73.3616, -53.278], [-73.3739, -53.2661], [-73.3599, -53.2661], [-73.3439, -53.2751], [-73.3323, -53.2726], [-73.3168, -53.264], [-73.3246, -53.253], [-73.3116, -53.2508], [-73.3169, -53.2348], [-73.3314, -53.2315], [-73.3467, -53.2141], [-73.374, -53.2041], [-73.3754, -53.1958], [-73.4122, -53.1852], [-73.3988, -53.1754], [-73.4149, -53.171], [-73.4285, -53.157], [-73.4404, -53.1526], [-73.4628, -53.1539], [-73.4654, -53.1479], [-73.4793, -53.1423], [-73.5132, -53.154], [-73.5067, -53.1671], [-73.5186, -53.1762], [-73.5173, -53.1824], [-73.5007, -53.1921], [-73.4941, -53.1992], [-73.4963, -53.2114], [-73.5056, -53.2195], [-73.4956, -53.2295], [-73.4821, -53.2375], [-73.4647, -53.2437], [-73.4703, -53.2482], [-73.4866, -53.2376], [-73.5074, -53.2328], [-73.507, -53.2457], [-73.4968, -53.2594], [-73.5014, -53.2723], [-73.5153, -53.2762], [-73.5167, -53.2831], [-73.5289, -53.2829], [-73.5244, -53.2661], [-73.512, -53.2621], [-73.525, -53.2508], [-73.526, -53.2383], [-73.542, -53.2267], [-73.5432, -53.2179], [-73.5524, -53.2124], [-73.559, -53.2031], [-73.5572, -53.1955], [-73.5717, -53.194], [-73.5846, -53.1851], [-73.5683, -53.1844], [-73.5502, -53.1921], [-73.5322, -53.1813], [-73.5303, -53.1652], [-73.5412, -53.1561], [-73.5567, -53.1515], [-73.5488, -53.1435], [-73.5543, -53.1349], [-73.5629, -53.1335], [-73.5578, -53.1173], [-73.5643, -53.1095], [-73.5738, -53.1104], [-73.596, -53.128], [-73.5917, -53.1139], [-73.6132, -53.1047], [-73.6085, -53.0976], [-73.5929, -53.0904], [-73.5971, -53.083], [-73.6389, -53.0839], [-73.6498, -53.0876], [-73.6513, -53.0948], [-73.6432, -53.1058], [-73.6445, -53.1227], [-73.6295, -53.1336], [-73.6133, -53.1371], [-73.603, -53.1452], [-73.6043, -53.1581], [-73.6226, -53.1541], [-73.6315, -53.1447], [-73.6459, -53.1411], [-73.6577, -53.1325], [-73.6792, -53.1298], [-73.6753, -53.1184], [-73.6908, -53.1007], [-73.7179, -53.0924], [-73.7341, -53.0815], [-73.7359, -53.0713], [-73.7541, -53.0791], [-73.7677, -53.075], [-73.7716, -53.0686], [-73.8013, -53.0634], [-73.7992, -53.0558], [-73.8112, -53.0433], [-73.8269, -53.0461], [-73.8097, -53.0702], [-73.7963, -53.0823], [-73.7995, -53.0911], [-73.8097, -53.0893], [-73.8095, -53.0759], [-73.8284, -53.0684], [-73.8358, -53.052], [-73.846, -53.0406], [-73.8514, -53.0291], [-73.8588, -53.0307], [-73.8703, -53.0234], [-73.8905, -53.0178], [-73.9093, -53.0221], [-73.9112, -53.0299], [-73.9299, -53.04], [-73.9142, -53.0432], [-73.9252, -53.0512], [-73.9119, -53.0547], [-73.8983, -53.0679], [-73.9051, -53.0706], [-73.9175, -53.0551], [-73.9248, -53.06], [-73.9364, -53.0588], [-73.9462, -53.04], [-73.9309, -53.0379], [-73.9263, -53.0303], [-73.934, -53.0253], [-73.9272, -53.0079], [-73.9451, -53.003], [-73.9583, -52.9948], [-73.9935, -52.9841], [-74.0258, -52.9825], [-74.0414, -52.9873], [-74.0595, -52.9845], [-74.0452, -52.9749], [-74.0446, -52.9707], [-74.0754, -52.9658], [-74.0819, -52.9602], [-74.1064, -52.9666], [-74.1169, -52.9609], [-74.1141, -52.9456], [-74.1258, -52.9417], [-74.1385, -52.9465], [-74.143, -52.956], [-74.1371, -52.9661], [-74.1166, -52.9746], [-74.1045, -52.977], [-74.102, -52.9824], [-74.088, -52.9869], [-74.0922, -52.9917], [-74.1094, -52.9837], [-74.1174, -52.993], [-74.1083, -52.9958], [-74.1217, -53.0038], [-74.1529, -53.0071], [-74.1689, -52.9975], [-74.1535, -52.996], [-74.1496, -52.9884], [-74.1652, -52.9814], [-74.176, -52.9713], [-74.1736, -52.9632], [-74.1817, -52.9588], [-74.2049, -52.9548], [-74.1999, -52.9648], [-74.2117, -52.9708], [-74.2383, -52.9592], [-74.2405, -52.9769], [-74.2461, -52.9865], [-74.2644, -52.9864], [-74.263, -52.9796], [-74.251, -52.9736], [-74.2556, -52.9598], [-74.2695, -52.9622], [-74.2717, -52.9539], [-74.3078, -52.9501], [-74.3248, -52.9349], [-74.3427, -52.9372], [-74.3261, -52.9609], [-74.3309, -52.9714], [-74.341, -52.9635], [-74.3452, -52.9511], [-74.3719, -52.9354], [-74.3849, -52.9351], [-74.3856, -52.9429], [-74.4003, -52.9486], [-74.3979, -52.9344], [-74.4128, -52.9321], [-74.4065, -52.9246], [-74.3824, -52.9209], [-74.3711, -52.9154], [-74.3711, -52.905], [-74.3778, -52.8977], [-74.3672, -52.8787], [-74.3816, -52.8776], [-74.4159, -52.89], [-74.4105, -52.8768], [-74.4445, -52.8726], [-74.4528, -52.8767], [-74.4575, -52.8861], [-74.4736, -52.8832], [-74.4697, -52.8744], [-74.4826, -52.867], [-74.4757, -52.8586], [-74.4669, -52.8646], [-74.4538, -52.8609], [-74.4219, -52.8587], [-74.4189, -52.848], [-74.4442, -52.8484], [-74.4553, -52.852], [-74.4629, -52.8454], [-74.4811, -52.8443], [-74.4829, -52.8345], [-74.4636, -52.8346], [-74.4332, -52.8387], [-74.4273, -52.8321], [-74.4576, -52.8143], [-74.4733, -52.8094], [-74.4878, -52.8146], [-74.491, -52.8029], [-74.5219, -52.8067], [-74.5485, -52.8007], [-74.5371, -52.7927], [-74.5523, -52.785], [-74.5693, -52.7797], [-74.5806, -52.7734], [-74.5943, -52.7874], [-74.6146, -52.7719], [-74.6141, -52.7637], [-74.6252, -52.7575], [-74.6387, -52.7442], [-74.6568, -52.7345], [-74.6564, -52.7257], [-74.683, -52.7168]]], [[[-70.915, -52.7114], [-70.9246, -52.7115], [-70.9318, -52.7266], [-70.9579, -52.7435], [-70.9756, -52.7429], [-70.9953, -52.7474], [-71.0073, -52.7532], [-71.0131, -52.7451], [-71.0302, -52.7351], [-71.0449, -52.7217], [-71.0571, -52.7219], [-71.0625, -52.7291], [-71.0793, -52.739], [-71.124, -52.7378], [-71.1324, -52.7331], [-71.1471, -52.7339], [-71.1605, -52.739], [-71.1701, -52.7281], [-71.1823, -52.7236], [-71.1765, -52.7168], [-71.1907, -52.7148], [-71.1942, -52.7227], [-71.1968, -52.7476], [-71.1825, -52.7423], [-71.1631, -52.7472], [-71.1579, -52.7524], [-71.1846, -52.7652], [-71.1841, -52.8089], [-71.1757, -52.8076], [-71.1636, -52.8145], [-71.1458, -52.8295], [-71.131, -52.8527], [-71.1296, -52.861], [-71.1204, -52.8765], [-71.1135, -52.9019], [-71.1168, -52.9112], [-71.1449, -52.9213], [-71.1598, -52.9372], [-71.1872, -52.9494], [-71.2086, -52.9628], [-71.2341, -52.9828], [-71.2451, -52.9884], [-71.2464, -53.0016], [-71.2561, -53.007], [-71.2554, -53.0155], [-71.2653, -53.0367], [-71.2778, -53.0443], [-71.2867, -53.0595], [-71.3034, -53.0696], [-71.3238, -53.0787], [-71.3275, -53.0874], [-71.3393, -53.0944], [-71.341, -53.1134], [-71.3592, -53.1237], [-71.3883, -53.1306], [-71.4177, -53.1428], [-71.4349, -53.1415], [-71.4647, -53.1483], [-71.506, -53.1421], [-71.5209, -53.1591], [-71.5334, -53.1627], [-71.5437, -53.17], [-71.5546, -53.1702], [-71.5678, -53.1638], [-71.5916, -53.1655], [-71.5992, -53.1735], [-71.6016, -53.1903], [-71.6076, -53.2007], [-71.6292, -53.2071], [-71.6739, -53.1988], [-71.6956, -53.2126], [-71.7086, -53.2151], [-71.7213, -53.211], [-71.736, -53.2116], [-71.7427, -53.2202], [-71.7308, -53.232], [-71.7354, -53.2496], [-71.7471, -53.2618], [-71.7598, -53.2696], [-71.7673, -53.2932], [-71.7477, -53.3154], [-71.7545, -53.3192], [-71.7749, -53.3102], [-71.7794, -53.3257], [-71.777, -53.3383], [-71.7629, -53.3519], [-71.7608, -53.3624], [-71.7494, -53.3725], [-71.7647, -53.3821], [-71.7551, -53.4048], [-71.7702, -53.4047], [-71.7688, -53.4157], [-71.7612, -53.4233], [-71.7555, -53.437], [-71.7477, -53.4462], [-71.7597, -53.467], [-71.7659, -53.4664], [-71.7713, -53.4813], [-71.7787, -53.4917], [-71.7905, -53.4998], [-71.8057, -53.5058], [-71.8095, -53.5155], [-71.8166, -53.5199], [-71.8431, -53.527], [-71.8631, -53.5298], [-71.8645, -53.5363], [-71.8853, -53.5374], [-71.8998, -53.5328], [-71.9137, -53.5409], [-71.9341, -53.5444], [-71.9519, -53.5583], [-71.9657, -53.5594], [-71.9946, -53.5668], [-72.0046, -53.5627], [-72.0074, -53.5504], [-72.024, -53.5497], [-72.0245, -53.5438], [-72.0391, -53.5403], [-72.0465, -53.547], [-72.0418, -53.5519], [-72.1009, -53.5521], [-72.103, -53.5454], [-72.085, -53.5415], [-72.0833, -53.5504], [-72.0524, -53.5429], [-72.0498, -53.5367], [-72.0316, -53.5308], [-72.0295, -53.5373], [-72.0142, -53.5362], [-72.0126, -53.5267], [-71.9898, -53.5204], [-71.955, -53.5138], [-71.9357, -53.5152], [-71.9217, -53.5122], [-71.907, -53.498], [-71.87, -53.4854], [-71.8562, -53.4786], [-71.8361, -53.4843], [-71.825, -53.4724], [-71.8093, -53.4689], [-71.8072, -53.4526], [-71.7958, -53.4465], [-71.7874, -53.4368], [-71.766, -53.4379], [-71.7737, -53.4277], [-71.7775, -53.4126], [-71.7976, -53.4063], [-71.8032, -53.3986], [-71.8177, -53.3651], [-71.8277, -53.3626], [-71.8252, -53.3369], [-71.8282, -53.3263], [-71.8234, -53.3116], [-71.8264, -53.2857], [-71.8254, -53.2744], [-71.8387, -53.2526], [-71.8556, -53.2326], [-71.8698, -53.2258], [-71.8896, -53.2285], [-71.911, -53.2361], [-71.9367, -53.2336], [-71.975, -53.2257], [-72.0014, -53.2286], [-72.0082, -53.2334], [-72.0223, -53.2353], [-72.0405, -53.2555], [-72.0371, -53.262], [-72.0442, -53.2862], [-72.0335, -53.3025], [-72.0288, -53.3175], [-72.0312, -53.3271], [-72.0217, -53.3349], [-72.0217, -53.3488], [-72.0265, -53.3598], [-72.0181, -53.3773], [-72.0451, -53.3847], [-72.0581, -53.3821], [-72.0769, -53.386], [-72.0865, -53.3983], [-72.0967, -53.4005], [-72.0927, -53.4094], [-72.0983, -53.4146], [-72.1226, -53.4181], [-72.1501, -53.4263], [-72.1628, -53.4347], [-72.179, -53.4401], [-72.1954, -53.441], [-72.2197, -53.4503], [-72.2321, -53.4419], [-72.2532, -53.44], [-72.266, -53.4307], [-72.2255, -53.4348], [-72.1997, -53.4291], [-72.1797, -53.4183], [-72.1676, -53.4192], [-72.1514, -53.4082], [-72.1589, -53.3961], [-72.1574, -53.3872], [-72.1462, -53.3843], [-72.1369, -53.3907], [-72.1135, -53.3875], [-72.1135, -53.3758], [-72.0964, -53.3605], [-72.1008, -53.3422], [-72.0955, -53.3296], [-72.11, -53.3144], [-72.1023, -53.3099], [-72.1075, -53.2945], [-72.1184, -53.2847], [-72.1208, -53.2755], [-72.1181, -53.2617], [-72.1202, -53.2529], [-72.1384, -53.2549], [-72.1766, -53.2723], [-72.1803, -53.2603], [-72.2233, -53.2558], [-72.2437, -53.2552], [-72.2568, -53.2585], [-72.2653, -53.2515], [-72.287, -53.2503], [-72.3051, -53.2535], [-72.317, -53.2595], [-72.3206, -53.2697], [-72.3433, -53.2718], [-72.3591, -53.2827], [-72.3722, -53.2862], [-72.3815, -53.2947], [-72.3934, -53.2927], [-72.412, -53.3046], [-72.4197, -53.3179], [-72.4445, -53.3262], [-72.4369, -53.3336], [-72.4441, -53.3512], [-72.4319, -53.3577], [-72.4228, -53.3675], [-72.4237, -53.3748], [-72.4447, -53.3747], [-72.476, -53.392], [-72.4688, -53.4226], [-72.4517, -53.4267], [-72.4553, -53.4413], [-72.4428, -53.4582], [-72.4283, -53.4681], [-72.4285, -53.475], [-72.3986, -53.5025], [-72.3875, -53.506], [-72.3782, -53.4936], [-72.3704, -53.5011], [-72.3618, -53.5183], [-72.3464, -53.5318], [-72.3496, -53.545], [-72.3247, -53.5526], [-72.3172, -53.5604], [-72.306, -53.5641], [-72.2996, -53.5753], [-72.2813, -53.5781], [-72.257, -53.5896], [-72.2315, -53.6086], [-72.1951, -53.6201], [-72.1989, -53.633], [-72.1901, -53.6359], [-72.1817, -53.6454], [-72.1491, -53.667], [-72.1287, -53.6728], [-72.1075, -53.6843], [-72.0672, -53.6914], [-72.045, -53.6994], [-72.0367, -53.7055], [-72.0258, -53.705], [-72.0145, -53.6971], [-71.9888, -53.6868], [-71.9805, -53.6952], [-71.9854, -53.7034], [-71.9595, -53.7161], [-71.9425, -53.7197], [-71.9365, -53.7033], [-71.9102, -53.6894], [-71.8838, -53.6813], [-71.8785, -53.6857], [-71.8973, -53.6913], [-71.9214, -53.7051], [-71.9027, -53.7136], [-71.8858, -53.7265], [-71.8821, -53.7336], [-71.8605, -53.7443], [-71.8381, -53.7509], [-71.8196, -53.7518], [-71.785, -53.7618], [-71.7609, -53.7656], [-71.7558, -53.7766], [-71.7334, -53.7881], [-71.6834, -53.8029], [-71.6476, -53.8102], [-71.6386, -53.8072], [-71.6168, -53.8109], [-71.5856, -53.8114], [-71.5454, -53.8199], [-71.5018, -53.832], [-71.4721, -53.844], [-71.4474, -53.8439], [-71.4332, -53.8511], [-71.4166, -53.8501], [-71.3996, -53.8608], [-71.3741, -53.8724], [-71.3187, -53.8905], [-71.3115, -53.896], [-71.2922, -53.8961], [-71.2865, -53.8926], [-71.244, -53.8895], [-71.2292, -53.8862], [-71.2183, -53.8765], [-71.2112, -53.8768], [-71.1778, -53.868], [-71.1624, -53.8609], [-71.1351, -53.8517], [-71.1179, -53.8479], [-71.1182, -53.8344], [-71.0988, -53.8285], [-71.0731, -53.831], [-71.0588, -53.8121], [-71.0495, -53.8123], [-71.0384, -53.8037], [-71.0223, -53.8012], [-71.0035, -53.8027], [-70.9982, -53.7951], [-70.998, -53.7849], [-70.9849, -53.7863], [-70.972, -53.7831], [-70.9815, -53.7697], [-70.9667, -53.7538], [-70.9714, -53.7362], [-70.9655, -53.7207], [-70.9691, -53.6961], [-70.9742, -53.681], [-70.9685, -53.669], [-70.9456, -53.6601], [-70.9403, -53.6497], [-70.9516, -53.6222], [-70.9435, -53.6206], [-70.921, -53.6321], [-70.9308, -53.6174], [-70.9245, -53.61], [-70.9364, -53.5954], [-70.9243, -53.5864], [-70.9409, -53.568], [-70.9406, -53.5522], [-70.9369, -53.5418], [-70.9563, -53.5053], [-70.9629, -53.4877], [-70.9644, -53.4764], [-70.9725, -53.458], [-70.9725, -53.4374], [-70.9755, -53.4221], [-70.9873, -53.3982], [-70.9886, -53.3896], [-70.9811, -53.3737], [-70.9607, -53.3623], [-70.9559, -53.3456], [-70.9426, -53.3301], [-70.9347, -53.3148], [-70.9339, -53.307], [-70.9434, -53.278], [-70.9409, -53.2733], [-70.947, -53.2624], [-70.9487, -53.2505], [-70.9446, -53.2398], [-70.9369, -53.2325], [-70.9407, -53.2211], [-70.9376, -53.2047], [-70.917, -53.1709], [-70.904, -53.1656], [-70.8889, -53.1634], [-70.8838, -53.1488], [-70.877, -53.1426], [-70.8537, -53.13], [-70.8667, -53.1217], [-70.8783, -53.1091], [-70.8712, -53.086], [-70.8615, -53.0756], [-70.8592, -53.0649], [-70.8486, -53.0481], [-70.8252, -53.0213], [-70.8158, -53.0066], [-70.8183, -52.9951], [-70.8127, -52.9864], [-70.8245, -52.973], [-70.8254, -52.9615], [-70.808, -52.9506], [-70.7939, -52.949], [-70.7818, -52.9374], [-70.7982, -52.9361], [-70.8037, -52.9319], [-70.8256, -52.9299], [-70.8337, -52.9232], [-70.8541, -52.925], [-70.8645, -52.9185], [-70.8856, -52.919], [-70.8865, -52.9103], [-70.8451, -52.9041], [-70.8366, -52.8948], [-70.8376, -52.8833], [-70.8332, -52.8722], [-70.8367, -52.8589], [-70.8076, -52.8496], [-70.8155, -52.8344], [-70.8033, -52.8296], [-70.7992, -52.8154], [-70.7792, -52.8109], [-70.759, -52.8124], [-70.7562, -52.8021], [-70.7374, -52.7879], [-70.736, -52.7822], [-70.7539, -52.7774], [-70.7726, -52.7879], [-70.7834, -52.7899], [-70.8056, -52.7838], [-70.7985, -52.7805], [-70.7985, -52.7687], [-70.7906, -52.7635], [-70.7999, -52.7573], [-70.8247, -52.7602], [-70.8308, -52.7488], [-70.827, -52.7385], [-70.8326, -52.7329], [-70.8487, -52.7346], [-70.8593, -52.7285], [-70.8777, -52.7344], [-70.8992, -52.73], [-70.9015, -52.7188], [-70.915, -52.7114]]]]}, "properties": {"name": "Punta Arenas", "comuna": "Punta Arenas", "cut": "12101"}}]}