{"type":"FeatureCollection","features":[{"type":"Feature","properties":{"nombre":"Ruta 9 Sur","jerarquia":3},"geometry":{"type":"LineString","coordinates":[[-70.93589,-53.19574],[-70.93588,-53.19698]]}},{"type":"Feature","properties":{"nombre":"Ruta 9 Sur","jerarquia":3},"geometry":{"type":"LineString","coordinates":[[-70.93588,-53.19698],[-70.93588,-53.19882]]}},{"type":"Feature","properties":{"nombre":"Ruta 9 Sur","jerarquia":3},"geometry":{"type":"LineString","coordinates":[[-70.93588,-53.19882],[-70.93599,-53.19934],[-70.93635,-53.2002]]}},{"type":"Feature","properties":{"nombre":"Ruta 9 Sur","jerarquia":3},"geometry":{"type":"LineString","coordinates":[[-70.93635,-53.2002],[-70.93776,-53.20247]]}},{"type":"Feature","properties":{"nombre":"Avenida Presidente Carlos Ibáñez del Campo","jerarquia":2},"geometry":{"type":"LineString","coordinates":[[-70.86962,-53.12466],[-70.86909,-53.12403],[-70.86896,-53.12364],[-70.86904,-53.12318],[-70.86938,-53.12273]]}},{"type":"Feature","properties":{"nombre":"Avenida Presidente Carlos Ibáñez del Campo","jerarquia":2},"geometry":{"type":"LineString","coordinates":[[-70.86938,-53.12273],[-70.87022,-53.12212],[-70.87114,-53.12137]]}},{"type":"Feature","properties":{"nombre":"Camino Laguna Lynch","jerarquia":5},"geometry":{"type":"LineString","coordinates":[[-70.97942,-53.15933],[-70.97925,-53.1592],[-70.97925,-53.1591]]}},{"type":"Feature","properties":{"nombre":"Juan Williams","jerarquia":4},"geometry":{"type":"LineString","coordinates":[[-70.87879,-53.11444],[-70.87997,-53.11302],[-70.88018,-53.11269],[-70.88046,-53.11176],[-70.88078,-53.11092],[-70.8816,-53.10909]]}},{"type":"Feature","properties":{"nombre":"José Ignacio Zenteno","jerarquia":5},"geometry":{"type":"LineString","coordinates":[[-70.91278,-53.15189],[-70.9133,-53.15221]]}},{"type":"Feature","properties":{"nombre":"Avenida Presidente Salvador Allende Gossens","jerarquia":4},"geometry":{"type":"LineString","coordinates":[[-70.94471,-53.15685],[-70.94459,-53.15686]]}},{"type":"Feature","properties":{"nombre":"Avenida Presidente Salvador Allende Gossens","jerarquia":4},"geometry":{"type":"LineString","coordinates":[[-70.94459,-53.15686],[-70.94356,-53.15698]]}},{"type":"Feature","properties":{"nombre":"Avenida Presidente Salvador Allende Gossens","jerarquia":4},"geometry":{"type":"LineString","coordinates":[[-70.94356,-53.15698],[-70.94299,-53.15705]]}},{"type":"Feature","properties":{"nombre":"Avenida Presidente Salvador Allende Gossens","jerarquia":4},"geometry":{"type":"LineString","coordinates":[[-70.94299,-53.15705],[-70.94217,-53.15716]]}},{"type":"Feature","properties":{"nombre":"Avenida Presidente Salvador Allende Gossens","jerarquia":4},"geometry":{"type":"LineString","coordinates":[[-70.94217,-53.15716],[-70.94165,-53.15723]]}},{"type":"Feature","properties":{"nombre":"Avenida Presidente Salvador Allende Gossens","jerarquia":4},"geometry":{"type":"LineString","coordinates":[[-70.94165,-53.15723],[-70.94029,-53.15737]]}},{"type":"Feature","properties":{"nombre":"Avenida Presidente Salvador Allende Gossens","jerarquia":4},"geometry":{"type":"LineString","coordinates":[[-70.94029,-53.15737],[-70.93837,-53.15762]]}},{"type":"Feature","properties":{"nombre":"Avenida Cristóbal Colón","jerarquia":4},"geometry":{"type":"LineString","coordinates":[[-70.91113,-53.15827],[-70.90943,-53.15891]]}},{"type":"Feature","properties":{"nombre":"Avenida Cristóbal Colón","jerarquia":4},"geometry":{"type":"LineString","coordinates":[[-70.90943,-53.15891],[-70.90794,-53.15948]]}},{"type":"Feature","properties":{"nombre":"Avenida Cristóbal Colón","jerarquia":4},"geometry":{"type":"LineString","coordinates":[[-70.90794,-53.15948],[-70.90642,-53.16009]]}},{"type":"Feature","properties":{"nombre":"Avenida Cristóbal Colón","jerarquia":4},"geometry":{"type":"LineString","coordinates":[[-70.90642,-53.16009],[-70.90492,-53.16068]]}},{"type":"Feature","properties":{"nombre":"Avenida Cristóbal Colón","jerarquia":4},"geometry":{"type":"LineString","coordinates":[[-70.90492,-53.16068],[-70.90338,-53.16127]]}},{"type":"Feature","properties":{"nombre":"Avenida Cristóbal Colón","jerarquia":4},"geometry":{"type":"LineString","coordinates":[[-70.90338,-53.16127],[-70.90188,-53.16185]]}},{"type":"Feature","properties":{"nombre":"Avenida Cristóbal Colón","jerarquia":4},"geometry":{"type":"LineString","coordinates":[[-70.89672,-53.16343],[-70.89759,-53.16311]]}},{"type":"Feature","properties":{"nombre":"Avenida Cristóbal Colón","jerarquia":4},"geometry":{"type":"LineString","coordinates":[[-70.89759,-53.16311],[-70.8986,-53.16273]]}},{"type":"Feature","properties":{"nombre":"Avenida Cristóbal Colón","jerarquia":4},"geometry":{"type":"LineString","coordinates":[[-70.8986,-53.16273],[-70.90014,-53.16215]]}},{"type":"Feature","properties":{"nombre":"Avenida Cristóbal Colón","jerarquia":4},"geometry":{"type":"LineString","coordinates":[[-70.90014,-53.16215],[-70.90162,-53.1616]]}},{"type":"Feature","properties":{"nombre":"Avenida Presidente Salvador Allende Gossens","jerarquia":4},"geometry":{"type":"LineString","coordinates":[[-70.9232,-53.16135],[-70.92479,-53.16074]]}},{"type":"Feature","properties":{"nombre":"Avenida Presidente Salvador Allende Gossens","jerarquia":4},"geometry":{"type":"LineString","coordinates":[[-70.92479,-53.16074],[-70.92641,-53.16012]]}},{"type":"Feature","properties":{"nombre":"Avenida Presidente Salvador Allende Gossens","jerarquia":4},"geometry":{"type":"LineString","coordinates":[[-70.92641,-53.16012],[-70.92807,-53.15948]]}},{"type":"Feature","properties":{"nombre":"Avenida Presidente Salvador Allende Gossens","jerarquia":4},"geometry":{"type":"LineString","coordinates":[[-70.92807,-53.15948],[-70.92963,-53.15889]]}},{"type":"Feature","properties":{"nombre":"Avenida Presidente Salvador Allende Gossens","jerarquia":4},"geometry":{"type":"LineString","coordinates":[[-70.92963,-53.15889],[-70.93002,-53.15874]]}},{"type":"Feature","properties":{"nombre":"Avenida Presidente Salvador Allende Gossens","jerarquia":4},"geometry":{"type":"LineString","coordinates":[[-70.93002,-53.15874],[-70.93151,-53.15817]]}},{"type":"Feature","properties":{"nombre":"Avenida Presidente Salvador Allende Gossens","jerarquia":4},"geometry":{"type":"LineString","coordinates":[[-70.93151,-53.15817],[-70.93159,-53.15814]]}},{"type":"Feature","properties":{"nombre":"Hernando de Magallanes","jerarquia":3},"geometry":{"type":"LineString","coordinates":[[-70.90415,-53.15994],[-70.90369,-53.15952]]}},{"type":"Feature","properties":{"nombre":"Angamos","jerarquia":5},"geometry":{"type":"LineString","coordinates":[[-70.888,-53.15915],[-70.88822,-53.15906]]}},{"type":"Feature","properties":{"nombre":"Angamos","jerarquia":5},"geometry":{"type":"LineString","coordinates":[[-70.88822,-53.15906],[-70.88875,-53.15889]]}},{"type":"Feature","properties":{"nombre":"Angamos","jerarquia":5},"geometry":{"type":"LineString","coordinates":[[-70.88875,-53.15889],[-70.8889,-53.15883]]}},{"type":"Feature","properties":{"nombre":"Angamos","jerarquia":5},"geometry":{"type":"LineString","coordinates":[[-70.8889,-53.15883],[-70.88969,-53.15848]]}},{"type":"Feature","properties":{"nombre":"Angamos","jerarquia":5},"geometry":{"type":"LineString","coordinates":[[-70.88969,-53.15848],[-70.89125,-53.15788]]}},{"type":"Feature","properties":{"nombre":"Angamos","jerarquia":5},"geometry":{"type":"LineString","coordinates":[[-70.89125,-53.15788],[-70.89131,-53.15786]]}},{"type":"Feature","properties":{"nombre":"Angamos","jerarquia":5},"geometry":{"type":"LineString","coordinates":[[-70.89131,-53.15786],[-70.89283,-53.15729]]}},{"type":"Feature","properties":{"nombre":"Angamos","jerarquia":5},"geometry":{"type":"LineString","coordinates":[[-70.89283,-53.15729],[-70.89434,-53.15674]]}},{"type":"Feature","properties":{"nombre":"Club Hípico","jerarquia":5},"geometry":{"type":"LineString","coordinates":[[-70.88597,-53.15292],[-70.88604,-53.15289]]}},{"type":"Feature","properties":{"nombre":"Club Hípico","jerarquia":5},"geometry":{"type":"LineString","coordinates":[[-70.88604,-53.15289],[-70.88753,-53.15235]]}},{"type":"Feature","properties":{"nombre":"Avenida España","jerarquia":4},"geometry":{"type":"LineString","coordinates":[[-70.91087,-53.15802],[-70.91001,-53.15713]]}},{"type":"Feature","properties":{"nombre":"Avenida España","jerarquia":4},"geometry":{"type":"LineString","coordinates":[[-70.91001,-53.15713],[-70.90942,-53.15651]]}},{"type":"Feature","properties":{"nombre":"Avenida España","jerarquia":4},"geometry":{"type":"LineString","coordinates":[[-70.90942,-53.15651],[-70.90938,-53.15648]]}},{"type":"Feature","properties":{"nombre":"Coronel José de los Santos Mardones","jerarquia":5},"geometry":{"type":"LineString","coordinates":[[-70.90017,-53.14607],[-70.89982,-53.14628]]}},{"type":"Feature","properties":{"nombre":"Coronel José de los Santos Mardones","jerarquia":5},"geometry":{"type":"LineString","coordinates":[[-70.89982,-53.14628],[-70.89865,-53.14697]]}},{"type":"Feature","properties":{"nombre":"Coronel José de los Santos Mardones","jerarquia":5},"geometry":{"type":"LineString","coordinates":[[-70.89865,-53.14697],[-70.89747,-53.14767]]}},{"type":"Feature","properties":{"nombre":"Coronel José de los Santos Mardones","jerarquia":5},"geometry":{"type":"LineString","coordinates":[[-70.89747,-53.14767],[-70.89697,-53.14796]]}},{"type":"Feature","properties":{"nombre":"Coronel José de los Santos Mardones","jerarquia":5},"geometry":{"type":"LineString","coordinates":[[-70.89697,-53.14796],[-70.89593,-53.14857]]}},{"type":"Feature","properties":{"nombre":"Coronel José de los Santos Mardones","jerarquia":5},"geometry":{"type":"LineString","coordinates":[[-70.89593,-53.14857],[-70.89544,-53.14886]]}},{"type":"Feature","properties":{"nombre":"Capitán Juan Guillermos","jerarquia":5},"geometry":{"type":"LineString","coordinates":[[-70.89751,-53.15043],[-70.89884,-53.14965]]}},{"type":"Feature","properties":{"nombre":"Capitán Juan Guillermos","jerarquia":5},"geometry":{"type":"LineString","coordinates":[[-70.89884,-53.14965],[-70.89936,-53.14934]]}},{"type":"Feature","properties":{"nombre":"Capitán Juan Guillermos","jerarquia":5},"geometry":{"type":"LineString","coordinates":[[-70.89936,-53.14934],[-70.89988,-53.14904]]}},{"type":"Feature","properties":{"nombre":"Capitán Juan Guillermos","jerarquia":5},"geometry":{"type":"LineString","coordinates":[[-70.89988,-53.14904],[-70.90037,-53.14875]]}},{"type":"Feature","properties":{"nombre":"Capitán Juan Guillermos","jerarquia":5},"geometry":{"type":"LineString","coordinates":[[-70.90037,-53.14875],[-70.90095,-53.14841]]}},{"type":"Feature","properties":{"nombre":"Capitán Juan Guillermos","jerarquia":5},"geometry":{"type":"LineString","coordinates":[[-70.90095,-53.14841],[-70.90117,-53.14828]]}},{"type":"Feature","properties":{"nombre":"Capitán Juan Guillermos","jerarquia":5},"geometry":{"type":"LineString","coordinates":[[-70.90117,-53.14828],[-70.90176,-53.14794]]}},{"type":"Feature","properties":{"nombre":"Kuzma Slavic Kinkela","jerarquia":5},"geometry":{"type":"LineString","coordinates":[[-70.87821,-53.14245],[-70.87935,-53.1417]]}},{"type":"Feature","properties":{"nombre":"Kuzma Slavic Kinkela","jerarquia":5},"geometry":{"type":"LineString","coordinates":[[-70.87935,-53.1417],[-70.88083,-53.14074]]}},{"type":"Feature","properties":{"nombre":"Uruguay","jerarquia":5},"geometry":{"type":"LineString","coordinates":[[-70.87842,-53.13941],[-70.87905,-53.13976]]}},{"type":"Feature","properties":{"nombre":"Uruguay","jerarquia":5},"geometry":{"type":"LineString","coordinates":[[-70.87905,-53.13976],[-70.87964,-53.14009]]}},{"type":"Feature","properties":{"nombre":"Uruguay","jerarquia":5},"geometry":{"type":"LineString","coordinates":[[-70.87964,-53.14009],[-70.88012,-53.14036]]}},{"type":"Feature","properties":{"nombre":"Uruguay","jerarquia":5},"geometry":{"type":"LineString","coordinates":[[-70.88012,-53.14036],[-70.88083,-53.14074]]}},{"type":"Feature","properties":{"nombre":"Avenida Costanera del Estrecho","jerarquia":3},"geometry":{"type":"LineString","coordinates":[[-70.87961,-53.14327],[-70.88041,-53.1438],[-70.88155,-53.14443]]}},{"type":"Feature","properties":{"nombre":"Avenida Costanera del Estrecho","jerarquia":3},"geometry":{"type":"LineString","coordinates":[[-70.88155,-53.14443],[-70.88205,-53.1448],[-70.88242,-53.14515]]}},{"type":"Feature","properties":{"nombre":"Club Hípico","jerarquia":5},"geometry":{"type":"LineString","coordinates":[[-70.88552,-53.15282],[-70.88574,-53.15292],[-70.88597,-53.15292]]}},{"type":"Feature","properties":{"nombre":"","jerarquia":3},"geometry":{"type":"LineString","coordinates":[[-70.87824,-53.14246],[-70.87825,-53.14255],[-70.87821,-53.14261],[-70.87801,-53.14266]]}},{"type":"Feature","properties":{"nombre":"El Ovejero","jerarquia":5},"geometry":{"type":"LineString","coordinates":[[-70.89896,-53.144],[-70.89928,-53.14381]]}},{"type":"Feature","properties":{"nombre":"Capitán Juan Guillermos","jerarquia":5},"geometry":{"type":"LineString","coordinates":[[-70.91871,-53.13798],[-70.91861,-53.13803]]}},{"type":"Feature","properties":{"nombre":"Capitán Juan Guillermos","jerarquia":5},"geometry":{"type":"LineString","coordinates":[[-70.91861,-53.13803],[-70.91826,-53.13824]]}},{"type":"Feature","properties":{"nombre":"Capitán Juan Guillermos","jerarquia":5},"geometry":{"type":"LineString","coordinates":[[-70.91826,-53.13824],[-70.91717,-53.13888]]}},{"type":"Feature","properties":{"nombre":"Capitán Juan Guillermos","jerarquia":5},"geometry":{"type":"LineString","coordinates":[[-70.91717,-53.13888],[-70.91661,-53.13921]]}},{"type":"Feature","properties":{"nombre":"Capitán Juan Guillermos","jerarquia":5},"geometry":{"type":"LineString","coordinates":[[-70.91661,-53.13921],[-70.91596,-53.1396]]}},{"type":"Feature","properties":{"nombre":"Capitán Juan Guillermos","jerarquia":5},"geometry":{"type":"LineString","coordinates":[[-70.91596,-53.1396],[-70.91521,-53.14004]]}},{"type":"Feature","properties":{"nombre":"Capitán Juan Guillermos","jerarquia":5},"geometry":{"type":"LineString","coordinates":[[-70.91521,-53.14004],[-70.91366,-53.14095]]}},{"type":"Feature","properties":{"nombre":"Capitán Juan Guillermos","jerarquia":5},"geometry":{"type":"LineString","coordinates":[[-70.91366,-53.14095],[-70.91238,-53.14171]]}},{"type":"Feature","properties":{"nombre":"Capitán Juan Guillermos","jerarquia":5},"geometry":{"type":"LineString","coordinates":[[-70.91238,-53.14171],[-70.9118,-53.14205]]}},{"type":"Feature","properties":{"nombre":"Capitán Juan Guillermos","jerarquia":5},"geometry":{"type":"LineString","coordinates":[[-70.9118,-53.14205],[-70.9111,-53.14247]]}},{"type":"Feature","properties":{"nombre":"Capitán Juan Guillermos","jerarquia":5},"geometry":{"type":"LineString","coordinates":[[-70.9111,-53.14247],[-70.91057,-53.14277]]}},{"type":"Feature","properties":{"nombre":"Capitán Juan Guillermos","jerarquia":5},"geometry":{"type":"LineString","coordinates":[[-70.91057,-53.14277],[-70.91008,-53.14306]]}},{"type":"Feature","properties":{"nombre":"Capitán Juan Guillermos","jerarquia":5},"geometry":{"type":"LineString","coordinates":[[-70.91008,-53.14306],[-70.91002,-53.1431]]}},{"type":"Feature","properties":{"nombre":"Capitán Juan Guillermos","jerarquia":5},"geometry":{"type":"LineString","coordinates":[[-70.91002,-53.1431],[-70.90954,-53.14339]]}},{"type":"Feature","properties":{"nombre":"Capitán Juan Guillermos","jerarquia":5},"geometry":{"type":"LineString","coordinates":[[-70.90954,-53.14339],[-70.90897,-53.14372]]}},{"type":"Feature","properties":{"nombre":"Acceso Zona Franca","jerarquia":5},"geometry":{"type":"LineString","coordinates":[[-70.87925,-53.13186],[-70.87889,-53.1321]]}},{"type":"Feature","properties":{"nombre":"Acceso Zona Franca","jerarquia":5},"geometry":{"type":"LineString","coordinates":[[-70.87889,-53.1321],[-70.87881,-53.13216]]}},{"type":"Feature","properties":{"nombre":"Avenida 2 Sur","jerarquia":5},"geometry":{"type":"LineString","coordinates":[[-70.86863,-53.13841],[-70.86985,-53.13763]]}},{"type":"Feature","properties":{"nombre":"Avenida 2 Sur","jerarquia":5},"geometry":{"type":"LineString","coordinates":[[-70.86985,-53.13763],[-70.86994,-53.13756]]}},{"type":"Feature","properties":{"nombre":"Avenida 2 Sur","jerarquia":5},"geometry":{"type":"LineString","coordinates":[[-70.86994,-53.13756],[-70.87228,-53.13601]]}},{"type":"Feature","properties":{"nombre":"Avenida 2 Sur","jerarquia":5},"geometry":{"type":"LineString","coordinates":[[-70.87228,-53.13601],[-70.87369,-53.13511]]}},{"type":"Feature","properties":{"nombre":"Avenida Presidente Manuel Bulnes","jerarquia":3},"geometry":{"type":"LineString","coordinates":[[-70.86997,-53.12414],[-70.8702,-53.12451],[-70.87115,-53.12564]]}},{"type":"Feature","properties":{"nombre":"Avenida Presidente Manuel Bulnes","jerarquia":3},"geometry":{"type":"LineString","coordinates":[[-70.87115,-53.12564],[-70.87261,-53.12737]]}},{"type":"Feature","properties":{"nombre":"Avenida Presidente Manuel Bulnes","jerarquia":3},"geometry":{"type":"LineString","coordinates":[[-70.87261,-53.12737],[-70.87344,-53.12813]]}},{"type":"Feature","properties":{"nombre":"Avenida Presidente Manuel Bulnes","jerarquia":3},"geometry":{"type":"LineString","coordinates":[[-70.87344,-53.12813],[-70.87443,-53.12887],[-70.87523,-53.12938]]}},{"type":"Feature","properties":{"nombre":"Avenida Costanera del Estrecho","jerarquia":3},"geometry":{"type":"LineString","coordinates":[[-70.89127,-53.16299],[-70.89151,-53.16315],[-70.89194,-53.16333],[-70.89242,-53.16344],[-70.89288,-53.16347]]}},{"type":"Feature","properties":{"nombre":"Avenida España","jerarquia":4},"geometry":{"type":"LineString","coordinates":[[-70.90943,-53.15596],[-70.90963,-53.15615]]}},{"type":"Feature","properties":{"nombre":"Avenida España","jerarquia":4},"geometry":{"type":"LineString","coordinates":[[-70.90963,-53.15615],[-70.90966,-53.15618]]}},{"type":"Feature","properties":{"nombre":"Avenida España","jerarquia":4},"geometry":{"type":"LineString","coordinates":[[-70.90966,-53.15618],[-70.91042,-53.15697]]}},{"type":"Feature","properties":{"nombre":"Avenida España","jerarquia":4},"geometry":{"type":"LineString","coordinates":[[-70.91042,-53.15697],[-70.91127,-53.15787]]}},{"type":"Feature","properties":{"nombre":"Avenida España","jerarquia":4},"geometry":{"type":"LineString","coordinates":[[-70.91127,-53.15787],[-70.91148,-53.15808]]}},{"type":"Feature","properties":{"nombre":"Avenida España","jerarquia":4},"geometry":{"type":"LineString","coordinates":[[-70.91148,-53.15808],[-70.91151,-53.15812]]}},{"type":"Feature","properties":{"nombre":"Avenida España","jerarquia":4},"geometry":{"type":"LineString","coordinates":[[-70.90938,-53.15648],[-70.90919,-53.15628]]}},{"type":"Feature","properties":{"nombre":"Avenida España","jerarquia":4},"geometry":{"type":"LineString","coordinates":[[-70.90919,-53.15628],[-70.90915,-53.15623]]}},{"type":"Feature","properties":{"nombre":"Avenida España","jerarquia":4},"geometry":{"type":"LineString","coordinates":[[-70.90915,-53.15623],[-70.90821,-53.15526]]}},{"type":"Feature","properties":{"nombre":"Avenida España","jerarquia":4},"geometry":{"type":"LineString","coordinates":[[-70.90821,-53.15526],[-70.90736,-53.15438]]}},{"type":"Feature","properties":{"nombre":"Avenida España","jerarquia":4},"geometry":{"type":"LineString","coordinates":[[-70.90736,-53.15438],[-70.90691,-53.15392]]}},{"type":"Feature","properties":{"nombre":"Avenida España","jerarquia":4},"geometry":{"type":"LineString","coordinates":[[-70.90691,-53.15392],[-70.90648,-53.15346]]}},{"type":"Feature","properties":{"nombre":"Gobernador Carlos Bories","jerarquia":3},"geometry":{"type":"LineString","coordinates":[[-70.90562,-53.15934],[-70.90585,-53.15954]]}},{"type":"Feature","properties":{"nombre":"Gobernador Carlos Bories","jerarquia":3},"geometry":{"type":"LineString","coordinates":[[-70.90585,-53.15954],[-70.90616,-53.15984]]}},{"type":"Feature","properties":{"nombre":"Gobernador Carlos Bories","jerarquia":3},"geometry":{"type":"LineString","coordinates":[[-70.90616,-53.15984],[-70.90642,-53.16009]]}},{"type":"Feature","properties":{"nombre":"Gobernador Carlos Bories","jerarquia":3},"geometry":{"type":"LineString","coordinates":[[-70.90642,-53.16009],[-70.90737,-53.161]]}},{"type":"Feature","properties":{"nombre":"Gobernador Carlos Bories","jerarquia":3},"geometry":{"type":"LineString","coordinates":[[-70.90737,-53.161],[-70.90824,-53.16183]]}},{"type":"Feature","properties":{"nombre":"Gobernador Carlos Bories","jerarquia":3},"geometry":{"type":"LineString","coordinates":[[-70.90824,-53.16183],[-70.90832,-53.16192]]}},{"type":"Feature","properties":{"nombre":"Hernando de Magallanes","jerarquia":3},"geometry":{"type":"LineString","coordinates":[[-70.90431,-53.1601],[-70.90415,-53.15994]]}},{"type":"Feature","properties":{"nombre":"21 de Mayo","jerarquia":3},"geometry":{"type":"LineString","coordinates":[[-70.91329,-53.16807],[-70.91435,-53.16876]]}},{"type":"Feature","properties":{"nombre":"21 de Mayo","jerarquia":3},"geometry":{"type":"LineString","coordinates":[[-70.91435,-53.16876],[-70.91471,-53.16904]]}},{"type":"Feature","properties":{"nombre":"Presidente Jorge Montt","jerarquia":4},"geometry":{"type":"LineString","coordinates":[[-70.89779,-53.1599],[-70.89802,-53.16011]]}},{"type":"Feature","properties":{"nombre":"Presidente Jorge Montt","jerarquia":4},"geometry":{"type":"LineString","coordinates":[[-70.89632,-53.15854],[-70.89728,-53.15944]]}},{"type":"Feature","properties":{"nombre":"Presidente Jorge Montt","jerarquia":4},"geometry":{"type":"LineString","coordinates":[[-70.89728,-53.15944],[-70.89779,-53.1599]]}},{"type":"Feature","properties":{"nombre":"Gobernador Carlos Bories","jerarquia":3},"geometry":{"type":"LineString","coordinates":[[-70.90426,-53.15802],[-70.9052,-53.15893]]}},{"type":"Feature","properties":{"nombre":"Gobernador Carlos Bories","jerarquia":3},"geometry":{"type":"LineString","coordinates":[[-70.9052,-53.15893],[-70.90562,-53.15934]]}},{"type":"Feature","properties":{"nombre":"Avenida España","jerarquia":4},"geometry":{"type":"LineString","coordinates":[[-70.93053,-53.17678],[-70.93042,-53.17668]]}},{"type":"Feature","properties":{"nombre":"Avenida España","jerarquia":4},"geometry":{"type":"LineString","coordinates":[[-70.93042,-53.17668],[-70.92882,-53.17523]]}},{"type":"Feature","properties":{"nombre":"Avenida España","jerarquia":4},"geometry":{"type":"LineString","coordinates":[[-70.92882,-53.17523],[-70.92779,-53.17428]]}},{"type":"Feature","properties":{"nombre":"Avenida España","jerarquia":4},"geometry":{"type":"LineString","coordinates":[[-70.88216,-53.13362],[-70.88299,-53.13397]]}},{"type":"Feature","properties":{"nombre":"Avenida España","jerarquia":4},"geometry":{"type":"LineString","coordinates":[[-70.88299,-53.13397],[-70.88413,-53.13442]]}},{"type":"Feature","properties":{"nombre":"Avenida España","jerarquia":4},"geometry":{"type":"LineString","coordinates":[[-70.88413,-53.13442],[-70.88443,-53.13456]]}},{"type":"Feature","properties":{"nombre":"Avenida España","jerarquia":4},"geometry":{"type":"LineString","coordinates":[[-70.88443,-53.13456],[-70.88512,-53.1349]]}},{"type":"Feature","properties":{"nombre":"Avenida España","jerarquia":4},"geometry":{"type":"LineString","coordinates":[[-70.88512,-53.1349],[-70.88604,-53.13546]]}},{"type":"Feature","properties":{"nombre":"Avenida España","jerarquia":4},"geometry":{"type":"LineString","coordinates":[[-70.88604,-53.13546],[-70.88688,-53.13598]]}},{"type":"Feature","properties":{"nombre":"Avenida España","jerarquia":4},"geometry":{"type":"LineString","coordinates":[[-70.88688,-53.13598],[-70.88757,-53.13638]]}},{"type":"Feature","properties":{"nombre":"Avenida España","jerarquia":4},"geometry":{"type":"LineString","coordinates":[[-70.88757,-53.13638],[-70.88818,-53.13676]]}},{"type":"Feature","properties":{"nombre":"Avenida España","jerarquia":4},"geometry":{"type":"LineString","coordinates":[[-70.88818,-53.13676],[-70.88873,-53.13708]]}},{"type":"Feature","properties":{"nombre":"Avenida España","jerarquia":4},"geometry":{"type":"LineString","coordinates":[[-70.88873,-53.13708],[-70.88928,-53.13741]]}},{"type":"Feature","properties":{"nombre":"Avenida España","jerarquia":4},"geometry":{"type":"LineString","coordinates":[[-70.88928,-53.13741],[-70.88988,-53.13777]]}},{"type":"Feature","properties":{"nombre":"Avenida España","jerarquia":4},"geometry":{"type":"LineString","coordinates":[[-70.88988,-53.13777],[-70.89234,-53.13926]]}},{"type":"Feature","properties":{"nombre":"Avenida España","jerarquia":4},"geometry":{"type":"LineString","coordinates":[[-70.89234,-53.13926],[-70.89368,-53.14014]]}},{"type":"Feature","properties":{"nombre":"Avenida España","jerarquia":4},"geometry":{"type":"LineString","coordinates":[[-70.89368,-53.14014],[-70.89468,-53.1408]]}},{"type":"Feature","properties":{"nombre":"Pedro Bórquez Saldivia","jerarquia":5},"geometry":{"type":"LineString","coordinates":[[-70.92983,-53.15503],[-70.92995,-53.15501]]}},{"type":"Feature","properties":{"nombre":"Gaspar Marín","jerarquia":5},"geometry":{"type":"LineString","coordinates":[[-70.94422,-53.16129],[-70.94403,-53.16133]]}},{"type":"Feature","properties":{"nombre":"Gaspar Marín","jerarquia":5},"geometry":{"type":"LineString","coordinates":[[-70.94403,-53.16133],[-70.94347,-53.16147]]}},{"type":"Feature","properties":{"nombre":"Gaspar Marín","jerarquia":5},"geometry":{"type":"LineString","coordinates":[[-70.94347,-53.16147],[-70.94289,-53.1616]]}},{"type":"Feature","properties":{"nombre":"Gaspar Marín","jerarquia":5},"geometry":{"type":"LineString","coordinates":[[-70.94289,-53.1616],[-70.94232,-53.16173]]}},{"type":"Feature","properties":{"nombre":"Gaspar Marín","jerarquia":5},"geometry":{"type":"LineString","coordinates":[[-70.94232,-53.16173],[-70.94177,-53.16187]]}},{"type":"Feature","properties":{"nombre":"Gaspar Marín","jerarquia":5},"geometry":{"type":"LineString","coordinates":[[-70.94177,-53.16187],[-70.9412,-53.16202]]}},{"type":"Feature","properties":{"nombre":"Gaspar Marín","jerarquia":5},"geometry":{"type":"LineString","coordinates":[[-70.9412,-53.16202],[-70.93968,-53.16254]]}},{"type":"Feature","properties":{"nombre":"Gaspar Marín","jerarquia":5},"geometry":{"type":"LineString","coordinates":[[-70.93968,-53.16254],[-70.93772,-53.16322]]}},{"type":"Feature","properties":{"nombre":"Gaspar Marín","jerarquia":5},"geometry":{"type":"LineString","coordinates":[[-70.93772,-53.16322],[-70.93563,-53.16397]]}},{"type":"Feature","properties":{"nombre":"Avenida Circunvalación General Ramón Cañas Montalva","jerarquia":5},"geometry":{"type":"LineString","coordinates":[[-70.94692,-53.16025],[-70.94713,-53.16057]]}},{"type":"Feature","properties":{"nombre":"Cirujano Videla","jerarquia":5},"geometry":{"type":"LineString","coordinates":[[-70.92073,-53.14619],[-70.91995,-53.14571]]}},{"type":"Feature","properties":{"nombre":"General Juan Salvo","jerarquia":5},"geometry":{"type":"LineString","coordinates":[[-70.92529,-53.14554],[-70.92514,-53.14557]]}},{"type":"Feature","properties":{"nombre":"General Juan Salvo","jerarquia":5},"geometry":{"type":"LineString","coordinates":[[-70.92514,-53.14557],[-70.92433,-53.14574]]}},{"type":"Feature","properties":{"nombre":"General Juan Salvo","jerarquia":5},"geometry":{"type":"LineString","coordinates":[[-70.92433,-53.14574],[-70.92363,-53.14589]]}},{"type":"Feature","properties":{"nombre":"General Juan Salvo","jerarquia":5},"geometry":{"type":"LineString","coordinates":[[-70.92363,-53.14589],[-70.9229,-53.14605]]}},{"type":"Feature","properties":{"nombre":"General Juan Salvo","jerarquia":5},"geometry":{"type":"LineString","coordinates":[[-70.9229,-53.14605],[-70.92212,-53.1462]]}},{"type":"Feature","properties":{"nombre":"General Juan Salvo","jerarquia":5},"geometry":{"type":"LineString","coordinates":[[-70.92212,-53.1462],[-70.92154,-53.14634],[-70.92113,-53.14651]]}},{"type":"Feature","properties":{"nombre":"Hornillas","jerarquia":5},"geometry":{"type":"LineString","coordinates":[[-70.91131,-53.13368],[-70.9112,-53.13376]]}},{"type":"Feature","properties":{"nombre":"Hornillas","jerarquia":5},"geometry":{"type":"LineString","coordinates":[[-70.9112,-53.13376],[-70.90966,-53.13471]]}},{"type":"Feature","properties":{"nombre":"Hornillas","jerarquia":5},"geometry":{"type":"LineString","coordinates":[[-70.90966,-53.13471],[-70.90954,-53.13478]]}},{"type":"Feature","properties":{"nombre":"Hornillas","jerarquia":5},"geometry":{"type":"LineString","coordinates":[[-70.90954,-53.13478],[-70.90913,-53.13502]]}},{"type":"Feature","properties":{"nombre":"Hornillas","jerarquia":5},"geometry":{"type":"LineString","coordinates":[[-70.90913,-53.13502],[-70.90867,-53.13528]]}},{"type":"Feature","properties":{"nombre":"Hornillas","jerarquia":5},"geometry":{"type":"LineString","coordinates":[[-70.90867,-53.13528],[-70.90794,-53.13573]]}},{"type":"Feature","properties":{"nombre":"Hornillas","jerarquia":5},"geometry":{"type":"LineString","coordinates":[[-70.90794,-53.13573],[-70.90746,-53.13601]]}},{"type":"Feature","properties":{"nombre":"Hornillas","jerarquia":5},"geometry":{"type":"LineString","coordinates":[[-70.90746,-53.13601],[-70.907,-53.13627]]}},{"type":"Feature","properties":{"nombre":"Hornillas","jerarquia":5},"geometry":{"type":"LineString","coordinates":[[-70.907,-53.13627],[-70.90649,-53.13659]]}},{"type":"Feature","properties":{"nombre":"Hornillas","jerarquia":5},"geometry":{"type":"LineString","coordinates":[[-70.90649,-53.13659],[-70.90521,-53.13736]]}},{"type":"Feature","properties":{"nombre":"Hornillas","jerarquia":5},"geometry":{"type":"LineString","coordinates":[[-70.90521,-53.13736],[-70.90464,-53.1377]]}},{"type":"Feature","properties":{"nombre":"Hornillas","jerarquia":5},"geometry":{"type":"LineString","coordinates":[[-70.90464,-53.1377],[-70.90371,-53.13826]]}},{"type":"Feature","properties":{"nombre":"Hornillas","jerarquia":5},"geometry":{"type":"LineString","coordinates":[[-70.90371,-53.13826],[-70.90327,-53.13852]]}},{"type":"Feature","properties":{"nombre":"Hornillas","jerarquia":5},"geometry":{"type":"LineString","coordinates":[[-70.90327,-53.13852],[-70.90278,-53.13881]]}},{"type":"Feature","properties":{"nombre":"Hornillas","jerarquia":5},"geometry":{"type":"LineString","coordinates":[[-70.90278,-53.13881],[-70.90253,-53.13896]]}},{"type":"Feature","properties":{"nombre":"Hornillas","jerarquia":5},"geometry":{"type":"LineString","coordinates":[[-70.90253,-53.13896],[-70.90229,-53.1391]]}},{"type":"Feature","properties":{"nombre":"Hornillas","jerarquia":5},"geometry":{"type":"LineString","coordinates":[[-70.90229,-53.1391],[-70.90182,-53.13937]]}},{"type":"Feature","properties":{"nombre":"Hornillas","jerarquia":5},"geometry":{"type":"LineString","coordinates":[[-70.90182,-53.13937],[-70.9017,-53.13945]]}},{"type":"Feature","properties":{"nombre":"Hornillas","jerarquia":5},"geometry":{"type":"LineString","coordinates":[[-70.9017,-53.13945],[-70.90119,-53.13976]]}},{"type":"Feature","properties":{"nombre":"Hornillas","jerarquia":5},"geometry":{"type":"LineString","coordinates":[[-70.90119,-53.13976],[-70.90057,-53.14013]]}},{"type":"Feature","properties":{"nombre":"Hornillas","jerarquia":5},"geometry":{"type":"LineString","coordinates":[[-70.90057,-53.14013],[-70.9001,-53.14041]]}},{"type":"Feature","properties":{"nombre":"Hornillas","jerarquia":5},"geometry":{"type":"LineString","coordinates":[[-70.9001,-53.14041],[-70.89901,-53.14104]]}},{"type":"Feature","properties":{"nombre":"Hornillas","jerarquia":5},"geometry":{"type":"LineString","coordinates":[[-70.89901,-53.14104],[-70.89849,-53.14136]]}},{"type":"Feature","properties":{"nombre":"Hornillas","jerarquia":5},"geometry":{"type":"LineString","coordinates":[[-70.89849,-53.14136],[-70.89798,-53.14166]]}},{"type":"Feature","properties":{"nombre":"Coronel José de los Santos Mardones","jerarquia":5},"geometry":{"type":"LineString","coordinates":[[-70.90162,-53.14522],[-70.90093,-53.14563]]}},{"type":"Feature","properties":{"nombre":"Coronel José de los Santos Mardones","jerarquia":5},"geometry":{"type":"LineString","coordinates":[[-70.90093,-53.14563],[-70.90052,-53.14587]]}},{"type":"Feature","properties":{"nombre":"Coronel José de los Santos Mardones","jerarquia":5},"geometry":{"type":"LineString","coordinates":[[-70.90052,-53.14587],[-70.90017,-53.14607]]}},{"type":"Feature","properties":{"nombre":"Avenida Circunvalación General Ramón Cañas Montalva","jerarquia":5},"geometry":{"type":"LineString","coordinates":[[-70.93028,-53.13683],[-70.92983,-53.13648]]}},{"type":"Feature","properties":{"nombre":"Avenida Circunvalación General Ramón Cañas Montalva","jerarquia":5},"geometry":{"type":"LineString","coordinates":[[-70.92983,-53.13648],[-70.92943,-53.1362]]}},{"type":"Feature","properties":{"nombre":"Avenida Circunvalación General Ramón Cañas Montalva","jerarquia":5},"geometry":{"type":"LineString","coordinates":[[-70.92943,-53.1362],[-70.92908,-53.13596]]}},{"type":"Feature","properties":{"nombre":"Avenida Circunvalación General Ramón Cañas Montalva","jerarquia":5},"geometry":{"type":"LineString","coordinates":[[-70.92908,-53.13596],[-70.92813,-53.13535]]}},{"type":"Feature","properties":{"nombre":"General Estanislao del Canto","jerarquia":5},"geometry":{"type":"LineString","coordinates":[[-70.91099,-53.1508],[-70.91231,-53.1501]]}},{"type":"Feature","properties":{"nombre":"General Estanislao del Canto","jerarquia":5},"geometry":{"type":"LineString","coordinates":[[-70.91231,-53.1501],[-70.91363,-53.14935]]}},{"type":"Feature","properties":{"nombre":"General Estanislao del Canto","jerarquia":5},"geometry":{"type":"LineString","coordinates":[[-70.91363,-53.14935],[-70.91496,-53.14859]]}},{"type":"Feature","properties":{"nombre":"Avenida Guillermo Pérez de Arce","jerarquia":5},"geometry":{"type":"LineString","coordinates":[[-70.92894,-53.16485],[-70.92754,-53.16538]]}},{"type":"Feature","properties":{"nombre":"Avenida Guillermo Pérez de Arce","jerarquia":5},"geometry":{"type":"LineString","coordinates":[[-70.92754,-53.16538],[-70.92653,-53.16579]]}},{"type":"Feature","properties":{"nombre":"Avenida Guillermo Pérez de Arce","jerarquia":5},"geometry":{"type":"LineString","coordinates":[[-70.92653,-53.16579],[-70.92608,-53.16599],[-70.92353,-53.16689],[-70.92284,-53.16701]]}},{"type":"Feature","properties":{"nombre":"Avenida Guillermo Pérez de Arce","jerarquia":5},"geometry":{"type":"LineString","coordinates":[[-70.92284,-53.16701],[-70.92134,-53.16757]]}},{"type":"Feature","properties":{"nombre":"","jerarquia":3},"geometry":{"type":"LineString","coordinates":[[-70.92236,-53.18012],[-70.92234,-53.18003]]}},{"type":"Feature","properties":{"nombre":"Ramón Carnicer","jerarquia":5},"geometry":{"type":"LineString","coordinates":[[-70.94838,-53.16539],[-70.94791,-53.16551]]}},{"type":"Feature","properties":{"nombre":"Ramón Carnicer","jerarquia":5},"geometry":{"type":"LineString","coordinates":[[-70.94791,-53.16551],[-70.94756,-53.1656]]}},{"type":"Feature","properties":{"nombre":"Ramón Carnicer","jerarquia":5},"geometry":{"type":"LineString","coordinates":[[-70.94756,-53.1656],[-70.94698,-53.16575]]}},{"type":"Feature","properties":{"nombre":"Ramón Carnicer","jerarquia":5},"geometry":{"type":"LineString","coordinates":[[-70.94698,-53.16575],[-70.94639,-53.1659]]}},{"type":"Feature","properties":{"nombre":"Ramón Carnicer","jerarquia":5},"geometry":{"type":"LineString","coordinates":[[-70.94639,-53.1659],[-70.94588,-53.16603]]}},{"type":"Feature","properties":{"nombre":"Ramón Carnicer","jerarquia":5},"geometry":{"type":"LineString","coordinates":[[-70.94588,-53.16603],[-70.94532,-53.16617]]}},{"type":"Feature","properties":{"nombre":"Ramón Carnicer","jerarquia":5},"geometry":{"type":"LineString","coordinates":[[-70.94532,-53.16617],[-70.94478,-53.16631]]}},{"type":"Feature","properties":{"nombre":"Ramón Carnicer","jerarquia":5},"geometry":{"type":"LineString","coordinates":[[-70.94478,-53.16631],[-70.94421,-53.16646]]}},{"type":"Feature","properties":{"nombre":"Avenida Presidente Jorge Alessandri Rodríguez","jerarquia":5},"geometry":{"type":"LineString","coordinates":[[-70.92772,-53.18443],[-70.92865,-53.18405]]}},{"type":"Feature","properties":{"nombre":"Avenida Presidente Jorge Alessandri Rodríguez","jerarquia":5},"geometry":{"type":"LineString","coordinates":[[-70.92865,-53.18405],[-70.92973,-53.18361]]}},{"type":"Feature","properties":{"nombre":"Avenida Presidente Jorge Alessandri Rodríguez","jerarquia":5},"geometry":{"type":"LineString","coordinates":[[-70.92973,-53.18361],[-70.93009,-53.18347]]}},{"type":"Feature","properties":{"nombre":"Manuel Rodríguez","jerarquia":5},"geometry":{"type":"LineString","coordinates":[[-70.92704,-53.17041],[-70.92718,-53.17046],[-70.92773,-53.17097]]}},{"type":"Feature","properties":{"nombre":"Manuel Rodríguez","jerarquia":5},"geometry":{"type":"LineString","coordinates":[[-70.92773,-53.17097],[-70.92799,-53.17121]]}},{"type":"Feature","properties":{"nombre":"Avenida Presidente Pedro Aguirre Cerda","jerarquia":5},"geometry":{"type":"LineString","coordinates":[[-70.94388,-53.17135],[-70.94315,-53.1717]]}},{"type":"Feature","properties":{"nombre":"Avenida Presidente Eduardo Frei Montalva","jerarquia":4},"geometry":{"type":"LineString","coordinates":[[-70.92834,-53.15203],[-70.92894,-53.15314]]}},{"type":"Feature","properties":{"nombre":"Avenida Presidente Eduardo Frei Montalva","jerarquia":4},"geometry":{"type":"LineString","coordinates":[[-70.92894,-53.15314],[-70.92945,-53.15408]]}},{"type":"Feature","properties":{"nombre":"Avenida Presidente Eduardo Frei Montalva","jerarquia":4},"geometry":{"type":"LineString","coordinates":[[-70.92945,-53.15408],[-70.92987,-53.15485]]}},{"type":"Feature","properties":{"nombre":"Avenida Presidente Eduardo Frei Montalva","jerarquia":4},"geometry":{"type":"LineString","coordinates":[[-70.92987,-53.15485],[-70.92995,-53.15501]]}},{"type":"Feature","properties":{"nombre":"Avenida Presidente Eduardo Frei Montalva","jerarquia":4},"geometry":{"type":"LineString","coordinates":[[-70.93177,-53.15844],[-70.93162,-53.15819]]}},{"type":"Feature","properties":{"nombre":"Avenida Presidente Eduardo Frei Montalva","jerarquia":4},"geometry":{"type":"LineString","coordinates":[[-70.93162,-53.15819],[-70.93159,-53.15814]]}},{"type":"Feature","properties":{"nombre":"","jerarquia":4},"geometry":{"type":"LineString","coordinates":[[-70.92329,-53.17953],[-70.92342,-53.17955],[-70.92346,-53.17964]]}},{"type":"Feature","properties":{"nombre":"Avenida Presidente Salvador Allende Gossens","jerarquia":4},"geometry":{"type":"LineString","coordinates":[[-70.93177,-53.15844],[-70.92984,-53.15917]]}},{"type":"Feature","properties":{"nombre":"Avenida Presidente Salvador Allende Gossens","jerarquia":4},"geometry":{"type":"LineString","coordinates":[[-70.92984,-53.15917],[-70.92827,-53.15978]]}},{"type":"Feature","properties":{"nombre":"Avenida Presidente Salvador Allende Gossens","jerarquia":4},"geometry":{"type":"LineString","coordinates":[[-70.92827,-53.15978],[-70.92665,-53.1604]]}},{"type":"Feature","properties":{"nombre":"Avenida Presidente Salvador Allende Gossens","jerarquia":4},"geometry":{"type":"LineString","coordinates":[[-70.92665,-53.1604],[-70.92499,-53.16103]]}},{"type":"Feature","properties":{"nombre":"Avenida Presidente Salvador Allende Gossens","jerarquia":4},"geometry":{"type":"LineString","coordinates":[[-70.92499,-53.16103],[-70.92353,-53.16159]]}},{"type":"Feature","properties":{"nombre":"José Nogueira","jerarquia":3},"geometry":{"type":"LineString","coordinates":[[-70.90929,-53.16282],[-70.90979,-53.1633]]}},{"type":"Feature","properties":{"nombre":"José Nogueira","jerarquia":3},"geometry":{"type":"LineString","coordinates":[[-70.90979,-53.1633],[-70.91016,-53.16366]]}},{"type":"Feature","properties":{"nombre":"José Nogueira","jerarquia":3},"geometry":{"type":"LineString","coordinates":[[-70.91016,-53.16366],[-70.91024,-53.16374]]}},{"type":"Feature","properties":{"nombre":"José Nogueira","jerarquia":3},"geometry":{"type":"LineString","coordinates":[[-70.91024,-53.16374],[-70.91122,-53.16467]]}},{"type":"Feature","properties":{"nombre":"José Nogueira","jerarquia":3},"geometry":{"type":"LineString","coordinates":[[-70.91122,-53.16467],[-70.91216,-53.16557]]}},{"type":"Feature","properties":{"nombre":"José Nogueira","jerarquia":3},"geometry":{"type":"LineString","coordinates":[[-70.91216,-53.16557],[-70.91244,-53.16584]]}},{"type":"Feature","properties":{"nombre":"José Nogueira","jerarquia":3},"geometry":{"type":"LineString","coordinates":[[-70.91244,-53.16584],[-70.91339,-53.16674]]}},{"type":"Feature","properties":{"nombre":"Avenida Independencia","jerarquia":4},"geometry":{"type":"LineString","coordinates":[[-70.91716,-53.16365],[-70.91866,-53.16308]]}},{"type":"Feature","properties":{"nombre":"Avenida Independencia","jerarquia":4},"geometry":{"type":"LineString","coordinates":[[-70.91866,-53.16308],[-70.92022,-53.16249]]}},{"type":"Feature","properties":{"nombre":"Santa Juana","jerarquia":5},"geometry":{"type":"LineString","coordinates":[[-70.94059,-53.18277],[-70.94323,-53.18183]]}},{"type":"Feature","properties":{"nombre":"Santa Juana","jerarquia":5},"geometry":{"type":"LineString","coordinates":[[-70.94323,-53.18183],[-70.94452,-53.18137]]}},{"type":"Feature","properties":{"nombre":"Santa Juana","jerarquia":5},"geometry":{"type":"LineString","coordinates":[[-70.94452,-53.18137],[-70.94582,-53.18091]]}},{"type":"Feature","properties":{"nombre":"Santa Juana","jerarquia":5},"geometry":{"type":"LineString","coordinates":[[-70.94582,-53.18091],[-70.94637,-53.18069]]}},{"type":"Feature","properties":{"nombre":"Santa Juana","jerarquia":5},"geometry":{"type":"LineString","coordinates":[[-70.94637,-53.18069],[-70.94691,-53.18051]]}},{"type":"Feature","properties":{"nombre":"Santa Juana","jerarquia":5},"geometry":{"type":"LineString","coordinates":[[-70.94691,-53.18051],[-70.94763,-53.18024]]}},{"type":"Feature","properties":{"nombre":"Santa Juana","jerarquia":5},"geometry":{"type":"LineString","coordinates":[[-70.94763,-53.18024],[-70.94789,-53.18015]]}},{"type":"Feature","properties":{"nombre":"Santa Juana","jerarquia":5},"geometry":{"type":"LineString","coordinates":[[-70.94789,-53.18015],[-70.9495,-53.17959]]}},{"type":"Feature","properties":{"nombre":"Santa Juana","jerarquia":5},"geometry":{"type":"LineString","coordinates":[[-70.9495,-53.17959],[-70.95068,-53.17916]]}},{"type":"Feature","properties":{"nombre":"Gaspar Marín","jerarquia":5},"geometry":{"type":"LineString","coordinates":[[-70.94422,-53.16129],[-70.94556,-53.16095]]}},{"type":"Feature","properties":{"nombre":"Gaspar Marín","jerarquia":5},"geometry":{"type":"LineString","coordinates":[[-70.94556,-53.16095],[-70.94703,-53.1606]]}},{"type":"Feature","properties":{"nombre":"Enrique Abello","jerarquia":5},"geometry":{"type":"LineString","coordinates":[[-70.89234,-53.13926],[-70.89187,-53.13939]]}},{"type":"Feature","properties":{"nombre":"Enrique Abello","jerarquia":5},"geometry":{"type":"LineString","coordinates":[[-70.89187,-53.13939],[-70.89111,-53.1399]]}},{"type":"Feature","properties":{"nombre":"Enrique Abello","jerarquia":5},"geometry":{"type":"LineString","coordinates":[[-70.89111,-53.1399],[-70.89039,-53.14037]]}},{"type":"Feature","properties":{"nombre":"Enrique Abello","jerarquia":5},"geometry":{"type":"LineString","coordinates":[[-70.89039,-53.14037],[-70.88944,-53.14098]]}},{"type":"Feature","properties":{"nombre":"Avenida Manantiales","jerarquia":4},"geometry":{"type":"LineString","coordinates":[[-70.90712,-53.1335],[-70.90698,-53.13359]]}},{"type":"Feature","properties":{"nombre":"Avenida Manantiales","jerarquia":4},"geometry":{"type":"LineString","coordinates":[[-70.90698,-53.13359],[-70.90687,-53.13365]]}},{"type":"Feature","properties":{"nombre":"Avenida Manantiales","jerarquia":4},"geometry":{"type":"LineString","coordinates":[[-70.90687,-53.13365],[-70.90646,-53.13391]]}},{"type":"Feature","properties":{"nombre":"Avenida Manantiales","jerarquia":4},"geometry":{"type":"LineString","coordinates":[[-70.90646,-53.13391],[-70.90606,-53.13415]]}},{"type":"Feature","properties":{"nombre":"Avenida Manantiales","jerarquia":4},"geometry":{"type":"LineString","coordinates":[[-70.90606,-53.13415],[-70.90563,-53.13441]]}},{"type":"Feature","properties":{"nombre":"Avenida Manantiales","jerarquia":4},"geometry":{"type":"LineString","coordinates":[[-70.90563,-53.13441],[-70.90523,-53.13465]]}},{"type":"Feature","properties":{"nombre":"Avenida Manantiales","jerarquia":4},"geometry":{"type":"LineString","coordinates":[[-70.90523,-53.13465],[-70.90454,-53.13505]]}},{"type":"Feature","properties":{"nombre":"Manantiales","jerarquia":5},"geometry":{"type":"LineString","coordinates":[[-70.90909,-53.13217],[-70.9092,-53.13211]]}},{"type":"Feature","properties":{"nombre":"Avenida Presidente Eduardo Frei Montalva","jerarquia":4},"geometry":{"type":"LineString","coordinates":[[-70.9282,-53.15206],[-70.92748,-53.15069]]}},{"type":"Feature","properties":{"nombre":"Avenida Presidente Eduardo Frei Montalva","jerarquia":4},"geometry":{"type":"LineString","coordinates":[[-70.92748,-53.15069],[-70.92736,-53.15035]]}},{"type":"Feature","properties":{"nombre":"Avenida Presidente Eduardo Frei Montalva","jerarquia":4},"geometry":{"type":"LineString","coordinates":[[-70.9267,-53.14806],[-70.92692,-53.14868]]}},{"type":"Feature","properties":{"nombre":"Avenida Presidente Eduardo Frei Montalva","jerarquia":4},"geometry":{"type":"LineString","coordinates":[[-70.92692,-53.14868],[-70.92735,-53.15001]]}},{"type":"Feature","properties":{"nombre":"Avenida Presidente Eduardo Frei Montalva","jerarquia":4},"geometry":{"type":"LineString","coordinates":[[-70.93172,-53.15812],[-70.93186,-53.15836]]}},{"type":"Feature","properties":{"nombre":"Avenida Presidente Eduardo Frei Montalva","jerarquia":4},"geometry":{"type":"LineString","coordinates":[[-70.93186,-53.15836],[-70.93189,-53.15841]]}},{"type":"Feature","properties":{"nombre":"Avenida España","jerarquia":4},"geometry":{"type":"LineString","coordinates":[[-70.91151,-53.15812],[-70.91243,-53.15905]]}},{"type":"Feature","properties":{"nombre":"Avenida España","jerarquia":4},"geometry":{"type":"LineString","coordinates":[[-70.91243,-53.15905],[-70.91335,-53.16]]}},{"type":"Feature","properties":{"nombre":"Avenida España","jerarquia":4},"geometry":{"type":"LineString","coordinates":[[-70.91335,-53.16],[-70.91429,-53.16091]]}},{"type":"Feature","properties":{"nombre":"Avenida España","jerarquia":4},"geometry":{"type":"LineString","coordinates":[[-70.91429,-53.16091],[-70.91521,-53.16179]]}},{"type":"Feature","properties":{"nombre":"Avenida España","jerarquia":4},"geometry":{"type":"LineString","coordinates":[[-70.91521,-53.16179],[-70.91621,-53.16273]]}},{"type":"Feature","properties":{"nombre":"Avenida España","jerarquia":4},"geometry":{"type":"LineString","coordinates":[[-70.91621,-53.16273],[-70.91669,-53.16319]]}},{"type":"Feature","properties":{"nombre":"Avenida España","jerarquia":4},"geometry":{"type":"LineString","coordinates":[[-70.91669,-53.16319],[-70.91708,-53.16358]]}},{"type":"Feature","properties":{"nombre":"Avenida España","jerarquia":4},"geometry":{"type":"LineString","coordinates":[[-70.91708,-53.16358],[-70.91716,-53.16365]]}},{"type":"Feature","properties":{"nombre":"Angamos","jerarquia":5},"geometry":{"type":"LineString","coordinates":[[-70.90571,-53.15257],[-70.90615,-53.15243]]}},{"type":"Feature","properties":{"nombre":"Angamos","jerarquia":5},"geometry":{"type":"LineString","coordinates":[[-70.90615,-53.15243],[-70.90648,-53.15231]]}},{"type":"Feature","properties":{"nombre":"Angamos","jerarquia":5},"geometry":{"type":"LineString","coordinates":[[-70.90648,-53.15231],[-70.90741,-53.152]]}},{"type":"Feature","properties":{"nombre":"Angamos","jerarquia":5},"geometry":{"type":"LineString","coordinates":[[-70.90741,-53.152],[-70.90854,-53.15162]]}},{"type":"Feature","properties":{"nombre":"Angamos","jerarquia":5},"geometry":{"type":"LineString","coordinates":[[-70.90854,-53.15162],[-70.90899,-53.15147]]}},{"type":"Feature","properties":{"nombre":"Angamos","jerarquia":5},"geometry":{"type":"LineString","coordinates":[[-70.90899,-53.15147],[-70.90975,-53.15121]]}},{"type":"Feature","properties":{"nombre":"Angamos","jerarquia":5},"geometry":{"type":"LineString","coordinates":[[-70.90975,-53.15121],[-70.91031,-53.15104]]}},{"type":"Feature","properties":{"nombre":"Angamos","jerarquia":5},"geometry":{"type":"LineString","coordinates":[[-70.91031,-53.15104],[-70.91099,-53.1508]]}},{"type":"Feature","properties":{"nombre":"Angamos","jerarquia":5},"geometry":{"type":"LineString","coordinates":[[-70.89434,-53.15674],[-70.89586,-53.15614]]}},{"type":"Feature","properties":{"nombre":"Angamos","jerarquia":5},"geometry":{"type":"LineString","coordinates":[[-70.89586,-53.15614],[-70.89744,-53.15554]]}},{"type":"Feature","properties":{"nombre":"Angamos","jerarquia":5},"geometry":{"type":"LineString","coordinates":[[-70.89744,-53.15554],[-70.89899,-53.15494]]}},{"type":"Feature","properties":{"nombre":"Angamos","jerarquia":5},"geometry":{"type":"LineString","coordinates":[[-70.89899,-53.15494],[-70.90011,-53.1545]]}},{"type":"Feature","properties":{"nombre":"Angamos","jerarquia":5},"geometry":{"type":"LineString","coordinates":[[-70.90011,-53.1545],[-70.90022,-53.15445]]}},{"type":"Feature","properties":{"nombre":"Chiloé","jerarquia":5},"geometry":{"type":"LineString","coordinates":[[-70.9077,-53.15925],[-70.90794,-53.15948]]}},{"type":"Feature","properties":{"nombre":"Chiloé","jerarquia":5},"geometry":{"type":"LineString","coordinates":[[-70.90794,-53.15948],[-70.90891,-53.16041]]}},{"type":"Feature","properties":{"nombre":"Chiloé","jerarquia":5},"geometry":{"type":"LineString","coordinates":[[-70.90891,-53.16041],[-70.90923,-53.16071]]}},{"type":"Feature","properties":{"nombre":"Chiloé","jerarquia":5},"geometry":{"type":"LineString","coordinates":[[-70.90923,-53.16071],[-70.90986,-53.16132]]}},{"type":"Feature","properties":{"nombre":"Chiloé","jerarquia":5},"geometry":{"type":"LineString","coordinates":[[-70.90986,-53.16132],[-70.91082,-53.16224]]}},{"type":"Feature","properties":{"nombre":"Chiloé","jerarquia":5},"geometry":{"type":"LineString","coordinates":[[-70.91082,-53.16224],[-70.91168,-53.16307]]}},{"type":"Feature","properties":{"nombre":"Chiloé","jerarquia":5},"geometry":{"type":"LineString","coordinates":[[-70.91168,-53.16307],[-70.91176,-53.16314]]}},{"type":"Feature","properties":{"nombre":"Chiloé","jerarquia":5},"geometry":{"type":"LineString","coordinates":[[-70.91176,-53.16314],[-70.91275,-53.16409]]}},{"type":"Feature","properties":{"nombre":"Chiloé","jerarquia":5},"geometry":{"type":"LineString","coordinates":[[-70.91275,-53.16409],[-70.91368,-53.16498]]}},{"type":"Feature","properties":{"nombre":"José Velástegui","jerarquia":4},"geometry":{"type":"LineString","coordinates":[[-70.88496,-53.14854],[-70.88484,-53.14862]]}},{"type":"Feature","properties":{"nombre":"Rotonda Presidente Bulnes/Avenida España","jerarquia":4},"geometry":{"type":"LineString","coordinates":[[-70.88443,-53.13456],[-70.88458,-53.13479],[-70.88451,-53.13497]]}},{"type":"Feature","properties":{"nombre":"Suiza","jerarquia":5},"geometry":{"type":"LineString","coordinates":[[-70.8842,-53.14439],[-70.88404,-53.1443]]}},{"type":"Feature","properties":{"nombre":"Suiza","jerarquia":5},"geometry":{"type":"LineString","coordinates":[[-70.88404,-53.1443],[-70.88351,-53.144]]}},{"type":"Feature","properties":{"nombre":"Suiza","jerarquia":5},"geometry":{"type":"LineString","coordinates":[[-70.88351,-53.144],[-70.88247,-53.14342]]}},{"type":"Feature","properties":{"nombre":"Suiza","jerarquia":5},"geometry":{"type":"LineString","coordinates":[[-70.88247,-53.14342],[-70.88177,-53.14304]]}},{"type":"Feature","properties":{"nombre":"Suiza","jerarquia":5},"geometry":{"type":"LineString","coordinates":[[-70.88177,-53.14304],[-70.88057,-53.14237]]}},{"type":"Feature","properties":{"nombre":"Suiza","jerarquia":5},"geometry":{"type":"LineString","coordinates":[[-70.88057,-53.14237],[-70.88002,-53.14208]]}},{"type":"Feature","properties":{"nombre":"Suiza","jerarquia":5},"geometry":{"type":"LineString","coordinates":[[-70.88002,-53.14208],[-70.87935,-53.1417]]}},{"type":"Feature","properties":{"nombre":"Suiza","jerarquia":5},"geometry":{"type":"LineString","coordinates":[[-70.87935,-53.1417],[-70.87869,-53.14134]]}},{"type":"Feature","properties":{"nombre":"Suiza","jerarquia":5},"geometry":{"type":"LineString","coordinates":[[-70.87869,-53.14134],[-70.87859,-53.14128]]}},{"type":"Feature","properties":{"nombre":"Suiza","jerarquia":5},"geometry":{"type":"LineString","coordinates":[[-70.87859,-53.14128],[-70.87764,-53.14076]]}},{"type":"Feature","properties":{"nombre":"Suiza","jerarquia":5},"geometry":{"type":"LineString","coordinates":[[-70.87764,-53.14076],[-70.87758,-53.14072]]}},{"type":"Feature","properties":{"nombre":"Suiza","jerarquia":5},"geometry":{"type":"LineString","coordinates":[[-70.87758,-53.14072],[-70.87695,-53.14038]]}},{"type":"Feature","properties":{"nombre":"Avenida Costanera del Estrecho","jerarquia":3},"geometry":{"type":"LineString","coordinates":[[-70.86505,-53.13035],[-70.86291,-53.13262]]}},{"type":"Feature","properties":{"nombre":"Avenida Costanera del Estrecho","jerarquia":3},"geometry":{"type":"LineString","coordinates":[[-70.86291,-53.13262],[-70.86252,-53.13306],[-70.86212,-53.13362],[-70.86193,-53.13415],[-70.86193,-53.13456],[-70.862,-53.13485],[-70.86235,-53.13539],[-70.86275,-53.13575],[-70.86327,-53.13606],[-70.86846,-53.13853]]}},{"type":"Feature","properties":{"nombre":"Avenida Costanera del Estrecho","jerarquia":3},"geometry":{"type":"LineString","coordinates":[[-70.86505,-53.13035],[-70.86477,-53.13032],[-70.86468,-53.13022]]}},{"type":"Feature","properties":{"nombre":"Avenida Costanera del Estrecho","jerarquia":3},"geometry":{"type":"LineString","coordinates":[[-70.89062,-53.16257],[-70.89001,-53.16197],[-70.88952,-53.1614]]}},{"type":"Feature","properties":{"nombre":"Avenida Costanera del Estrecho","jerarquia":3},"geometry":{"type":"LineString","coordinates":[[-70.88952,-53.1614],[-70.88924,-53.16109]]}},{"type":"Feature","properties":{"nombre":"Avenida General Ernesto Medina Parker","jerarquia":5},"geometry":{"type":"LineString","coordinates":[[-70.87523,-53.12938],[-70.87466,-53.12968]]}},{"type":"Feature","properties":{"nombre":"Avenida Los Generales","jerarquia":5},"geometry":{"type":"LineString","coordinates":[[-70.88931,-53.1202],[-70.88601,-53.12188],[-70.88575,-53.12205]]}},{"type":"Feature","properties":{"nombre":"Avenida Norte Sur","jerarquia":5},"geometry":{"type":"LineString","coordinates":[[-70.86517,-53.13024],[-70.86912,-53.13244]]}},{"type":"Feature","properties":{"nombre":"Avenida Norte Sur","jerarquia":5},"geometry":{"type":"LineString","coordinates":[[-70.86912,-53.13244],[-70.87054,-53.13324]]}},{"type":"Feature","properties":{"nombre":"Avenida Norte Sur","jerarquia":5},"geometry":{"type":"LineString","coordinates":[[-70.87054,-53.13324],[-70.87122,-53.13362]]}},{"type":"Feature","properties":{"nombre":"Avenida Norte Sur","jerarquia":5},"geometry":{"type":"LineString","coordinates":[[-70.87122,-53.13362],[-70.87146,-53.13375]]}},{"type":"Feature","properties":{"nombre":"Avenida Norte Sur","jerarquia":5},"geometry":{"type":"LineString","coordinates":[[-70.87146,-53.13375],[-70.87312,-53.13465]]}},{"type":"Feature","properties":{"nombre":"Avenida Norte Sur","jerarquia":5},"geometry":{"type":"LineString","coordinates":[[-70.87312,-53.13465],[-70.8738,-53.13504]]}},{"type":"Feature","properties":{"nombre":"","jerarquia":3},"geometry":{"type":"LineString","coordinates":[[-70.87179,-53.1399],[-70.87152,-53.13994],[-70.87079,-53.1397]]}},{"type":"Feature","properties":{"nombre":"","jerarquia":3},"geometry":{"type":"LineString","coordinates":[[-70.88378,-53.14687],[-70.88403,-53.14697],[-70.88433,-53.14697]]}},{"type":"Feature","properties":{"nombre":"","jerarquia":3},"geometry":{"type":"LineString","coordinates":[[-70.87961,-53.14327],[-70.8806,-53.1438]]}},{"type":"Feature","properties":{"nombre":"Avenida Costanera del Estrecho","jerarquia":5},"geometry":{"type":"LineString","coordinates":[[-70.88155,-53.14443],[-70.88228,-53.14473]]}},{"type":"Feature","properties":{"nombre":"","jerarquia":3},"geometry":{"type":"LineString","coordinates":[[-70.87198,-53.13987],[-70.87262,-53.14023]]}},{"type":"Feature","properties":{"nombre":"","jerarquia":3},"geometry":{"type":"LineString","coordinates":[[-70.88398,-53.14742],[-70.884,-53.14715]]}},{"type":"Feature","properties":{"nombre":"Club Hípico","jerarquia":5},"geometry":{"type":"LineString","coordinates":[[-70.88597,-53.15292],[-70.88583,-53.15298]]}},{"type":"Feature","properties":{"nombre":"Club Hípico","jerarquia":5},"geometry":{"type":"LineString","coordinates":[[-70.88583,-53.15298],[-70.88578,-53.153]]}},{"type":"Feature","properties":{"nombre":"Capitán Juan Guillermos","jerarquia":5},"geometry":{"type":"LineString","coordinates":[[-70.91871,-53.13798],[-70.91882,-53.13791]]}},{"type":"Feature","properties":{"nombre":"Avenida Llaima","jerarquia":5},"geometry":{"type":"LineString","coordinates":[[-70.88575,-53.12205],[-70.88746,-53.12328]]}},{"type":"Feature","properties":{"nombre":"","jerarquia":3},"geometry":{"type":"LineString","coordinates":[[-70.87001,-53.12513],[-70.86978,-53.12505],[-70.86956,-53.12505]]}},{"type":"Feature","properties":{"nombre":"","jerarquia":3},"geometry":{"type":"LineString","coordinates":[[-70.86956,-53.12505],[-70.86942,-53.12509]]}},{"type":"Feature","properties":{"nombre":"Avenida Costanera del Estrecho","jerarquia":3},"geometry":{"type":"LineString","coordinates":[[-70.86481,-53.13006],[-70.86643,-53.1284]]}},{"type":"Feature","properties":{"nombre":"","jerarquia":4},"geometry":{"type":"LineString","coordinates":[[-70.90543,-53.12938],[-70.90547,-53.12957]]}},{"type":"Feature","properties":{"nombre":"","jerarquia":2},"geometry":{"type":"LineString","coordinates":[[-70.86997,-53.12414],[-70.86994,-53.12441],[-70.86985,-53.12462]]}},{"type":"Feature","properties":{"nombre":"","jerarquia":2},"geometry":{"type":"LineString","coordinates":[[-70.86985,-53.12462],[-70.86972,-53.12477]]}},{"type":"Feature","properties":{"nombre":"Presidente Pedro Montt","jerarquia":5},"geometry":{"type":"LineString","coordinates":[[-70.90228,-53.16421],[-70.90291,-53.16397]]}},{"type":"Feature","properties":{"nombre":"Presidente Pedro Montt","jerarquia":5},"geometry":{"type":"LineString","coordinates":[[-70.90291,-53.16397],[-70.90362,-53.1637]]}},{"type":"Feature","properties":{"nombre":"Presidente Pedro Montt","jerarquia":5},"geometry":{"type":"LineString","coordinates":[[-70.90362,-53.1637],[-70.90375,-53.16365]]}},{"type":"Feature","properties":{"nombre":"Presidente Pedro Montt","jerarquia":5},"geometry":{"type":"LineString","coordinates":[[-70.90375,-53.16365],[-70.90527,-53.16307]]}},{"type":"Feature","properties":{"nombre":"Presidente Pedro Montt","jerarquia":5},"geometry":{"type":"LineString","coordinates":[[-70.90527,-53.16307],[-70.9067,-53.16252]]}},{"type":"Feature","properties":{"nombre":"Presidente Pedro Montt","jerarquia":5},"geometry":{"type":"LineString","coordinates":[[-70.9067,-53.16252],[-70.90682,-53.16248]]}},{"type":"Feature","properties":{"nombre":"Monseñor José Fagnano","jerarquia":5},"geometry":{"type":"LineString","coordinates":[[-70.91429,-53.16091],[-70.91391,-53.16105]]}},{"type":"Feature","properties":{"nombre":"Monseñor José Fagnano","jerarquia":5},"geometry":{"type":"LineString","coordinates":[[-70.91391,-53.16105],[-70.91235,-53.16165]]}},{"type":"Feature","properties":{"nombre":"Monseñor José Fagnano","jerarquia":5},"geometry":{"type":"LineString","coordinates":[[-70.91235,-53.16165],[-70.91082,-53.16224]]}},{"type":"Feature","properties":{"nombre":"Monseñor José Fagnano","jerarquia":5},"geometry":{"type":"LineString","coordinates":[[-70.91082,-53.16224],[-70.90941,-53.16277]]}},{"type":"Feature","properties":{"nombre":"Monseñor José Fagnano","jerarquia":5},"geometry":{"type":"LineString","coordinates":[[-70.90941,-53.16277],[-70.90929,-53.16282]]}},{"type":"Feature","properties":{"nombre":"Avenida Costanera del Estrecho","jerarquia":3},"geometry":{"type":"LineString","coordinates":[[-70.89114,-53.16304],[-70.89062,-53.16257]]}},{"type":"Feature","properties":{"nombre":"Presidente Jorge Montt","jerarquia":4},"geometry":{"type":"LineString","coordinates":[[-70.9023,-53.16478],[-70.90255,-53.16479],[-70.90264,-53.16474],[-70.90264,-53.16458]]}},{"type":"Feature","properties":{"nombre":"Presidente Jorge Montt","jerarquia":4},"geometry":{"type":"LineString","coordinates":[[-70.90264,-53.16458],[-70.90228,-53.16421]]}},{"type":"Feature","properties":{"nombre":"Presidente Jorge Montt","jerarquia":4},"geometry":{"type":"LineString","coordinates":[[-70.89802,-53.16011],[-70.89825,-53.16033]]}},{"type":"Feature","properties":{"nombre":"Presidente Jorge Montt","jerarquia":4},"geometry":{"type":"LineString","coordinates":[[-70.89825,-53.16033],[-70.89919,-53.16124]]}},{"type":"Feature","properties":{"nombre":"Presidente Jorge Montt","jerarquia":4},"geometry":{"type":"LineString","coordinates":[[-70.89919,-53.16124],[-70.90014,-53.16215]]}},{"type":"Feature","properties":{"nombre":"Presidente Jorge Montt","jerarquia":4},"geometry":{"type":"LineString","coordinates":[[-70.90014,-53.16215],[-70.90042,-53.16242]]}},{"type":"Feature","properties":{"nombre":"Presidente Jorge Montt","jerarquia":4},"geometry":{"type":"LineString","coordinates":[[-70.90042,-53.16242],[-70.90135,-53.16331]]}},{"type":"Feature","properties":{"nombre":"Presidente Jorge Montt","jerarquia":4},"geometry":{"type":"LineString","coordinates":[[-70.90135,-53.16331],[-70.90228,-53.16421]]}},{"type":"Feature","properties":{"nombre":"21 de Mayo","jerarquia":3},"geometry":{"type":"LineString","coordinates":[[-70.91471,-53.16904],[-70.91535,-53.16935],[-70.91593,-53.1697]]}},{"type":"Feature","properties":{"nombre":"Hernando de Magallanes","jerarquia":3},"geometry":{"type":"LineString","coordinates":[[-70.90682,-53.16248],[-70.90597,-53.16167]]}},{"type":"Feature","properties":{"nombre":"Hernando de Magallanes","jerarquia":3},"geometry":{"type":"LineString","coordinates":[[-70.90597,-53.16167],[-70.90587,-53.16158]]}},{"type":"Feature","properties":{"nombre":"Hernando de Magallanes","jerarquia":3},"geometry":{"type":"LineString","coordinates":[[-70.90587,-53.16158],[-70.90492,-53.16068]]}},{"type":"Feature","properties":{"nombre":"Hernando de Magallanes","jerarquia":3},"geometry":{"type":"LineString","coordinates":[[-70.90492,-53.16068],[-70.90466,-53.16043]]}},{"type":"Feature","properties":{"nombre":"Hernando de Magallanes","jerarquia":3},"geometry":{"type":"LineString","coordinates":[[-70.90466,-53.16043],[-70.90431,-53.1601]]}},{"type":"Feature","properties":{"nombre":"Paraguaya","jerarquia":3},"geometry":{"type":"LineString","coordinates":[[-70.91328,-53.16865],[-70.91326,-53.1686]]}},{"type":"Feature","properties":{"nombre":"Paraguaya","jerarquia":3},"geometry":{"type":"LineString","coordinates":[[-70.91326,-53.1686],[-70.91319,-53.16843]]}},{"type":"Feature","properties":{"nombre":"Paraguaya","jerarquia":3},"geometry":{"type":"LineString","coordinates":[[-70.91319,-53.16843],[-70.91319,-53.16839]]}},{"type":"Feature","properties":{"nombre":"21 de Mayo","jerarquia":3},"geometry":{"type":"LineString","coordinates":[[-70.91329,-53.16807],[-70.912,-53.16725]]}},{"type":"Feature","properties":{"nombre":"21 de Mayo","jerarquia":3},"geometry":{"type":"LineString","coordinates":[[-70.912,-53.16725],[-70.9117,-53.16707],[-70.91091,-53.1664]]}},{"type":"Feature","properties":{"nombre":"Daniel Briceño","jerarquia":5},"geometry":{"type":"LineString","coordinates":[[-70.92509,-53.17118],[-70.9247,-53.17132]]}},{"type":"Feature","properties":{"nombre":"Daniel Briceño","jerarquia":5},"geometry":{"type":"LineString","coordinates":[[-70.9247,-53.17132],[-70.92321,-53.17189]]}},{"type":"Feature","properties":{"nombre":"Daniel Briceño","jerarquia":5},"geometry":{"type":"LineString","coordinates":[[-70.92321,-53.17189],[-70.92152,-53.17253]]}},{"type":"Feature","properties":{"nombre":"Daniel Briceño","jerarquia":5},"geometry":{"type":"LineString","coordinates":[[-70.92152,-53.17253],[-70.91928,-53.17338]]}},{"type":"Feature","properties":{"nombre":"Guillermo Pérez de Arce","jerarquia":5},"geometry":{"type":"LineString","coordinates":[[-70.92134,-53.16757],[-70.92093,-53.16775]]}},{"type":"Feature","properties":{"nombre":"Guillermo Pérez de Arce","jerarquia":5},"geometry":{"type":"LineString","coordinates":[[-70.92093,-53.16775],[-70.91944,-53.1683]]}},{"type":"Feature","properties":{"nombre":"Guillermo Pérez de Arce","jerarquia":5},"geometry":{"type":"LineString","coordinates":[[-70.91944,-53.1683],[-70.91774,-53.1689]]}},{"type":"Feature","properties":{"nombre":"Avenida Presidente Pedro Aguirre Cerda","jerarquia":5},"geometry":{"type":"LineString","coordinates":[[-70.94388,-53.17135],[-70.94397,-53.17132]]}},{"type":"Feature","properties":{"nombre":"Avenida Presidente Pedro Aguirre Cerda","jerarquia":5},"geometry":{"type":"LineString","coordinates":[[-70.94397,-53.17132],[-70.94457,-53.17108]]}},{"type":"Feature","properties":{"nombre":"Avenida Presidente Pedro Aguirre Cerda","jerarquia":5},"geometry":{"type":"LineString","coordinates":[[-70.94457,-53.17108],[-70.94522,-53.17082]]}},{"type":"Feature","properties":{"nombre":"Avenida Presidente Pedro Aguirre Cerda","jerarquia":5},"geometry":{"type":"LineString","coordinates":[[-70.94522,-53.17082],[-70.94585,-53.17058]]}},{"type":"Feature","properties":{"nombre":"Avenida Presidente Pedro Aguirre Cerda","jerarquia":5},"geometry":{"type":"LineString","coordinates":[[-70.94585,-53.17058],[-70.94666,-53.17048]]}},{"type":"Feature","properties":{"nombre":"Avenida Presidente Pedro Aguirre Cerda","jerarquia":5},"geometry":{"type":"LineString","coordinates":[[-70.94666,-53.17048],[-70.94719,-53.17045]]}},{"type":"Feature","properties":{"nombre":"Juez Waldo Seguel","jerarquia":5},"geometry":{"type":"LineString","coordinates":[[-70.90832,-53.16192],[-70.90986,-53.16132]]}},{"type":"Feature","properties":{"nombre":"Juez Waldo Seguel","jerarquia":5},"geometry":{"type":"LineString","coordinates":[[-70.90986,-53.16132],[-70.91138,-53.16074]]}},{"type":"Feature","properties":{"nombre":"Juez Waldo Seguel","jerarquia":5},"geometry":{"type":"LineString","coordinates":[[-70.91138,-53.16074],[-70.91298,-53.16014]]}},{"type":"Feature","properties":{"nombre":"Juez Waldo Seguel","jerarquia":5},"geometry":{"type":"LineString","coordinates":[[-70.91298,-53.16014],[-70.91335,-53.16]]}},{"type":"Feature","properties":{"nombre":"Comodoro Arturo Merino Benítez","jerarquia":4},"geometry":{"type":"LineString","coordinates":[[-70.88413,-53.13567],[-70.88332,-53.1362]]}},{"type":"Feature","properties":{"nombre":"Comodoro Arturo Merino Benítez","jerarquia":4},"geometry":{"type":"LineString","coordinates":[[-70.88332,-53.1362],[-70.88269,-53.13661]]}},{"type":"Feature","properties":{"nombre":"Comodoro Arturo Merino Benítez","jerarquia":4},"geometry":{"type":"LineString","coordinates":[[-70.88269,-53.13661],[-70.8821,-53.137]]}},{"type":"Feature","properties":{"nombre":"Comodoro Arturo Merino Benítez","jerarquia":4},"geometry":{"type":"LineString","coordinates":[[-70.8821,-53.137],[-70.8815,-53.1374]]}},{"type":"Feature","properties":{"nombre":"Comodoro Arturo Merino Benítez","jerarquia":4},"geometry":{"type":"LineString","coordinates":[[-70.8815,-53.1374],[-70.88088,-53.1378]]}},{"type":"Feature","properties":{"nombre":"Comodoro Arturo Merino Benítez","jerarquia":4},"geometry":{"type":"LineString","coordinates":[[-70.88088,-53.1378],[-70.87842,-53.13941]]}},{"type":"Feature","properties":{"nombre":"Comodoro Arturo Merino Benítez","jerarquia":4},"geometry":{"type":"LineString","coordinates":[[-70.87842,-53.13941],[-70.87695,-53.14038]]}},{"type":"Feature","properties":{"nombre":"","jerarquia":4},"geometry":{"type":"LineString","coordinates":[[-70.90985,-53.13238],[-70.90998,-53.13264]]}},{"type":"Feature","properties":{"nombre":"Avenida Presidente Eduardo Frei Montalva","jerarquia":4},"geometry":{"type":"LineString","coordinates":[[-70.9072,-53.13076],[-70.90795,-53.13107]]}},{"type":"Feature","properties":{"nombre":"Camino Andino","jerarquia":4},"geometry":{"type":"LineString","coordinates":[[-70.94445,-53.15658],[-70.94452,-53.15658]]}},{"type":"Feature","properties":{"nombre":"Camino Andino","jerarquia":4},"geometry":{"type":"LineString","coordinates":[[-70.94452,-53.15658],[-70.94584,-53.15652]]}},{"type":"Feature","properties":{"nombre":"","jerarquia":2},"geometry":{"type":"LineString","coordinates":[[-70.87279,-53.12043],[-70.87242,-53.1203]]}},{"type":"Feature","properties":{"nombre":"","jerarquia":2},"geometry":{"type":"LineString","coordinates":[[-70.87319,-53.12007],[-70.87286,-53.11993]]}},{"type":"Feature","properties":{"nombre":"","jerarquia":2},"geometry":{"type":"LineString","coordinates":[[-70.87492,-53.1185],[-70.8747,-53.11838]]}},{"type":"Feature","properties":{"nombre":"","jerarquia":4},"geometry":{"type":"LineString","coordinates":[[-70.88174,-53.11592],[-70.88173,-53.11601],[-70.88164,-53.1161]]}},{"type":"Feature","properties":{"nombre":"","jerarquia":4},"geometry":{"type":"LineString","coordinates":[[-70.88164,-53.1161],[-70.88153,-53.11613]]}},{"type":"Feature","properties":{"nombre":"","jerarquia":4},"geometry":{"type":"LineString","coordinates":[[-70.88098,-53.11585],[-70.88099,-53.11573],[-70.88116,-53.11562]]}},{"type":"Feature","properties":{"nombre":"","jerarquia":4},"geometry":{"type":"LineString","coordinates":[[-70.88116,-53.11562],[-70.88132,-53.1156]]}},{"type":"Feature","properties":{"nombre":"","jerarquia":3},"geometry":{"type":"LineString","coordinates":[[-70.87066,-53.13965],[-70.87026,-53.13943],[-70.87023,-53.13929]]}},{"type":"Feature","properties":{"nombre":"","jerarquia":3},"geometry":{"type":"LineString","coordinates":[[-70.87571,-53.14166],[-70.87556,-53.14153],[-70.87552,-53.14141]]}},{"type":"Feature","properties":{"nombre":"José Velástegui","jerarquia":4},"geometry":{"type":"LineString","coordinates":[[-70.88496,-53.14854],[-70.88481,-53.14852]]}},{"type":"Feature","properties":{"nombre":"Enrique Abello","jerarquia":5},"geometry":{"type":"LineString","coordinates":[[-70.88318,-53.14507],[-70.88367,-53.14474]]}},{"type":"Feature","properties":{"nombre":"Enrique Abello","jerarquia":5},"geometry":{"type":"LineString","coordinates":[[-70.88367,-53.14474],[-70.8842,-53.14439]]}},{"type":"Feature","properties":{"nombre":"José Velástegui","jerarquia":4},"geometry":{"type":"LineString","coordinates":[[-70.88528,-53.1484],[-70.88496,-53.14854]]}},{"type":"Feature","properties":{"nombre":"Avenida Costanera del Estrecho","jerarquia":5},"geometry":{"type":"LineString","coordinates":[[-70.8806,-53.1438],[-70.8813,-53.14419]]}},{"type":"Feature","properties":{"nombre":"Avenida Costanera del Estrecho","jerarquia":5},"geometry":{"type":"LineString","coordinates":[[-70.8813,-53.14419],[-70.88228,-53.14473]]}},{"type":"Feature","properties":{"nombre":"Avenida Costanera del Estrecho","jerarquia":5},"geometry":{"type":"LineString","coordinates":[[-70.88228,-53.14473],[-70.88279,-53.14501]]}},{"type":"Feature","properties":{"nombre":"","jerarquia":4},"geometry":{"type":"LineString","coordinates":[[-70.8979,-53.16339],[-70.8976,-53.16332],[-70.89754,-53.16321],[-70.89759,-53.16311]]}},{"type":"Feature","properties":{"nombre":"Avenida Costanera del Estrecho","jerarquia":3},"geometry":{"type":"LineString","coordinates":[[-70.89076,-53.16252],[-70.89127,-53.16299]]}},{"type":"Feature","properties":{"nombre":"","jerarquia":3},"geometry":{"type":"LineString","coordinates":[[-70.8941,-53.16353],[-70.89301,-53.16351],[-70.89288,-53.16347]]}},{"type":"Feature","properties":{"nombre":"Juan Williams","jerarquia":4},"geometry":{"type":"LineString","coordinates":[[-70.88168,-53.10892],[-70.88179,-53.10863]]}},{"type":"Feature","properties":{"nombre":"Juan Williams","jerarquia":4},"geometry":{"type":"LineString","coordinates":[[-70.88179,-53.10863],[-70.88215,-53.10778],[-70.88221,-53.10692],[-70.8822,-53.10554],[-70.88203,-53.10529],[-70.88186,-53.10515],[-70.88135,-53.10486]]}},{"type":"Feature","properties":{"nombre":"Juan Williams","jerarquia":4},"geometry":{"type":"LineString","coordinates":[[-70.88135,-53.10486],[-70.87982,-53.10402],[-70.87949,-53.10375],[-70.87919,-53.10337],[-70.87907,-53.1029]]}},{"type":"Feature","properties":{"nombre":"Juan Williams","jerarquia":4},"geometry":{"type":"LineString","coordinates":[[-70.87907,-53.1029],[-70.87909,-53.10231],[-70.8792,-53.1021]]}},{"type":"Feature","properties":{"nombre":"Juan Williams","jerarquia":4},"geometry":{"type":"LineString","coordinates":[[-70.8792,-53.1021],[-70.87955,-53.10158]]}},{"type":"Feature","properties":{"nombre":"Juan Williams","jerarquia":4},"geometry":{"type":"LineString","coordinates":[[-70.87955,-53.10158],[-70.88,-53.10105]]}},{"type":"Feature","properties":{"nombre":"Juan Williams","jerarquia":4},"geometry":{"type":"LineString","coordinates":[[-70.88,-53.10105],[-70.88053,-53.10044]]}},{"type":"Feature","properties":{"nombre":"Juan Williams","jerarquia":4},"geometry":{"type":"LineString","coordinates":[[-70.88053,-53.10044],[-70.88069,-53.10028]]}},{"type":"Feature","properties":{"nombre":"Juan Williams","jerarquia":4},"geometry":{"type":"LineString","coordinates":[[-70.8816,-53.10909],[-70.88168,-53.10892]]}},{"type":"Feature","properties":{"nombre":"Ruta 9 Norte","jerarquia":2},"geometry":{"type":"LineString","coordinates":[[-70.88434,-53.11018],[-70.88205,-53.11227],[-70.87956,-53.11476]]}},{"type":"Feature","properties":{"nombre":"Avenida Presidente Carlos Ibáñez del Campo","jerarquia":2},"geometry":{"type":"LineString","coordinates":[[-70.87132,-53.12122],[-70.87242,-53.1203]]}},{"type":"Feature","properties":{"nombre":"Avenida Presidente Carlos Ibáñez del Campo","jerarquia":2},"geometry":{"type":"LineString","coordinates":[[-70.87242,-53.1203],[-70.87286,-53.11993]]}},{"type":"Feature","properties":{"nombre":"Avenida Presidente Carlos Ibáñez del Campo","jerarquia":2},"geometry":{"type":"LineString","coordinates":[[-70.87286,-53.11993],[-70.8747,-53.11838]]}},{"type":"Feature","properties":{"nombre":"Avenida Presidente Carlos Ibáñez del Campo","jerarquia":2},"geometry":{"type":"LineString","coordinates":[[-70.8747,-53.11838],[-70.87779,-53.11579]]}},{"type":"Feature","properties":{"nombre":"Ruta 9 Norte","jerarquia":2},"geometry":{"type":"LineString","coordinates":[[-70.88452,-53.11002],[-70.88434,-53.11018]]}},{"type":"Feature","properties":{"nombre":"Avenida Presidente Carlos Ibáñez del Campo","jerarquia":2},"geometry":{"type":"LineString","coordinates":[[-70.87165,-53.12145],[-70.87152,-53.12157]]}},{"type":"Feature","properties":{"nombre":"Ruta 9 Norte","jerarquia":2},"geometry":{"type":"LineString","coordinates":[[-70.88417,-53.1101],[-70.88433,-53.10995]]}},{"type":"Feature","properties":{"nombre":"Avenida Presidente Carlos Ibáñez del Campo","jerarquia":2},"geometry":{"type":"LineString","coordinates":[[-70.87114,-53.12137],[-70.87132,-53.12122]]}},{"type":"Feature","properties":{"nombre":"Avenida Presidente Carlos Ibáñez del Campo","jerarquia":2},"geometry":{"type":"LineString","coordinates":[[-70.87005,-53.12303],[-70.86988,-53.12366],[-70.86989,-53.12394],[-70.86997,-53.12414]]}},{"type":"Feature","properties":{"nombre":"Avenida Presidente Eduardo Frei Montalva","jerarquia":4},"geometry":{"type":"LineString","coordinates":[[-70.92736,-53.15035],[-70.92724,-53.15003]]}},{"type":"Feature","properties":{"nombre":"Avenida Presidente Eduardo Frei Montalva","jerarquia":4},"geometry":{"type":"LineString","coordinates":[[-70.92735,-53.15001],[-70.92747,-53.15034]]}},{"type":"Feature","properties":{"nombre":"Avenida Presidente Eduardo Frei Montalva","jerarquia":4},"geometry":{"type":"LineString","coordinates":[[-70.92747,-53.15034],[-70.92772,-53.1509],[-70.92834,-53.15203]]}},{"type":"Feature","properties":{"nombre":"Avenida Presidente Eduardo Frei Montalva","jerarquia":4},"geometry":{"type":"LineString","coordinates":[[-70.92724,-53.15003],[-70.92709,-53.14963]]}},{"type":"Feature","properties":{"nombre":"Avenida Presidente Eduardo Frei Montalva","jerarquia":4},"geometry":{"type":"LineString","coordinates":[[-70.92709,-53.14963],[-70.92677,-53.14869]]}},{"type":"Feature","properties":{"nombre":"Avenida Presidente Eduardo Frei Montalva","jerarquia":4},"geometry":{"type":"LineString","coordinates":[[-70.92677,-53.14869],[-70.92656,-53.14814]]}},{"type":"Feature","properties":{"nombre":"Avenida Presidente Eduardo Frei Montalva","jerarquia":4},"geometry":{"type":"LineString","coordinates":[[-70.92656,-53.14814],[-70.92654,-53.14808]]}},{"type":"Feature","properties":{"nombre":"Avenida Circunvalación General Ramón Cañas Montalva","jerarquia":5},"geometry":{"type":"LineString","coordinates":[[-70.92695,-53.13332],[-70.92728,-53.1338]]}},{"type":"Feature","properties":{"nombre":"Avenida Circunvalación General Ramón Cañas Montalva","jerarquia":5},"geometry":{"type":"LineString","coordinates":[[-70.92728,-53.1338],[-70.92762,-53.13428]]}},{"type":"Feature","properties":{"nombre":"Avenida Circunvalación General Ramón Cañas Montalva","jerarquia":5},"geometry":{"type":"LineString","coordinates":[[-70.92762,-53.13428],[-70.92795,-53.13478]]}},{"type":"Feature","properties":{"nombre":"Avenida Circunvalación General Ramón Cañas Montalva","jerarquia":5},"geometry":{"type":"LineString","coordinates":[[-70.92795,-53.13478],[-70.92828,-53.13526]]}},{"type":"Feature","properties":{"nombre":"Claudio Bustos","jerarquia":5},"geometry":{"type":"LineString","coordinates":[[-70.91547,-53.14269],[-70.9149,-53.14234]]}},{"type":"Feature","properties":{"nombre":"Claudio Bustos","jerarquia":5},"geometry":{"type":"LineString","coordinates":[[-70.9149,-53.14234],[-70.91457,-53.14196]]}},{"type":"Feature","properties":{"nombre":"Claudio Bustos","jerarquia":5},"geometry":{"type":"LineString","coordinates":[[-70.91457,-53.14196],[-70.91404,-53.14124],[-70.91366,-53.14095]]}},{"type":"Feature","properties":{"nombre":"Claudio Bustos","jerarquia":5},"geometry":{"type":"LineString","coordinates":[[-70.91366,-53.14095],[-70.91305,-53.14058]]}},{"type":"Feature","properties":{"nombre":"Claudio Bustos","jerarquia":5},"geometry":{"type":"LineString","coordinates":[[-70.91305,-53.14058],[-70.91247,-53.14024]]}},{"type":"Feature","properties":{"nombre":"Claudio Bustos","jerarquia":5},"geometry":{"type":"LineString","coordinates":[[-70.91247,-53.14024],[-70.91192,-53.13991]]}},{"type":"Feature","properties":{"nombre":"Claudio Bustos","jerarquia":5},"geometry":{"type":"LineString","coordinates":[[-70.91192,-53.13991],[-70.91131,-53.13954]]}},{"type":"Feature","properties":{"nombre":"Claudio Bustos","jerarquia":5},"geometry":{"type":"LineString","coordinates":[[-70.91131,-53.13954],[-70.91064,-53.13913]]}},{"type":"Feature","properties":{"nombre":"Claudio Bustos","jerarquia":5},"geometry":{"type":"LineString","coordinates":[[-70.91064,-53.13913],[-70.90962,-53.13851]]}},{"type":"Feature","properties":{"nombre":"Claudio Bustos","jerarquia":5},"geometry":{"type":"LineString","coordinates":[[-70.90962,-53.13851],[-70.90903,-53.13813]]}},{"type":"Feature","properties":{"nombre":"Claudio Bustos","jerarquia":5},"geometry":{"type":"LineString","coordinates":[[-70.90903,-53.13813],[-70.90828,-53.13768]]}},{"type":"Feature","properties":{"nombre":"Claudio Bustos","jerarquia":5},"geometry":{"type":"LineString","coordinates":[[-70.90828,-53.13768],[-70.90762,-53.13728]]}},{"type":"Feature","properties":{"nombre":"Claudio Bustos","jerarquia":5},"geometry":{"type":"LineString","coordinates":[[-70.90762,-53.13728],[-70.90746,-53.13718]]}},{"type":"Feature","properties":{"nombre":"Claudio Bustos","jerarquia":5},"geometry":{"type":"LineString","coordinates":[[-70.90746,-53.13718],[-70.90702,-53.13692]]}},{"type":"Feature","properties":{"nombre":"Claudio Bustos","jerarquia":5},"geometry":{"type":"LineString","coordinates":[[-70.90702,-53.13692],[-70.90649,-53.13659]]}},{"type":"Feature","properties":{"nombre":"Avenida Ancud","jerarquia":5},"geometry":{"type":"LineString","coordinates":[[-70.94128,-53.18341],[-70.94221,-53.18307]]}},{"type":"Feature","properties":{"nombre":"Avenida Ancud","jerarquia":5},"geometry":{"type":"LineString","coordinates":[[-70.94221,-53.18307],[-70.94329,-53.18268]]}},{"type":"Feature","properties":{"nombre":"Avenida Ancud","jerarquia":5},"geometry":{"type":"LineString","coordinates":[[-70.94329,-53.18268],[-70.94382,-53.18249]]}},{"type":"Feature","properties":{"nombre":"Avenida Ancud","jerarquia":5},"geometry":{"type":"LineString","coordinates":[[-70.94382,-53.18249],[-70.94435,-53.18229]]}},{"type":"Feature","properties":{"nombre":"Avenida Ancud","jerarquia":5},"geometry":{"type":"LineString","coordinates":[[-70.94435,-53.18229],[-70.9454,-53.18192]]}},{"type":"Feature","properties":{"nombre":"Avenida Ancud","jerarquia":5},"geometry":{"type":"LineString","coordinates":[[-70.9454,-53.18192],[-70.94645,-53.18155]]}},{"type":"Feature","properties":{"nombre":"Avenida Ancud","jerarquia":5},"geometry":{"type":"LineString","coordinates":[[-70.94645,-53.18155],[-70.94706,-53.18132]]}},{"type":"Feature","properties":{"nombre":"Avenida Ancud","jerarquia":5},"geometry":{"type":"LineString","coordinates":[[-70.94706,-53.18132],[-70.94825,-53.18089]]}},{"type":"Feature","properties":{"nombre":"Avenida Ancud","jerarquia":5},"geometry":{"type":"LineString","coordinates":[[-70.94825,-53.18089],[-70.94956,-53.18043]]}},{"type":"Feature","properties":{"nombre":"Avenida Ancud","jerarquia":5},"geometry":{"type":"LineString","coordinates":[[-70.94956,-53.18043],[-70.95009,-53.18023]]}},{"type":"Feature","properties":{"nombre":"Ruta 9 Sur","jerarquia":3},"geometry":{"type":"LineString","coordinates":[[-70.93776,-53.20247],[-70.93796,-53.2028]]}},{"type":"Feature","properties":{"nombre":"Ruta 9 Sur","jerarquia":3},"geometry":{"type":"LineString","coordinates":[[-70.93796,-53.2028],[-70.93798,-53.20285]]}},{"type":"Feature","properties":{"nombre":"Ruta 9 Sur","jerarquia":3},"geometry":{"type":"LineString","coordinates":[[-70.93798,-53.20285],[-70.93875,-53.20405],[-70.93911,-53.20472],[-70.93926,-53.20508],[-70.93936,-53.20569]]}},{"type":"Feature","properties":{"nombre":"Ruta 9 Sur","jerarquia":3},"geometry":{"type":"LineString","coordinates":[[-70.93936,-53.20569],[-70.9394,-53.20646]]}},{"type":"Feature","properties":{"nombre":"Ruta 9 Sur","jerarquia":3},"geometry":{"type":"LineString","coordinates":[[-70.9394,-53.20646],[-70.93924,-53.2091]]}},{"type":"Feature","properties":{"nombre":"Ruta 9 Sur","jerarquia":3},"geometry":{"type":"LineString","coordinates":[[-70.93924,-53.2091],[-70.93898,-53.21374],[-70.93903,-53.21435],[-70.9392,-53.21503],[-70.9395,-53.21575]]}},{"type":"Feature","properties":{"nombre":"Ruta 9 Sur","jerarquia":3},"geometry":{"type":"LineString","coordinates":[[-70.9395,-53.21575],[-70.93984,-53.21641]]}},{"type":"Feature","properties":{"nombre":"Ruta 9 Sur","jerarquia":3},"geometry":{"type":"LineString","coordinates":[[-70.93984,-53.21641],[-70.94005,-53.21683]]}},{"type":"Feature","properties":{"nombre":"Ruta 9 Sur","jerarquia":3},"geometry":{"type":"LineString","coordinates":[[-70.94005,-53.21683],[-70.94071,-53.2181]]}},{"type":"Feature","properties":{"nombre":"Ruta 9 Sur","jerarquia":3},"geometry":{"type":"LineString","coordinates":[[-70.94071,-53.2181],[-70.94142,-53.21948]]}},{"type":"Feature","properties":{"nombre":"Manuel Aguilar","jerarquia":5},"geometry":{"type":"LineString","coordinates":[[-70.94735,-53.14538],[-70.94602,-53.14552],[-70.94428,-53.14581]]}},{"type":"Feature","properties":{"nombre":"Avenida Presidente Eduardo Frei Montalva","jerarquia":4},"geometry":{"type":"LineString","coordinates":[[-70.87956,-53.11476],[-70.88013,-53.11502]]}},{"type":"Feature","properties":{"nombre":"Avenida Presidente Eduardo Frei Montalva","jerarquia":4},"geometry":{"type":"LineString","coordinates":[[-70.88013,-53.11502],[-70.8803,-53.11509]]}},{"type":"Feature","properties":{"nombre":"José Ignacio Zenteno","jerarquia":5},"geometry":{"type":"LineString","coordinates":[[-70.91278,-53.15189],[-70.91269,-53.15183]]}},{"type":"Feature","properties":{"nombre":"José Ignacio Zenteno","jerarquia":5},"geometry":{"type":"LineString","coordinates":[[-70.91269,-53.15183],[-70.91252,-53.15173]]}},{"type":"Feature","properties":{"nombre":"José Ignacio Zenteno","jerarquia":5},"geometry":{"type":"LineString","coordinates":[[-70.91252,-53.15173],[-70.91229,-53.15159]]}},{"type":"Feature","properties":{"nombre":"General Juan Salvo","jerarquia":5},"geometry":{"type":"LineString","coordinates":[[-70.92113,-53.14651],[-70.92006,-53.14716]]}},{"type":"Feature","properties":{"nombre":"General Juan Salvo","jerarquia":5},"geometry":{"type":"LineString","coordinates":[[-70.92006,-53.14716],[-70.91874,-53.1479]]}},{"type":"Feature","properties":{"nombre":"General Juan Salvo","jerarquia":5},"geometry":{"type":"LineString","coordinates":[[-70.91874,-53.1479],[-70.91746,-53.14866]]}},{"type":"Feature","properties":{"nombre":"General Juan Salvo","jerarquia":5},"geometry":{"type":"LineString","coordinates":[[-70.91746,-53.14866],[-70.91618,-53.14941]]}},{"type":"Feature","properties":{"nombre":"Avenida Presidente Manuel Bulnes","jerarquia":3},"geometry":{"type":"LineString","coordinates":[[-70.90189,-53.15638],[-70.90108,-53.15543]]}},{"type":"Feature","properties":{"nombre":"Avenida Presidente Manuel Bulnes","jerarquia":3},"geometry":{"type":"LineString","coordinates":[[-70.90108,-53.15543],[-70.90029,-53.15453]]}},{"type":"Feature","properties":{"nombre":"Avenida Presidente Manuel Bulnes","jerarquia":3},"geometry":{"type":"LineString","coordinates":[[-70.90029,-53.15453],[-70.90022,-53.15445]]}},{"type":"Feature","properties":{"nombre":"Diagonal Don Bosco","jerarquia":3},"geometry":{"type":"LineString","coordinates":[[-70.9018,-53.15767],[-70.90191,-53.15674],[-70.90189,-53.15638]]}},{"type":"Feature","properties":{"nombre":"Avenida Independencia","jerarquia":4},"geometry":{"type":"LineString","coordinates":[[-70.90924,-53.1667],[-70.91066,-53.16616]]}},{"type":"Feature","properties":{"nombre":"Presidente Julio Argentino Roca","jerarquia":5},"geometry":{"type":"LineString","coordinates":[[-70.90778,-53.16339],[-70.90623,-53.16398]]}},{"type":"Feature","properties":{"nombre":"Presidente Julio Argentino Roca","jerarquia":5},"geometry":{"type":"LineString","coordinates":[[-70.90623,-53.16398],[-70.90469,-53.16456]]}},{"type":"Feature","properties":{"nombre":"Presidente Julio Argentino Roca","jerarquia":5},"geometry":{"type":"LineString","coordinates":[[-70.90469,-53.16456],[-70.90393,-53.16485]]}},{"type":"Feature","properties":{"nombre":"Presidente Julio Argentino Roca","jerarquia":5},"geometry":{"type":"LineString","coordinates":[[-70.90393,-53.16485],[-70.90396,-53.16507]]}},{"type":"Feature","properties":{"nombre":"Camino Caleta Barranco Amarillo","jerarquia":5},"geometry":{"type":"LineString","coordinates":[[-70.87594,-53.10021],[-70.87787,-53.10104],[-70.87822,-53.10127],[-70.87845,-53.10149],[-70.87872,-53.10204]]}},{"type":"Feature","properties":{"nombre":"Paraguaya","jerarquia":3},"geometry":{"type":"LineString","coordinates":[[-70.91444,-53.16762],[-70.91329,-53.16807]]}},{"type":"Feature","properties":{"nombre":"Camino Andino","jerarquia":4},"geometry":{"type":"LineString","coordinates":[[-70.94584,-53.15652],[-70.94471,-53.15685]]}},{"type":"Feature","properties":{"nombre":"Avenida Monte Verde","jerarquia":5},"geometry":{"type":"LineString","coordinates":[[-70.95799,-53.15604],[-70.95856,-53.15705],[-70.95912,-53.15774],[-70.95995,-53.15896],[-70.96033,-53.15971],[-70.96134,-53.16128],[-70.96324,-53.16397]]}},{"type":"Feature","properties":{"nombre":"","jerarquia":4},"geometry":{"type":"LineString","coordinates":[[-70.93666,-53.17418],[-70.93671,-53.17425]]}},{"type":"Feature","properties":{"nombre":"Plaza Benjamín Muñoz Gamero","jerarquia":5},"geometry":{"type":"LineString","coordinates":[[-70.90682,-53.16248],[-70.90821,-53.16196]]}},{"type":"Feature","properties":{"nombre":"Plaza Benjamín Muñoz Gamero","jerarquia":5},"geometry":{"type":"LineString","coordinates":[[-70.90821,-53.16196],[-70.90832,-53.16192]]}},{"type":"Feature","properties":{"nombre":"Plaza Benjamín Muñoz Gamero","jerarquia":3},"geometry":{"type":"LineString","coordinates":[[-70.90832,-53.16192],[-70.9088,-53.16237]]}},{"type":"Feature","properties":{"nombre":"Plaza Benjamín Muñoz Gamero","jerarquia":3},"geometry":{"type":"LineString","coordinates":[[-70.90778,-53.16339],[-70.9073,-53.16294]]}},{"type":"Feature","properties":{"nombre":"Plaza Benjamín Muñoz Gamero","jerarquia":5},"geometry":{"type":"LineString","coordinates":[[-70.90929,-53.16282],[-70.9079,-53.16335]]}},{"type":"Feature","properties":{"nombre":"Plaza Benjamín Muñoz Gamero","jerarquia":5},"geometry":{"type":"LineString","coordinates":[[-70.9079,-53.16335],[-70.90778,-53.16339]]}},{"type":"Feature","properties":{"nombre":"José Ignacio Zenteno","jerarquia":5},"geometry":{"type":"LineString","coordinates":[[-70.9232,-53.16135],[-70.92221,-53.16042]]}},{"type":"Feature","properties":{"nombre":"José Ignacio Zenteno","jerarquia":5},"geometry":{"type":"LineString","coordinates":[[-70.92221,-53.16042],[-70.9212,-53.15945]]}},{"type":"Feature","properties":{"nombre":"José Ignacio Zenteno","jerarquia":5},"geometry":{"type":"LineString","coordinates":[[-70.9212,-53.15945],[-70.9203,-53.15858]]}},{"type":"Feature","properties":{"nombre":"José Ignacio Zenteno","jerarquia":5},"geometry":{"type":"LineString","coordinates":[[-70.9203,-53.15858],[-70.91938,-53.15767]]}},{"type":"Feature","properties":{"nombre":"José Ignacio Zenteno","jerarquia":5},"geometry":{"type":"LineString","coordinates":[[-70.91938,-53.15767],[-70.91843,-53.15671]]}},{"type":"Feature","properties":{"nombre":"José Ignacio Zenteno","jerarquia":5},"geometry":{"type":"LineString","coordinates":[[-70.91843,-53.15671],[-70.91748,-53.15585]]}},{"type":"Feature","properties":{"nombre":"José Ignacio Zenteno","jerarquia":5},"geometry":{"type":"LineString","coordinates":[[-70.91748,-53.15585],[-70.91723,-53.1556]]}},{"type":"Feature","properties":{"nombre":"José Ignacio Zenteno","jerarquia":5},"geometry":{"type":"LineString","coordinates":[[-70.91723,-53.1556],[-70.9163,-53.15468]]}},{"type":"Feature","properties":{"nombre":"José Ignacio Zenteno","jerarquia":5},"geometry":{"type":"LineString","coordinates":[[-70.9163,-53.15468],[-70.91594,-53.15428]]}},{"type":"Feature","properties":{"nombre":"José Ignacio Zenteno","jerarquia":5},"geometry":{"type":"LineString","coordinates":[[-70.91594,-53.15428],[-70.91542,-53.15379]]}},{"type":"Feature","properties":{"nombre":"José Ignacio Zenteno","jerarquia":5},"geometry":{"type":"LineString","coordinates":[[-70.91542,-53.15379],[-70.91454,-53.15297],[-70.91379,-53.15249]]}},{"type":"Feature","properties":{"nombre":"José Ignacio Zenteno","jerarquia":5},"geometry":{"type":"LineString","coordinates":[[-70.91379,-53.15249],[-70.91373,-53.15246]]}},{"type":"Feature","properties":{"nombre":"José Ignacio Zenteno","jerarquia":5},"geometry":{"type":"LineString","coordinates":[[-70.91373,-53.15246],[-70.91339,-53.15227]]}},{"type":"Feature","properties":{"nombre":"José Ignacio Zenteno","jerarquia":5},"geometry":{"type":"LineString","coordinates":[[-70.91339,-53.15227],[-70.9133,-53.15221]]}},{"type":"Feature","properties":{"nombre":"Arturo Prat Chacón","jerarquia":5},"geometry":{"type":"LineString","coordinates":[[-70.92499,-53.16103],[-70.92497,-53.16092],[-70.92479,-53.16074]]}},{"type":"Feature","properties":{"nombre":"José Ignacio Zenteno","jerarquia":5},"geometry":{"type":"LineString","coordinates":[[-70.92353,-53.16159],[-70.9234,-53.16154],[-70.9232,-53.16135]]}},{"type":"Feature","properties":{"nombre":"Coronel José de los Santos Mardones","jerarquia":5},"geometry":{"type":"LineString","coordinates":[[-70.90162,-53.14522],[-70.90221,-53.14487]]}},{"type":"Feature","properties":{"nombre":"Coronel José de los Santos Mardones","jerarquia":5},"geometry":{"type":"LineString","coordinates":[[-70.90221,-53.14487],[-70.90274,-53.14456]]}},{"type":"Feature","properties":{"nombre":"Coronel José de los Santos Mardones","jerarquia":5},"geometry":{"type":"LineString","coordinates":[[-70.90274,-53.14456],[-70.90325,-53.14426]]}},{"type":"Feature","properties":{"nombre":"Coronel José de los Santos Mardones","jerarquia":5},"geometry":{"type":"LineString","coordinates":[[-70.90325,-53.14426],[-70.90378,-53.14395]]}},{"type":"Feature","properties":{"nombre":"Coronel José de los Santos Mardones","jerarquia":5},"geometry":{"type":"LineString","coordinates":[[-70.90378,-53.14395],[-70.90428,-53.14366]]}},{"type":"Feature","properties":{"nombre":"Coronel José de los Santos Mardones","jerarquia":5},"geometry":{"type":"LineString","coordinates":[[-70.90428,-53.14366],[-70.90439,-53.1436]]}},{"type":"Feature","properties":{"nombre":"Coronel José de los Santos Mardones","jerarquia":5},"geometry":{"type":"LineString","coordinates":[[-70.90439,-53.1436],[-70.90526,-53.14309]]}},{"type":"Feature","properties":{"nombre":"Coronel José de los Santos Mardones","jerarquia":5},"geometry":{"type":"LineString","coordinates":[[-70.90526,-53.14309],[-70.90573,-53.14281]]}},{"type":"Feature","properties":{"nombre":"Coronel José de los Santos Mardones","jerarquia":5},"geometry":{"type":"LineString","coordinates":[[-70.90573,-53.14281],[-70.9063,-53.14247]]}},{"type":"Feature","properties":{"nombre":"Coronel José de los Santos Mardones","jerarquia":5},"geometry":{"type":"LineString","coordinates":[[-70.9063,-53.14247],[-70.90644,-53.1424]]}},{"type":"Feature","properties":{"nombre":"Coronel José de los Santos Mardones","jerarquia":5},"geometry":{"type":"LineString","coordinates":[[-70.90644,-53.1424],[-70.90742,-53.14182]]}},{"type":"Feature","properties":{"nombre":"Coronel José de los Santos Mardones","jerarquia":5},"geometry":{"type":"LineString","coordinates":[[-70.90742,-53.14182],[-70.90749,-53.14178]]}},{"type":"Feature","properties":{"nombre":"Coronel José de los Santos Mardones","jerarquia":5},"geometry":{"type":"LineString","coordinates":[[-70.90749,-53.14178],[-70.90802,-53.14147]]}},{"type":"Feature","properties":{"nombre":"Coronel José de los Santos Mardones","jerarquia":5},"geometry":{"type":"LineString","coordinates":[[-70.90802,-53.14147],[-70.90815,-53.14139]]}},{"type":"Feature","properties":{"nombre":"Coronel José de los Santos Mardones","jerarquia":5},"geometry":{"type":"LineString","coordinates":[[-70.90815,-53.14139],[-70.90874,-53.14105]]}},{"type":"Feature","properties":{"nombre":"Coronel José de los Santos Mardones","jerarquia":5},"geometry":{"type":"LineString","coordinates":[[-70.90874,-53.14105],[-70.91003,-53.14029]]}},{"type":"Feature","properties":{"nombre":"Coronel José de los Santos Mardones","jerarquia":5},"geometry":{"type":"LineString","coordinates":[[-70.91003,-53.14029],[-70.9108,-53.13984]]}},{"type":"Feature","properties":{"nombre":"Coronel José de los Santos Mardones","jerarquia":5},"geometry":{"type":"LineString","coordinates":[[-70.9108,-53.13984],[-70.91131,-53.13954]]}},{"type":"Feature","properties":{"nombre":"Coronel José de los Santos Mardones","jerarquia":5},"geometry":{"type":"LineString","coordinates":[[-70.91131,-53.13954],[-70.91201,-53.13913]]}},{"type":"Feature","properties":{"nombre":"Coronel José de los Santos Mardones","jerarquia":5},"geometry":{"type":"LineString","coordinates":[[-70.91201,-53.13913],[-70.91299,-53.13856]]}},{"type":"Feature","properties":{"nombre":"Coronel José de los Santos Mardones","jerarquia":5},"geometry":{"type":"LineString","coordinates":[[-70.91299,-53.13856],[-70.91361,-53.13819]]}},{"type":"Feature","properties":{"nombre":"Coronel José de los Santos Mardones","jerarquia":5},"geometry":{"type":"LineString","coordinates":[[-70.91361,-53.13819],[-70.91421,-53.13784]]}},{"type":"Feature","properties":{"nombre":"Coronel José de los Santos Mardones","jerarquia":5},"geometry":{"type":"LineString","coordinates":[[-70.91421,-53.13784],[-70.91479,-53.1375]]}},{"type":"Feature","properties":{"nombre":"Coronel José de los Santos Mardones","jerarquia":5},"geometry":{"type":"LineString","coordinates":[[-70.91479,-53.1375],[-70.91569,-53.13697]]}},{"type":"Feature","properties":{"nombre":"Coronel José de los Santos Mardones","jerarquia":5},"geometry":{"type":"LineString","coordinates":[[-70.91569,-53.13697],[-70.91627,-53.13663]]}},{"type":"Feature","properties":{"nombre":"Coronel José de los Santos Mardones","jerarquia":5},"geometry":{"type":"LineString","coordinates":[[-70.91627,-53.13663],[-70.91633,-53.13659]]}},{"type":"Feature","properties":{"nombre":"Coronel José de los Santos Mardones","jerarquia":5},"geometry":{"type":"LineString","coordinates":[[-70.91633,-53.13659],[-70.91646,-53.13652]]}},{"type":"Feature","properties":{"nombre":"Avenida Los Generales","jerarquia":5},"geometry":{"type":"LineString","coordinates":[[-70.88338,-53.12319],[-70.88395,-53.1229]]}},{"type":"Feature","properties":{"nombre":"Avenida Los Generales","jerarquia":5},"geometry":{"type":"LineString","coordinates":[[-70.88395,-53.1229],[-70.88514,-53.12235]]}},{"type":"Feature","properties":{"nombre":"Avenida Los Generales","jerarquia":5},"geometry":{"type":"LineString","coordinates":[[-70.88514,-53.12235],[-70.88575,-53.12205]]}},{"type":"Feature","properties":{"nombre":"Uruguay","jerarquia":5},"geometry":{"type":"LineString","coordinates":[[-70.88563,-53.14343],[-70.88639,-53.14371]]}},{"type":"Feature","properties":{"nombre":"Uruguay","jerarquia":5},"geometry":{"type":"LineString","coordinates":[[-70.88639,-53.14371],[-70.88698,-53.14403]]}},{"type":"Feature","properties":{"nombre":"Uruguay","jerarquia":5},"geometry":{"type":"LineString","coordinates":[[-70.88698,-53.14403],[-70.88757,-53.14436]]}},{"type":"Feature","properties":{"nombre":"Uruguay","jerarquia":5},"geometry":{"type":"LineString","coordinates":[[-70.88757,-53.14436],[-70.88814,-53.1447]]}},{"type":"Feature","properties":{"nombre":"Presidente Jorge Montt","jerarquia":4},"geometry":{"type":"LineString","coordinates":[[-70.88904,-53.15181],[-70.88858,-53.15139]]}},{"type":"Feature","properties":{"nombre":"Presidente Jorge Montt","jerarquia":4},"geometry":{"type":"LineString","coordinates":[[-70.88858,-53.15139],[-70.88807,-53.1509]]}},{"type":"Feature","properties":{"nombre":"Presidente Jorge Montt","jerarquia":4},"geometry":{"type":"LineString","coordinates":[[-70.88807,-53.1509],[-70.88711,-53.14999]]}},{"type":"Feature","properties":{"nombre":"Presidente Jorge Montt","jerarquia":4},"geometry":{"type":"LineString","coordinates":[[-70.88711,-53.14999],[-70.88621,-53.14912]]}},{"type":"Feature","properties":{"nombre":"Presidente Jorge Montt","jerarquia":4},"geometry":{"type":"LineString","coordinates":[[-70.88621,-53.14912],[-70.88556,-53.14847]]}},{"type":"Feature","properties":{"nombre":"Prolongación Mardones","jerarquia":5},"geometry":{"type":"LineString","coordinates":[[-70.92854,-53.12939],[-70.92849,-53.12919],[-70.92818,-53.1287],[-70.92738,-53.12779],[-70.92731,-53.12761],[-70.92732,-53.12752],[-70.92749,-53.12727]]}},{"type":"Feature","properties":{"nombre":"Prolongación Mardones","jerarquia":5},"geometry":{"type":"LineString","coordinates":[[-70.92749,-53.12727],[-70.9279,-53.1269]]}},{"type":"Feature","properties":{"nombre":"Prolongación Mardones","jerarquia":5},"geometry":{"type":"LineString","coordinates":[[-70.9279,-53.1269],[-70.92815,-53.12664]]}},{"type":"Feature","properties":{"nombre":"Prolongación Mardones","jerarquia":5},"geometry":{"type":"LineString","coordinates":[[-70.92815,-53.12664],[-70.92856,-53.12616],[-70.92911,-53.12572]]}},{"type":"Feature","properties":{"nombre":"Prolongación Mardones","jerarquia":5},"geometry":{"type":"LineString","coordinates":[[-70.92911,-53.12572],[-70.93024,-53.12506]]}},{"type":"Feature","properties":{"nombre":"Prolongación Mardones","jerarquia":5},"geometry":{"type":"LineString","coordinates":[[-70.93024,-53.12506],[-70.93043,-53.1249]]}},{"type":"Feature","properties":{"nombre":"Prolongación Mardones","jerarquia":5},"geometry":{"type":"LineString","coordinates":[[-70.93043,-53.1249],[-70.93122,-53.12419],[-70.93154,-53.12371]]}},{"type":"Feature","properties":{"nombre":"Prolongación Mardones","jerarquia":5},"geometry":{"type":"LineString","coordinates":[[-70.93154,-53.12371],[-70.93167,-53.12354],[-70.9317,-53.12328],[-70.93189,-53.12275]]}},{"type":"Feature","properties":{"nombre":"Prolongación Mardones","jerarquia":5},"geometry":{"type":"LineString","coordinates":[[-70.93189,-53.12275],[-70.9326,-53.12205]]}},{"type":"Feature","properties":{"nombre":"Enrique Abello","jerarquia":5},"geometry":{"type":"LineString","coordinates":[[-70.91567,-53.12524],[-70.91559,-53.12529]]}},{"type":"Feature","properties":{"nombre":"Enrique Abello","jerarquia":5},"geometry":{"type":"LineString","coordinates":[[-70.91559,-53.12529],[-70.91395,-53.12627]]}},{"type":"Feature","properties":{"nombre":"Enrique Abello","jerarquia":5},"geometry":{"type":"LineString","coordinates":[[-70.91395,-53.12627],[-70.9139,-53.12631]]}},{"type":"Feature","properties":{"nombre":"Enrique Abello","jerarquia":5},"geometry":{"type":"LineString","coordinates":[[-70.9139,-53.12631],[-70.912,-53.12745]]}},{"type":"Feature","properties":{"nombre":"Enrique Abello","jerarquia":5},"geometry":{"type":"LineString","coordinates":[[-70.912,-53.12745],[-70.9103,-53.12848]]}},{"type":"Feature","properties":{"nombre":"Enrique Abello","jerarquia":5},"geometry":{"type":"LineString","coordinates":[[-70.9103,-53.12848],[-70.90907,-53.12924]]}},{"type":"Feature","properties":{"nombre":"Enrique Abello","jerarquia":5},"geometry":{"type":"LineString","coordinates":[[-70.90907,-53.12924],[-70.90758,-53.13014]]}},{"type":"Feature","properties":{"nombre":"Avenida Castro","jerarquia":5},"geometry":{"type":"LineString","coordinates":[[-70.95321,-53.18157],[-70.95307,-53.18162]]}},{"type":"Feature","properties":{"nombre":"Los Acacios","jerarquia":5},"geometry":{"type":"LineString","coordinates":[[-70.90649,-53.13659],[-70.90595,-53.13638],[-70.90487,-53.13619]]}},{"type":"Feature","properties":{"nombre":"Los Acacios","jerarquia":5},"geometry":{"type":"LineString","coordinates":[[-70.90487,-53.13619],[-70.90447,-53.13599]]}},{"type":"Feature","properties":{"nombre":"Los Acacios","jerarquia":5},"geometry":{"type":"LineString","coordinates":[[-70.90447,-53.13599],[-70.90428,-53.13589]]}},{"type":"Feature","properties":{"nombre":"Los Acacios","jerarquia":5},"geometry":{"type":"LineString","coordinates":[[-70.90428,-53.13589],[-70.90372,-53.13554]]}},{"type":"Feature","properties":{"nombre":"Los Acacios","jerarquia":5},"geometry":{"type":"LineString","coordinates":[[-70.90372,-53.13554],[-70.90356,-53.13543]]}},{"type":"Feature","properties":{"nombre":"Los Acacios","jerarquia":5},"geometry":{"type":"LineString","coordinates":[[-70.90356,-53.13543],[-70.90296,-53.13509]]}},{"type":"Feature","properties":{"nombre":"Los Acacios","jerarquia":5},"geometry":{"type":"LineString","coordinates":[[-70.90296,-53.13509],[-70.90285,-53.13501]]}},{"type":"Feature","properties":{"nombre":"Los Acacios","jerarquia":5},"geometry":{"type":"LineString","coordinates":[[-70.90285,-53.13501],[-70.90274,-53.13494]]}},{"type":"Feature","properties":{"nombre":"Los Acacios","jerarquia":5},"geometry":{"type":"LineString","coordinates":[[-70.90274,-53.13494],[-70.90187,-53.13439]]}},{"type":"Feature","properties":{"nombre":"Los Acacios","jerarquia":5},"geometry":{"type":"LineString","coordinates":[[-70.90187,-53.13439],[-70.90119,-53.13398]]}},{"type":"Feature","properties":{"nombre":"Carlos Condell","jerarquia":5},"geometry":{"type":"LineString","coordinates":[[-70.90871,-53.14944],[-70.91004,-53.14868]]}},{"type":"Feature","properties":{"nombre":"Carlos Condell","jerarquia":5},"geometry":{"type":"LineString","coordinates":[[-70.91004,-53.14868],[-70.91138,-53.14794]]}},{"type":"Feature","properties":{"nombre":"Carlos Condell","jerarquia":5},"geometry":{"type":"LineString","coordinates":[[-70.91138,-53.14794],[-70.91275,-53.14716]]}},{"type":"Feature","properties":{"nombre":"Carlos Condell","jerarquia":5},"geometry":{"type":"LineString","coordinates":[[-70.91275,-53.14716],[-70.91393,-53.14644]]}},{"type":"Feature","properties":{"nombre":"Carlos Condell","jerarquia":5},"geometry":{"type":"LineString","coordinates":[[-70.91393,-53.14644],[-70.91523,-53.1457]]}},{"type":"Feature","properties":{"nombre":"Carlos Condell","jerarquia":5},"geometry":{"type":"LineString","coordinates":[[-70.91523,-53.1457],[-70.91654,-53.14499]]}},{"type":"Feature","properties":{"nombre":"Carlos Condell","jerarquia":5},"geometry":{"type":"LineString","coordinates":[[-70.91654,-53.14499],[-70.91784,-53.14418]]}},{"type":"Feature","properties":{"nombre":"Rómulo Correa","jerarquia":5},"geometry":{"type":"LineString","coordinates":[[-70.90632,-53.14801],[-70.90688,-53.14767]]}},{"type":"Feature","properties":{"nombre":"Rómulo Correa","jerarquia":5},"geometry":{"type":"LineString","coordinates":[[-70.90688,-53.14767],[-70.90703,-53.14759]]}},{"type":"Feature","properties":{"nombre":"Rómulo Correa","jerarquia":5},"geometry":{"type":"LineString","coordinates":[[-70.90703,-53.14759],[-70.90712,-53.14753]]}},{"type":"Feature","properties":{"nombre":"Rómulo Correa","jerarquia":5},"geometry":{"type":"LineString","coordinates":[[-70.90712,-53.14753],[-70.90767,-53.14721]]}},{"type":"Feature","properties":{"nombre":"Rómulo Correa","jerarquia":5},"geometry":{"type":"LineString","coordinates":[[-70.90767,-53.14721],[-70.90793,-53.14706]]}},{"type":"Feature","properties":{"nombre":"Rómulo Correa","jerarquia":5},"geometry":{"type":"LineString","coordinates":[[-70.90793,-53.14706],[-70.90824,-53.14688]]}},{"type":"Feature","properties":{"nombre":"Rómulo Correa","jerarquia":5},"geometry":{"type":"LineString","coordinates":[[-70.90824,-53.14688],[-70.9084,-53.14679]]}},{"type":"Feature","properties":{"nombre":"Rómulo Correa","jerarquia":5},"geometry":{"type":"LineString","coordinates":[[-70.9084,-53.14679],[-70.90899,-53.14644]]}},{"type":"Feature","properties":{"nombre":"Rómulo Correa","jerarquia":5},"geometry":{"type":"LineString","coordinates":[[-70.90899,-53.14644],[-70.91041,-53.14562]]}},{"type":"Feature","properties":{"nombre":"Avenida Independencia","jerarquia":4},"geometry":{"type":"LineString","coordinates":[[-70.92353,-53.16159],[-70.92195,-53.16219]]}},{"type":"Feature","properties":{"nombre":"Avenida Independencia","jerarquia":4},"geometry":{"type":"LineString","coordinates":[[-70.92195,-53.16219],[-70.92053,-53.16274]]}},{"type":"Feature","properties":{"nombre":"Avenida España","jerarquia":4},"geometry":{"type":"LineString","coordinates":[[-70.91677,-53.1638],[-70.91581,-53.16288]]}},{"type":"Feature","properties":{"nombre":"Avenida España","jerarquia":4},"geometry":{"type":"LineString","coordinates":[[-70.91581,-53.16288],[-70.91482,-53.16194]]}},{"type":"Feature","properties":{"nombre":"Avenida España","jerarquia":4},"geometry":{"type":"LineString","coordinates":[[-70.91482,-53.16194],[-70.91391,-53.16105]]}},{"type":"Feature","properties":{"nombre":"Avenida España","jerarquia":4},"geometry":{"type":"LineString","coordinates":[[-70.91391,-53.16105],[-70.91298,-53.16014]]}},{"type":"Feature","properties":{"nombre":"Avenida España","jerarquia":4},"geometry":{"type":"LineString","coordinates":[[-70.91298,-53.16014],[-70.91204,-53.1592]]}},{"type":"Feature","properties":{"nombre":"Avenida España","jerarquia":4},"geometry":{"type":"LineString","coordinates":[[-70.91204,-53.1592],[-70.91113,-53.15827]]}},{"type":"Feature","properties":{"nombre":"Avenida Cristóbal Colón","jerarquia":4},"geometry":{"type":"LineString","coordinates":[[-70.8979,-53.16339],[-70.8978,-53.16349],[-70.89787,-53.16359]]}},{"type":"Feature","properties":{"nombre":"Avenida España","jerarquia":4},"geometry":{"type":"LineString","coordinates":[[-70.92811,-53.17416],[-70.92923,-53.17507]]}},{"type":"Feature","properties":{"nombre":"Avenida Presidente Salvador Allende Gossens","jerarquia":4},"geometry":{"type":"LineString","coordinates":[[-70.93189,-53.15841],[-70.93177,-53.15844]]}},{"type":"Feature","properties":{"nombre":"Avenida España","jerarquia":4},"geometry":{"type":"LineString","coordinates":[[-70.91744,-53.16392],[-70.9184,-53.16485]]}},{"type":"Feature","properties":{"nombre":"Avenida España","jerarquia":4},"geometry":{"type":"LineString","coordinates":[[-70.9184,-53.16485],[-70.9194,-53.16573]]}},{"type":"Feature","properties":{"nombre":"Avenida España","jerarquia":4},"geometry":{"type":"LineString","coordinates":[[-70.9194,-53.16573],[-70.9204,-53.16667]]}},{"type":"Feature","properties":{"nombre":"Avenida España","jerarquia":4},"geometry":{"type":"LineString","coordinates":[[-70.9204,-53.16667],[-70.92134,-53.16757]]}},{"type":"Feature","properties":{"nombre":"Avenida España","jerarquia":4},"geometry":{"type":"LineString","coordinates":[[-70.92134,-53.16757],[-70.92229,-53.16846]]}},{"type":"Feature","properties":{"nombre":"Avenida España","jerarquia":4},"geometry":{"type":"LineString","coordinates":[[-70.92229,-53.16846],[-70.92323,-53.16937]]}},{"type":"Feature","properties":{"nombre":"Avenida España","jerarquia":4},"geometry":{"type":"LineString","coordinates":[[-70.92323,-53.16937],[-70.92418,-53.17027]]}},{"type":"Feature","properties":{"nombre":"Avenida España","jerarquia":4},"geometry":{"type":"LineString","coordinates":[[-70.92418,-53.17027],[-70.92509,-53.17118]]}},{"type":"Feature","properties":{"nombre":"Avenida España","jerarquia":4},"geometry":{"type":"LineString","coordinates":[[-70.92509,-53.17118],[-70.92567,-53.17174]]}},{"type":"Feature","properties":{"nombre":"Avenida España","jerarquia":4},"geometry":{"type":"LineString","coordinates":[[-70.92567,-53.17174],[-70.9259,-53.17195]]}},{"type":"Feature","properties":{"nombre":"Avenida España","jerarquia":4},"geometry":{"type":"LineString","coordinates":[[-70.9259,-53.17195],[-70.92672,-53.17277]]}},{"type":"Feature","properties":{"nombre":"Avenida España","jerarquia":4},"geometry":{"type":"LineString","coordinates":[[-70.92672,-53.17277],[-70.92811,-53.17416]]}},{"type":"Feature","properties":{"nombre":"Avenida Presidente Salvador Allende Gossens","jerarquia":4},"geometry":{"type":"LineString","coordinates":[[-70.93172,-53.15812],[-70.93345,-53.15792]]}},{"type":"Feature","properties":{"nombre":"Avenida Presidente Salvador Allende Gossens","jerarquia":4},"geometry":{"type":"LineString","coordinates":[[-70.93345,-53.15792],[-70.93484,-53.15774]]}},{"type":"Feature","properties":{"nombre":"Avenida Presidente Salvador Allende Gossens","jerarquia":4},"geometry":{"type":"LineString","coordinates":[[-70.93484,-53.15774],[-70.93652,-53.15753]]}},{"type":"Feature","properties":{"nombre":"Avenida Presidente Salvador Allende Gossens","jerarquia":4},"geometry":{"type":"LineString","coordinates":[[-70.93652,-53.15753],[-70.93819,-53.15733]]}},{"type":"Feature","properties":{"nombre":"Arturo Prat Chacón","jerarquia":5},"geometry":{"type":"LineString","coordinates":[[-70.93556,-53.17123],[-70.93514,-53.17084]]}},{"type":"Feature","properties":{"nombre":"Arturo Prat Chacón","jerarquia":5},"geometry":{"type":"LineString","coordinates":[[-70.93514,-53.17084],[-70.93467,-53.1704]]}},{"type":"Feature","properties":{"nombre":"Arturo Prat Chacón","jerarquia":5},"geometry":{"type":"LineString","coordinates":[[-70.93467,-53.1704],[-70.93411,-53.16989]]}},{"type":"Feature","properties":{"nombre":"Arturo Prat Chacón","jerarquia":5},"geometry":{"type":"LineString","coordinates":[[-70.93411,-53.16989],[-70.93352,-53.16937]]}},{"type":"Feature","properties":{"nombre":"Arturo Prat Chacón","jerarquia":5},"geometry":{"type":"LineString","coordinates":[[-70.92886,-53.16476],[-70.92854,-53.16439]]}},{"type":"Feature","properties":{"nombre":"Arturo Prat Chacón","jerarquia":5},"geometry":{"type":"LineString","coordinates":[[-70.92854,-53.16439],[-70.92793,-53.16381]]}},{"type":"Feature","properties":{"nombre":"Arturo Prat Chacón","jerarquia":5},"geometry":{"type":"LineString","coordinates":[[-70.92793,-53.16381],[-70.92694,-53.16287]]}},{"type":"Feature","properties":{"nombre":"Arturo Prat Chacón","jerarquia":5},"geometry":{"type":"LineString","coordinates":[[-70.92694,-53.16287],[-70.92631,-53.16228]]}},{"type":"Feature","properties":{"nombre":"Arturo Prat Chacón","jerarquia":5},"geometry":{"type":"LineString","coordinates":[[-70.92631,-53.16228],[-70.92598,-53.16197]]}},{"type":"Feature","properties":{"nombre":"Arturo Prat Chacón","jerarquia":5},"geometry":{"type":"LineString","coordinates":[[-70.92598,-53.16197],[-70.92499,-53.16103]]}},{"type":"Feature","properties":{"nombre":"Gobernador Carlos Bories","jerarquia":3},"geometry":{"type":"LineString","coordinates":[[-70.90243,-53.15618],[-70.90333,-53.1571]]}},{"type":"Feature","properties":{"nombre":"Gobernador Carlos Bories","jerarquia":3},"geometry":{"type":"LineString","coordinates":[[-70.90333,-53.1571],[-70.90426,-53.15802]]}},{"type":"Feature","properties":{"nombre":"Avenida Independencia","jerarquia":4},"geometry":{"type":"LineString","coordinates":[[-70.91744,-53.16392],[-70.91715,-53.16403]]}},{"type":"Feature","properties":{"nombre":"Avenida Independencia","jerarquia":4},"geometry":{"type":"LineString","coordinates":[[-70.91715,-53.16403],[-70.91705,-53.16407]]}},{"type":"Feature","properties":{"nombre":"Avenida Independencia","jerarquia":4},"geometry":{"type":"LineString","coordinates":[[-70.91705,-53.16407],[-70.91555,-53.16465]]}},{"type":"Feature","properties":{"nombre":"Avenida Circunvalación General Ramón Cañas Montalva","jerarquia":5},"geometry":{"type":"LineString","coordinates":[[-70.92828,-53.13526],[-70.92921,-53.13588]]}},{"type":"Feature","properties":{"nombre":"Avenida Circunvalación General Ramón Cañas Montalva","jerarquia":5},"geometry":{"type":"LineString","coordinates":[[-70.92921,-53.13588],[-70.92956,-53.13613]]}},{"type":"Feature","properties":{"nombre":"Avenida Circunvalación General Ramón Cañas Montalva","jerarquia":5},"geometry":{"type":"LineString","coordinates":[[-70.92956,-53.13613],[-70.92996,-53.13642]]}},{"type":"Feature","properties":{"nombre":"Avenida Circunvalación General Ramón Cañas Montalva","jerarquia":5},"geometry":{"type":"LineString","coordinates":[[-70.92996,-53.13642],[-70.93042,-53.13675]]}},{"type":"Feature","properties":{"nombre":"Avenida Circunvalación General Ramón Cañas Montalva","jerarquia":5},"geometry":{"type":"LineString","coordinates":[[-70.92813,-53.13535],[-70.92778,-53.13486]]}},{"type":"Feature","properties":{"nombre":"Avenida Circunvalación General Ramón Cañas Montalva","jerarquia":5},"geometry":{"type":"LineString","coordinates":[[-70.92778,-53.13486],[-70.92747,-53.13437]]}},{"type":"Feature","properties":{"nombre":"Avenida Circunvalación General Ramón Cañas Montalva","jerarquia":5},"geometry":{"type":"LineString","coordinates":[[-70.92747,-53.13437],[-70.9271,-53.1339]]}},{"type":"Feature","properties":{"nombre":"Avenida Circunvalación General Ramón Cañas Montalva","jerarquia":5},"geometry":{"type":"LineString","coordinates":[[-70.9271,-53.1339],[-70.92676,-53.13342]]}},{"type":"Feature","properties":{"nombre":"Avenida Presidente Eduardo Frei Montalva","jerarquia":4},"geometry":{"type":"LineString","coordinates":[[-70.92263,-53.14128],[-70.92098,-53.13962]]}},{"type":"Feature","properties":{"nombre":"Avenida Presidente Eduardo Frei Montalva","jerarquia":4},"geometry":{"type":"LineString","coordinates":[[-70.92098,-53.13962],[-70.9209,-53.13954]]}},{"type":"Feature","properties":{"nombre":"Avenida Presidente Eduardo Frei Montalva","jerarquia":4},"geometry":{"type":"LineString","coordinates":[[-70.90232,-53.12757],[-70.90095,-53.12675]]}},{"type":"Feature","properties":{"nombre":"Avenida Presidente Eduardo Frei Montalva","jerarquia":4},"geometry":{"type":"LineString","coordinates":[[-70.90095,-53.12675],[-70.90088,-53.12671]]}},{"type":"Feature","properties":{"nombre":"Avenida Presidente Eduardo Frei Montalva","jerarquia":4},"geometry":{"type":"LineString","coordinates":[[-70.90088,-53.12671],[-70.89891,-53.12551]]}},{"type":"Feature","properties":{"nombre":"Avenida Presidente Eduardo Frei Montalva","jerarquia":4},"geometry":{"type":"LineString","coordinates":[[-70.89891,-53.12551],[-70.89626,-53.12392]]}},{"type":"Feature","properties":{"nombre":"Avenida Presidente Eduardo Frei Montalva","jerarquia":4},"geometry":{"type":"LineString","coordinates":[[-70.89626,-53.12392],[-70.89615,-53.12385]]}},{"type":"Feature","properties":{"nombre":"Avenida Presidente Eduardo Frei Montalva","jerarquia":4},"geometry":{"type":"LineString","coordinates":[[-70.90248,-53.12753],[-70.9041,-53.12864]]}},{"type":"Feature","properties":{"nombre":"Avenida Presidente Eduardo Frei Montalva","jerarquia":4},"geometry":{"type":"LineString","coordinates":[[-70.91131,-53.13368],[-70.90982,-53.13267]]}},{"type":"Feature","properties":{"nombre":"Avenida Presidente Eduardo Frei Montalva","jerarquia":4},"geometry":{"type":"LineString","coordinates":[[-70.91882,-53.13791],[-70.92006,-53.13875],[-70.92093,-53.13942]]}},{"type":"Feature","properties":{"nombre":"Avenida Presidente Eduardo Frei Montalva","jerarquia":4},"geometry":{"type":"LineString","coordinates":[[-70.92093,-53.13942],[-70.92101,-53.13948]]}},{"type":"Feature","properties":{"nombre":"Avenida Presidente Eduardo Frei Montalva","jerarquia":4},"geometry":{"type":"LineString","coordinates":[[-70.92654,-53.14808],[-70.92576,-53.14667]]}},{"type":"Feature","properties":{"nombre":"Avenida Presidente Eduardo Frei Montalva","jerarquia":4},"geometry":{"type":"LineString","coordinates":[[-70.92576,-53.14667],[-70.92514,-53.14557]]}},{"type":"Feature","properties":{"nombre":"Avenida Presidente Eduardo Frei Montalva","jerarquia":4},"geometry":{"type":"LineString","coordinates":[[-70.92514,-53.14557],[-70.92443,-53.14432]]}},{"type":"Feature","properties":{"nombre":"Avenida Presidente Eduardo Frei Montalva","jerarquia":4},"geometry":{"type":"LineString","coordinates":[[-70.92443,-53.14432],[-70.92406,-53.14367]]}},{"type":"Feature","properties":{"nombre":"Avenida Presidente Eduardo Frei Montalva","jerarquia":4},"geometry":{"type":"LineString","coordinates":[[-70.92406,-53.14367],[-70.92403,-53.14362]]}},{"type":"Feature","properties":{"nombre":"Avenida Presidente Eduardo Frei Montalva","jerarquia":4},"geometry":{"type":"LineString","coordinates":[[-70.92403,-53.14362],[-70.92355,-53.1428]]}},{"type":"Feature","properties":{"nombre":"Avenida Presidente Eduardo Frei Montalva","jerarquia":4},"geometry":{"type":"LineString","coordinates":[[-70.91143,-53.13361],[-70.91212,-53.13402]]}},{"type":"Feature","properties":{"nombre":"Avenida Presidente Eduardo Frei Montalva","jerarquia":4},"geometry":{"type":"LineString","coordinates":[[-70.9209,-53.13954],[-70.91993,-53.13877],[-70.9188,-53.13803]]}},{"type":"Feature","properties":{"nombre":"Avenida Presidente Eduardo Frei Montalva","jerarquia":4},"geometry":{"type":"LineString","coordinates":[[-70.9188,-53.13803],[-70.91871,-53.13798]]}},{"type":"Feature","properties":{"nombre":"Avenida Presidente Eduardo Frei Montalva","jerarquia":4},"geometry":{"type":"LineString","coordinates":[[-70.92355,-53.1428],[-70.92267,-53.14135]]}},{"type":"Feature","properties":{"nombre":"Avenida Presidente Eduardo Frei Montalva","jerarquia":4},"geometry":{"type":"LineString","coordinates":[[-70.92267,-53.14135],[-70.92263,-53.14128]]}},{"type":"Feature","properties":{"nombre":"Manuel Aguilar","jerarquia":5},"geometry":{"type":"LineString","coordinates":[[-70.92654,-53.14808],[-70.92645,-53.14809]]}},{"type":"Feature","properties":{"nombre":"Manuel Aguilar","jerarquia":5},"geometry":{"type":"LineString","coordinates":[[-70.92645,-53.14809],[-70.9257,-53.14819]]}},{"type":"Feature","properties":{"nombre":"Manuel Aguilar","jerarquia":5},"geometry":{"type":"LineString","coordinates":[[-70.9257,-53.14819],[-70.92557,-53.14821]]}},{"type":"Feature","properties":{"nombre":"Manuel Aguilar","jerarquia":5},"geometry":{"type":"LineString","coordinates":[[-70.92557,-53.14821],[-70.92381,-53.14847]]}},{"type":"Feature","properties":{"nombre":"Avenida Presidente Eduardo Frei Montalva","jerarquia":4},"geometry":{"type":"LineString","coordinates":[[-70.92101,-53.13948],[-70.92138,-53.1398],[-70.92268,-53.14113]]}},{"type":"Feature","properties":{"nombre":"Avenida Presidente Eduardo Frei Montalva","jerarquia":4},"geometry":{"type":"LineString","coordinates":[[-70.92268,-53.14113],[-70.92274,-53.14119]]}},{"type":"Feature","properties":{"nombre":"Avenida Presidente Eduardo Frei Montalva","jerarquia":4},"geometry":{"type":"LineString","coordinates":[[-70.87996,-53.11526],[-70.87983,-53.11519]]}},{"type":"Feature","properties":{"nombre":"Avenida Presidente Eduardo Frei Montalva","jerarquia":4},"geometry":{"type":"LineString","coordinates":[[-70.87983,-53.11519],[-70.87935,-53.11494]]}},{"type":"Feature","properties":{"nombre":"Avenida Presidente Eduardo Frei Montalva","jerarquia":4},"geometry":{"type":"LineString","coordinates":[[-70.91871,-53.13798],[-70.91756,-53.13731]]}},{"type":"Feature","properties":{"nombre":"Avenida Presidente Eduardo Frei Montalva","jerarquia":4},"geometry":{"type":"LineString","coordinates":[[-70.91756,-53.13731],[-70.91642,-53.13664]]}},{"type":"Feature","properties":{"nombre":"Avenida Presidente Eduardo Frei Montalva","jerarquia":4},"geometry":{"type":"LineString","coordinates":[[-70.91642,-53.13664],[-70.91633,-53.13659]]}},{"type":"Feature","properties":{"nombre":"Avenida Presidente Eduardo Frei Montalva","jerarquia":4},"geometry":{"type":"LineString","coordinates":[[-70.91633,-53.13659],[-70.91504,-53.13587]]}},{"type":"Feature","properties":{"nombre":"Avenida Presidente Eduardo Frei Montalva","jerarquia":4},"geometry":{"type":"LineString","coordinates":[[-70.89627,-53.12378],[-70.89905,-53.12544]]}},{"type":"Feature","properties":{"nombre":"Avenida Presidente Eduardo Frei Montalva","jerarquia":4},"geometry":{"type":"LineString","coordinates":[[-70.89905,-53.12544],[-70.90101,-53.12662]]}},{"type":"Feature","properties":{"nombre":"Avenida Presidente Eduardo Frei Montalva","jerarquia":4},"geometry":{"type":"LineString","coordinates":[[-70.90101,-53.12662],[-70.90108,-53.12667]]}},{"type":"Feature","properties":{"nombre":"Avenida Presidente Eduardo Frei Montalva","jerarquia":4},"geometry":{"type":"LineString","coordinates":[[-70.90108,-53.12667],[-70.90225,-53.12738]]}},{"type":"Feature","properties":{"nombre":"Avenida Presidente Eduardo Frei Montalva","jerarquia":4},"geometry":{"type":"LineString","coordinates":[[-70.90225,-53.12738],[-70.90248,-53.12753]]}},{"type":"Feature","properties":{"nombre":"Avenida Presidente Eduardo Frei Montalva","jerarquia":4},"geometry":{"type":"LineString","coordinates":[[-70.92274,-53.14119],[-70.92347,-53.1424]]}},{"type":"Feature","properties":{"nombre":"Avenida Presidente Eduardo Frei Montalva","jerarquia":4},"geometry":{"type":"LineString","coordinates":[[-70.92347,-53.1424],[-70.92374,-53.14279]]}},{"type":"Feature","properties":{"nombre":"Avenida Presidente Eduardo Frei Montalva","jerarquia":4},"geometry":{"type":"LineString","coordinates":[[-70.92374,-53.14279],[-70.92414,-53.14352]]}},{"type":"Feature","properties":{"nombre":"Avenida Presidente Eduardo Frei Montalva","jerarquia":4},"geometry":{"type":"LineString","coordinates":[[-70.92414,-53.14352],[-70.92418,-53.14359]]}},{"type":"Feature","properties":{"nombre":"Avenida Presidente Eduardo Frei Montalva","jerarquia":4},"geometry":{"type":"LineString","coordinates":[[-70.92418,-53.14359],[-70.92488,-53.14482]]}},{"type":"Feature","properties":{"nombre":"Avenida Presidente Eduardo Frei Montalva","jerarquia":4},"geometry":{"type":"LineString","coordinates":[[-70.92488,-53.14482],[-70.92529,-53.14554]]}},{"type":"Feature","properties":{"nombre":"Avenida Presidente Eduardo Frei Montalva","jerarquia":4},"geometry":{"type":"LineString","coordinates":[[-70.92529,-53.14554],[-70.92561,-53.14611]]}},{"type":"Feature","properties":{"nombre":"Avenida Presidente Eduardo Frei Montalva","jerarquia":4},"geometry":{"type":"LineString","coordinates":[[-70.92561,-53.14611],[-70.92609,-53.14695]]}},{"type":"Feature","properties":{"nombre":"Avenida Presidente Eduardo Frei Montalva","jerarquia":4},"geometry":{"type":"LineString","coordinates":[[-70.92609,-53.14695],[-70.92626,-53.14727]]}},{"type":"Feature","properties":{"nombre":"Avenida Presidente Eduardo Frei Montalva","jerarquia":4},"geometry":{"type":"LineString","coordinates":[[-70.92626,-53.14727],[-70.92668,-53.14802]]}},{"type":"Feature","properties":{"nombre":"Avenida Presidente Eduardo Frei Montalva","jerarquia":4},"geometry":{"type":"LineString","coordinates":[[-70.92668,-53.14802],[-70.9267,-53.14806]]}},{"type":"Feature","properties":{"nombre":"Avenida España","jerarquia":4},"geometry":{"type":"LineString","coordinates":[[-70.90648,-53.15346],[-70.90571,-53.15257]]}},{"type":"Feature","properties":{"nombre":"Avenida España","jerarquia":4},"geometry":{"type":"LineString","coordinates":[[-70.90571,-53.15257],[-70.90432,-53.15092]]}},{"type":"Feature","properties":{"nombre":"Avenida España","jerarquia":4},"geometry":{"type":"LineString","coordinates":[[-70.90432,-53.15092],[-70.9033,-53.14972]]}},{"type":"Feature","properties":{"nombre":"Avenida España","jerarquia":4},"geometry":{"type":"LineString","coordinates":[[-70.9033,-53.14972],[-70.90176,-53.14794]]}},{"type":"Feature","properties":{"nombre":"Avenida España","jerarquia":4},"geometry":{"type":"LineString","coordinates":[[-70.90176,-53.14794],[-70.90137,-53.14748]]}},{"type":"Feature","properties":{"nombre":"Avenida España","jerarquia":4},"geometry":{"type":"LineString","coordinates":[[-70.90137,-53.14748],[-70.90098,-53.14701]]}},{"type":"Feature","properties":{"nombre":"Avenida España","jerarquia":4},"geometry":{"type":"LineString","coordinates":[[-70.90098,-53.14701],[-70.90058,-53.14656]]}},{"type":"Feature","properties":{"nombre":"Avenida España","jerarquia":4},"geometry":{"type":"LineString","coordinates":[[-70.90058,-53.14656],[-70.90017,-53.14607]]}},{"type":"Feature","properties":{"nombre":"Avenida España","jerarquia":4},"geometry":{"type":"LineString","coordinates":[[-70.90017,-53.14607],[-70.89936,-53.14515]]}},{"type":"Feature","properties":{"nombre":"Avenida España","jerarquia":4},"geometry":{"type":"LineString","coordinates":[[-70.90692,-53.15331],[-70.90736,-53.15378]]}},{"type":"Feature","properties":{"nombre":"Avenida España","jerarquia":4},"geometry":{"type":"LineString","coordinates":[[-70.90736,-53.15378],[-70.9078,-53.15423]]}},{"type":"Feature","properties":{"nombre":"Avenida España","jerarquia":4},"geometry":{"type":"LineString","coordinates":[[-70.9078,-53.15423],[-70.90812,-53.15458]]}},{"type":"Feature","properties":{"nombre":"Avenida España","jerarquia":4},"geometry":{"type":"LineString","coordinates":[[-70.90812,-53.15458],[-70.90862,-53.1551]]}},{"type":"Feature","properties":{"nombre":"Avenida España","jerarquia":4},"geometry":{"type":"LineString","coordinates":[[-70.90862,-53.1551],[-70.90939,-53.15592]]}},{"type":"Feature","properties":{"nombre":"Avenida España","jerarquia":4},"geometry":{"type":"LineString","coordinates":[[-70.90939,-53.15592],[-70.90943,-53.15596]]}},{"type":"Feature","properties":{"nombre":"","jerarquia":3},"geometry":{"type":"LineString","coordinates":[[-70.88481,-53.14852],[-70.88457,-53.14844]]}},{"type":"Feature","properties":{"nombre":"","jerarquia":3},"geometry":{"type":"LineString","coordinates":[[-70.87671,-53.1303],[-70.87621,-53.1306]]}},{"type":"Feature","properties":{"nombre":"Avenida José Martínez de Aldunate","jerarquia":4},"geometry":{"type":"LineString","coordinates":[[-70.93402,-53.16244],[-70.93369,-53.16189]]}},{"type":"Feature","properties":{"nombre":"Avenida José Martínez de Aldunate","jerarquia":4},"geometry":{"type":"LineString","coordinates":[[-70.93369,-53.16189],[-70.93339,-53.16136]]}},{"type":"Feature","properties":{"nombre":"Avenida José Martínez de Aldunate","jerarquia":4},"geometry":{"type":"LineString","coordinates":[[-70.93339,-53.16136],[-70.9331,-53.16081]]}},{"type":"Feature","properties":{"nombre":"Avenida José Martínez de Aldunate","jerarquia":4},"geometry":{"type":"LineString","coordinates":[[-70.9331,-53.16081],[-70.93278,-53.16022]]}},{"type":"Feature","properties":{"nombre":"Avenida José Martínez de Aldunate","jerarquia":4},"geometry":{"type":"LineString","coordinates":[[-70.93278,-53.16022],[-70.93243,-53.15964]]}},{"type":"Feature","properties":{"nombre":"Avenida José Martínez de Aldunate","jerarquia":4},"geometry":{"type":"LineString","coordinates":[[-70.93243,-53.15964],[-70.93215,-53.15912]]}},{"type":"Feature","properties":{"nombre":"Avenida José Martínez de Aldunate","jerarquia":4},"geometry":{"type":"LineString","coordinates":[[-70.93215,-53.15912],[-70.93181,-53.15851]]}},{"type":"Feature","properties":{"nombre":"Avenida José Martínez de Aldunate","jerarquia":4},"geometry":{"type":"LineString","coordinates":[[-70.93181,-53.15851],[-70.93177,-53.15844]]}},{"type":"Feature","properties":{"nombre":"Ramón Carnicer","jerarquia":5},"geometry":{"type":"LineString","coordinates":[[-70.93467,-53.1704],[-70.9333,-53.17095]]}},{"type":"Feature","properties":{"nombre":"Ramón Carnicer","jerarquia":5},"geometry":{"type":"LineString","coordinates":[[-70.9333,-53.17095],[-70.93234,-53.17125]]}},{"type":"Feature","properties":{"nombre":"Ramón Carnicer","jerarquia":5},"geometry":{"type":"LineString","coordinates":[[-70.93234,-53.17125],[-70.93194,-53.17141]]}},{"type":"Feature","properties":{"nombre":"Ramón Carnicer","jerarquia":5},"geometry":{"type":"LineString","coordinates":[[-70.93194,-53.17141],[-70.93148,-53.1716]]}},{"type":"Feature","properties":{"nombre":"Ramón Carnicer","jerarquia":5},"geometry":{"type":"LineString","coordinates":[[-70.93148,-53.1716],[-70.93086,-53.17187]]}},{"type":"Feature","properties":{"nombre":"Ramón Carnicer","jerarquia":5},"geometry":{"type":"LineString","coordinates":[[-70.93086,-53.17187],[-70.92934,-53.17246]]}},{"type":"Feature","properties":{"nombre":"Arturo Prat Chacón","jerarquia":5},"geometry":{"type":"LineString","coordinates":[[-70.93352,-53.16937],[-70.93302,-53.1689]]}},{"type":"Feature","properties":{"nombre":"Arturo Prat Chacón","jerarquia":5},"geometry":{"type":"LineString","coordinates":[[-70.93302,-53.1689],[-70.93243,-53.16833]]}},{"type":"Feature","properties":{"nombre":"Arturo Prat Chacón","jerarquia":5},"geometry":{"type":"LineString","coordinates":[[-70.93243,-53.16833],[-70.93188,-53.16778]]}},{"type":"Feature","properties":{"nombre":"Arturo Prat Chacón","jerarquia":5},"geometry":{"type":"LineString","coordinates":[[-70.93188,-53.16778],[-70.9317,-53.16762]]}},{"type":"Feature","properties":{"nombre":"Arturo Prat Chacón","jerarquia":5},"geometry":{"type":"LineString","coordinates":[[-70.9317,-53.16762],[-70.93117,-53.16708]]}},{"type":"Feature","properties":{"nombre":"Arturo Prat Chacón","jerarquia":5},"geometry":{"type":"LineString","coordinates":[[-70.93117,-53.16708],[-70.93061,-53.16651]]}},{"type":"Feature","properties":{"nombre":"Arturo Prat Chacón","jerarquia":5},"geometry":{"type":"LineString","coordinates":[[-70.93061,-53.16651],[-70.93007,-53.16596]]}},{"type":"Feature","properties":{"nombre":"Avenida José Martínez de Aldunate","jerarquia":4},"geometry":{"type":"LineString","coordinates":[[-70.93414,-53.16242],[-70.93463,-53.16295]]}},{"type":"Feature","properties":{"nombre":"Avenida José Martínez de Aldunate","jerarquia":4},"geometry":{"type":"LineString","coordinates":[[-70.94111,-53.1695],[-70.94212,-53.17054]]}},{"type":"Feature","properties":{"nombre":"Avenida José Martínez de Aldunate","jerarquia":4},"geometry":{"type":"LineString","coordinates":[[-70.94212,-53.17054],[-70.94245,-53.17089]]}},{"type":"Feature","properties":{"nombre":"Avenida José Martínez de Aldunate","jerarquia":4},"geometry":{"type":"LineString","coordinates":[[-70.94245,-53.17089],[-70.94311,-53.17165]]}},{"type":"Feature","properties":{"nombre":"Guillermo Pérez de Arce","jerarquia":5},"geometry":{"type":"LineString","coordinates":[[-70.91774,-53.1689],[-70.9171,-53.16912]]}},{"type":"Feature","properties":{"nombre":"Guillermo Pérez de Arce","jerarquia":5},"geometry":{"type":"LineString","coordinates":[[-70.9171,-53.16912],[-70.9165,-53.16939]]}},{"type":"Feature","properties":{"nombre":"Guillermo Pérez de Arce","jerarquia":5},"geometry":{"type":"LineString","coordinates":[[-70.9165,-53.16939],[-70.91593,-53.1697]]}},{"type":"Feature","properties":{"nombre":"Avenida José Martínez de Aldunate","jerarquia":4},"geometry":{"type":"LineString","coordinates":[[-70.94106,-53.16963],[-70.94063,-53.16919]]}},{"type":"Feature","properties":{"nombre":"Ramón Carnicer","jerarquia":5},"geometry":{"type":"LineString","coordinates":[[-70.94421,-53.16646],[-70.94198,-53.16739]]}},{"type":"Feature","properties":{"nombre":"Ramón Carnicer","jerarquia":5},"geometry":{"type":"LineString","coordinates":[[-70.94198,-53.16739],[-70.93985,-53.16827]]}},{"type":"Feature","properties":{"nombre":"Eusebio Lillo","jerarquia":5},"geometry":{"type":"LineString","coordinates":[[-70.93819,-53.15733],[-70.93836,-53.15759]]}},{"type":"Feature","properties":{"nombre":"Eusebio Lillo","jerarquia":5},"geometry":{"type":"LineString","coordinates":[[-70.93836,-53.15759],[-70.93837,-53.15762]]}},{"type":"Feature","properties":{"nombre":"Avenida Manantiales","jerarquia":4},"geometry":{"type":"LineString","coordinates":[[-70.90454,-53.13505],[-70.90372,-53.13554]]}},{"type":"Feature","properties":{"nombre":"Avenida Manantiales","jerarquia":4},"geometry":{"type":"LineString","coordinates":[[-70.90372,-53.13554],[-70.90216,-53.13643],[-70.90021,-53.13762]]}},{"type":"Feature","properties":{"nombre":"Avenida Manantiales","jerarquia":4},"geometry":{"type":"LineString","coordinates":[[-70.90021,-53.13762],[-70.89963,-53.13799],[-70.89915,-53.13852]]}},{"type":"Feature","properties":{"nombre":"Avenida Manantiales","jerarquia":4},"geometry":{"type":"LineString","coordinates":[[-70.89915,-53.13852],[-70.89886,-53.13865],[-70.898,-53.13887],[-70.89744,-53.13922]]}},{"type":"Feature","properties":{"nombre":"Avenida Manantiales","jerarquia":4},"geometry":{"type":"LineString","coordinates":[[-70.89744,-53.13922],[-70.89699,-53.13943]]}},{"type":"Feature","properties":{"nombre":"Avenida Manantiales","jerarquia":4},"geometry":{"type":"LineString","coordinates":[[-70.90921,-53.13225],[-70.90905,-53.13234]]}},{"type":"Feature","properties":{"nombre":"Avenida Manantiales","jerarquia":4},"geometry":{"type":"LineString","coordinates":[[-70.90905,-53.13234],[-70.90712,-53.1335]]}},{"type":"Feature","properties":{"nombre":"Prolongación Mardones","jerarquia":5},"geometry":{"type":"LineString","coordinates":[[-70.94443,-53.11677],[-70.94348,-53.11689],[-70.9432,-53.11688],[-70.94266,-53.1167],[-70.94233,-53.11667],[-70.94112,-53.11685],[-70.94041,-53.11682],[-70.93962,-53.11699],[-70.93849,-53.11701],[-70.9378,-53.11721],[-70.93636,-53.11745],[-70.93604,-53.11756]]}},{"type":"Feature","properties":{"nombre":"Comodoro Arturo Merino Benítez","jerarquia":4},"geometry":{"type":"LineString","coordinates":[[-70.87552,-53.14141],[-70.87554,-53.1413]]}},{"type":"Feature","properties":{"nombre":"Avenida Independencia","jerarquia":4},"geometry":{"type":"LineString","coordinates":[[-70.90974,-53.16687],[-70.90967,-53.16693]]}},{"type":"Feature","properties":{"nombre":"Avenida Costanera del Estrecho","jerarquia":3},"geometry":{"type":"LineString","coordinates":[[-70.90974,-53.16687],[-70.91138,-53.16747]]}},{"type":"Feature","properties":{"nombre":"Avenida Costanera del Estrecho","jerarquia":3},"geometry":{"type":"LineString","coordinates":[[-70.91138,-53.16747],[-70.91277,-53.16818]]}},{"type":"Feature","properties":{"nombre":"Avenida Costanera del Estrecho","jerarquia":3},"geometry":{"type":"LineString","coordinates":[[-70.91277,-53.16818],[-70.91319,-53.16839]]}},{"type":"Feature","properties":{"nombre":"","jerarquia":3},"geometry":{"type":"LineString","coordinates":[[-70.86846,-53.13868],[-70.86846,-53.13853]]}},{"type":"Feature","properties":{"nombre":"Avenida Presidente Eduardo Frei Montalva","jerarquia":4},"geometry":{"type":"LineString","coordinates":[[-70.9068,-53.13062],[-70.9058,-53.12994]]}},{"type":"Feature","properties":{"nombre":"Enrique Abello","jerarquia":5},"geometry":{"type":"LineString","coordinates":[[-70.90119,-53.13398],[-70.89959,-53.13497]]}},{"type":"Feature","properties":{"nombre":"Enrique Abello","jerarquia":5},"geometry":{"type":"LineString","coordinates":[[-70.89959,-53.13497],[-70.89842,-53.13563]]}},{"type":"Feature","properties":{"nombre":"Enrique Abello","jerarquia":5},"geometry":{"type":"LineString","coordinates":[[-70.89842,-53.13563],[-70.89768,-53.13606]]}},{"type":"Feature","properties":{"nombre":"Enrique Abello","jerarquia":5},"geometry":{"type":"LineString","coordinates":[[-70.89768,-53.13606],[-70.89765,-53.13607]]}},{"type":"Feature","properties":{"nombre":"Enrique Abello","jerarquia":5},"geometry":{"type":"LineString","coordinates":[[-70.89765,-53.13607],[-70.89705,-53.13644]]}},{"type":"Feature","properties":{"nombre":"Enrique Abello","jerarquia":5},"geometry":{"type":"LineString","coordinates":[[-70.89705,-53.13644],[-70.89696,-53.13649]]}},{"type":"Feature","properties":{"nombre":"Enrique Abello","jerarquia":5},"geometry":{"type":"LineString","coordinates":[[-70.89696,-53.13649],[-70.89641,-53.13682]]}},{"type":"Feature","properties":{"nombre":"Enrique Abello","jerarquia":5},"geometry":{"type":"LineString","coordinates":[[-70.89641,-53.13682],[-70.89638,-53.13684]]}},{"type":"Feature","properties":{"nombre":"Enrique Abello","jerarquia":5},"geometry":{"type":"LineString","coordinates":[[-70.89638,-53.13684],[-70.89581,-53.13717]]}},{"type":"Feature","properties":{"nombre":"Enrique Abello","jerarquia":5},"geometry":{"type":"LineString","coordinates":[[-70.89581,-53.13717],[-70.89532,-53.13746]]}},{"type":"Feature","properties":{"nombre":"Enrique Abello","jerarquia":5},"geometry":{"type":"LineString","coordinates":[[-70.89532,-53.13746],[-70.89515,-53.13757]]}},{"type":"Feature","properties":{"nombre":"Enrique Abello","jerarquia":5},"geometry":{"type":"LineString","coordinates":[[-70.89515,-53.13757],[-70.89457,-53.13791]]}},{"type":"Feature","properties":{"nombre":"Enrique Abello","jerarquia":5},"geometry":{"type":"LineString","coordinates":[[-70.89457,-53.13791],[-70.89396,-53.13829]]}},{"type":"Feature","properties":{"nombre":"Enrique Abello","jerarquia":5},"geometry":{"type":"LineString","coordinates":[[-70.89396,-53.13829],[-70.89355,-53.13853]]}},{"type":"Feature","properties":{"nombre":"Enrique Abello","jerarquia":5},"geometry":{"type":"LineString","coordinates":[[-70.89355,-53.13853],[-70.89304,-53.13885]]}},{"type":"Feature","properties":{"nombre":"Enrique Abello","jerarquia":5},"geometry":{"type":"LineString","coordinates":[[-70.89304,-53.13885],[-70.89234,-53.13926]]}},{"type":"Feature","properties":{"nombre":"21 de Mayo","jerarquia":3},"geometry":{"type":"LineString","coordinates":[[-70.92178,-53.17958],[-70.92096,-53.17862],[-70.9203,-53.1776],[-70.91966,-53.17621],[-70.91915,-53.17491]]}},{"type":"Feature","properties":{"nombre":"21 de Mayo","jerarquia":3},"geometry":{"type":"LineString","coordinates":[[-70.91915,-53.17491],[-70.91906,-53.17415]]}},{"type":"Feature","properties":{"nombre":"21 de Mayo","jerarquia":3},"geometry":{"type":"LineString","coordinates":[[-70.91906,-53.17415],[-70.91893,-53.17224],[-70.91885,-53.172],[-70.91871,-53.17177],[-70.91834,-53.17141],[-70.91705,-53.17052],[-70.91524,-53.16943]]}},{"type":"Feature","properties":{"nombre":"21 de Mayo","jerarquia":3},"geometry":{"type":"LineString","coordinates":[[-70.91524,-53.16943],[-70.91451,-53.16917]]}},{"type":"Feature","properties":{"nombre":"Avenida Costanera del Estrecho","jerarquia":3},"geometry":{"type":"LineString","coordinates":[[-70.90389,-53.16514],[-70.90288,-53.16503],[-70.9024,-53.16489]]}},{"type":"Feature","properties":{"nombre":"Avenida Costanera del Estrecho","jerarquia":3},"geometry":{"type":"LineString","coordinates":[[-70.9024,-53.16489],[-70.90084,-53.16439],[-70.89893,-53.16401]]}},{"type":"Feature","properties":{"nombre":"Avenida Costanera del Estrecho","jerarquia":3},"geometry":{"type":"LineString","coordinates":[[-70.89893,-53.16401],[-70.89781,-53.16367],[-70.89701,-53.16354],[-70.8941,-53.16353]]}},{"type":"Feature","properties":{"nombre":"Avenida Costanera del Estrecho","jerarquia":3},"geometry":{"type":"LineString","coordinates":[[-70.8941,-53.16353],[-70.89271,-53.16355],[-70.89225,-53.16351],[-70.89168,-53.16336],[-70.89114,-53.16304]]}},{"type":"Feature","properties":{"nombre":"21 de Mayo","jerarquia":3},"geometry":{"type":"LineString","coordinates":[[-70.92353,-53.18097],[-70.92514,-53.18229]]}},{"type":"Feature","properties":{"nombre":"21 de Mayo","jerarquia":3},"geometry":{"type":"LineString","coordinates":[[-70.92514,-53.18229],[-70.92544,-53.18253]]}},{"type":"Feature","properties":{"nombre":"21 de Mayo","jerarquia":3},"geometry":{"type":"LineString","coordinates":[[-70.92544,-53.18253],[-70.92618,-53.18314]]}},{"type":"Feature","properties":{"nombre":"21 de Mayo","jerarquia":3},"geometry":{"type":"LineString","coordinates":[[-70.92618,-53.18314],[-70.92651,-53.18342]]}},{"type":"Feature","properties":{"nombre":"21 de Mayo","jerarquia":3},"geometry":{"type":"LineString","coordinates":[[-70.92651,-53.18342],[-70.92772,-53.18443]]}},{"type":"Feature","properties":{"nombre":"21 de Mayo","jerarquia":3},"geometry":{"type":"LineString","coordinates":[[-70.92772,-53.18443],[-70.92834,-53.18498],[-70.92879,-53.18552]]}},{"type":"Feature","properties":{"nombre":"21 de Mayo","jerarquia":3},"geometry":{"type":"LineString","coordinates":[[-70.92879,-53.18552],[-70.92904,-53.18585]]}},{"type":"Feature","properties":{"nombre":"21 de Mayo","jerarquia":3},"geometry":{"type":"LineString","coordinates":[[-70.92904,-53.18585],[-70.92921,-53.18617]]}},{"type":"Feature","properties":{"nombre":"Manuel Rodríguez","jerarquia":5},"geometry":{"type":"LineString","coordinates":[[-70.93782,-53.18022],[-70.93849,-53.18082]]}},{"type":"Feature","properties":{"nombre":"Manuel Rodríguez","jerarquia":5},"geometry":{"type":"LineString","coordinates":[[-70.93849,-53.18082],[-70.93911,-53.18139]]}},{"type":"Feature","properties":{"nombre":"Manuel Rodríguez","jerarquia":5},"geometry":{"type":"LineString","coordinates":[[-70.93911,-53.18139],[-70.93943,-53.18167]]}},{"type":"Feature","properties":{"nombre":"Manuel Rodríguez","jerarquia":5},"geometry":{"type":"LineString","coordinates":[[-70.93943,-53.18167],[-70.94059,-53.18277]]}},{"type":"Feature","properties":{"nombre":"Manuel Rodríguez","jerarquia":5},"geometry":{"type":"LineString","coordinates":[[-70.94059,-53.18277],[-70.94128,-53.18341]]}},{"type":"Feature","properties":{"nombre":"21 de Mayo","jerarquia":3},"geometry":{"type":"LineString","coordinates":[[-70.91091,-53.1664],[-70.91066,-53.16616]]}},{"type":"Feature","properties":{"nombre":"21 de Mayo","jerarquia":3},"geometry":{"type":"LineString","coordinates":[[-70.91066,-53.16616],[-70.90972,-53.16526]]}},{"type":"Feature","properties":{"nombre":"21 de Mayo","jerarquia":3},"geometry":{"type":"LineString","coordinates":[[-70.90972,-53.16526],[-70.90874,-53.16432]]}},{"type":"Feature","properties":{"nombre":"21 de Mayo","jerarquia":3},"geometry":{"type":"LineString","coordinates":[[-70.90874,-53.16432],[-70.90827,-53.16386]]}},{"type":"Feature","properties":{"nombre":"21 de Mayo","jerarquia":3},"geometry":{"type":"LineString","coordinates":[[-70.90827,-53.16386],[-70.90785,-53.16346]]}},{"type":"Feature","properties":{"nombre":"21 de Mayo","jerarquia":3},"geometry":{"type":"LineString","coordinates":[[-70.90785,-53.16346],[-70.90778,-53.16339]]}},{"type":"Feature","properties":{"nombre":"General Estanislao del Canto","jerarquia":5},"geometry":{"type":"LineString","coordinates":[[-70.91496,-53.14859],[-70.91621,-53.14787]]}},{"type":"Feature","properties":{"nombre":"General Estanislao del Canto","jerarquia":5},"geometry":{"type":"LineString","coordinates":[[-70.91621,-53.14787],[-70.91748,-53.14712]]}},{"type":"Feature","properties":{"nombre":"General Estanislao del Canto","jerarquia":5},"geometry":{"type":"LineString","coordinates":[[-70.91748,-53.14712],[-70.9188,-53.14638]]}},{"type":"Feature","properties":{"nombre":"General Estanislao del Canto","jerarquia":5},"geometry":{"type":"LineString","coordinates":[[-70.9188,-53.14638],[-70.91995,-53.14571]]}},{"type":"Feature","properties":{"nombre":"General Estanislao del Canto","jerarquia":5},"geometry":{"type":"LineString","coordinates":[[-70.91995,-53.14571],[-70.9201,-53.14561]]}},{"type":"Feature","properties":{"nombre":"General Estanislao del Canto","jerarquia":5},"geometry":{"type":"LineString","coordinates":[[-70.9201,-53.14561],[-70.92058,-53.14534]]}},{"type":"Feature","properties":{"nombre":"General Estanislao del Canto","jerarquia":5},"geometry":{"type":"LineString","coordinates":[[-70.92058,-53.14534],[-70.92106,-53.14505]]}},{"type":"Feature","properties":{"nombre":"General Estanislao del Canto","jerarquia":5},"geometry":{"type":"LineString","coordinates":[[-70.92106,-53.14505],[-70.9214,-53.14486]]}},{"type":"Feature","properties":{"nombre":"General Estanislao del Canto","jerarquia":5},"geometry":{"type":"LineString","coordinates":[[-70.9214,-53.14486],[-70.9215,-53.1448]]}},{"type":"Feature","properties":{"nombre":"General Estanislao del Canto","jerarquia":5},"geometry":{"type":"LineString","coordinates":[[-70.9215,-53.1448],[-70.92202,-53.14449]]}},{"type":"Feature","properties":{"nombre":"General Estanislao del Canto","jerarquia":5},"geometry":{"type":"LineString","coordinates":[[-70.92202,-53.14449],[-70.92219,-53.14439]]}},{"type":"Feature","properties":{"nombre":"General Estanislao del Canto","jerarquia":5},"geometry":{"type":"LineString","coordinates":[[-70.92219,-53.14439],[-70.92275,-53.14406]]}},{"type":"Feature","properties":{"nombre":"General Estanislao del Canto","jerarquia":5},"geometry":{"type":"LineString","coordinates":[[-70.92275,-53.14406],[-70.9232,-53.1438]]}},{"type":"Feature","properties":{"nombre":"General Estanislao del Canto","jerarquia":5},"geometry":{"type":"LineString","coordinates":[[-70.9232,-53.1438],[-70.92377,-53.14367]]}},{"type":"Feature","properties":{"nombre":"General Estanislao del Canto","jerarquia":5},"geometry":{"type":"LineString","coordinates":[[-70.92377,-53.14367],[-70.92393,-53.14364]]}},{"type":"Feature","properties":{"nombre":"General Estanislao del Canto","jerarquia":5},"geometry":{"type":"LineString","coordinates":[[-70.92393,-53.14364],[-70.92403,-53.14362]]}},{"type":"Feature","properties":{"nombre":"Avenida Ancud","jerarquia":5},"geometry":{"type":"LineString","coordinates":[[-70.95009,-53.18023],[-70.95132,-53.17978]]}},{"type":"Feature","properties":{"nombre":"Avenida Independencia","jerarquia":4},"geometry":{"type":"LineString","coordinates":[[-70.91091,-53.1664],[-70.90985,-53.16681]]}},{"type":"Feature","properties":{"nombre":"Avenida Independencia","jerarquia":4},"geometry":{"type":"LineString","coordinates":[[-70.90985,-53.16681],[-70.90974,-53.16687]]}},{"type":"Feature","properties":{"nombre":"Carlos Condell","jerarquia":5},"geometry":{"type":"LineString","coordinates":[[-70.93028,-53.13683],[-70.92987,-53.13708]]}},{"type":"Feature","properties":{"nombre":"Carlos Condell","jerarquia":5},"geometry":{"type":"LineString","coordinates":[[-70.92987,-53.13708],[-70.92867,-53.13778]]}},{"type":"Feature","properties":{"nombre":"Carlos Condell","jerarquia":5},"geometry":{"type":"LineString","coordinates":[[-70.92867,-53.13778],[-70.92828,-53.13801]]}},{"type":"Feature","properties":{"nombre":"Carlos Condell","jerarquia":5},"geometry":{"type":"LineString","coordinates":[[-70.92828,-53.13801],[-70.92813,-53.13809]]}},{"type":"Feature","properties":{"nombre":"Carlos Condell","jerarquia":5},"geometry":{"type":"LineString","coordinates":[[-70.92813,-53.13809],[-70.92792,-53.13822]]}},{"type":"Feature","properties":{"nombre":"Carlos Condell","jerarquia":5},"geometry":{"type":"LineString","coordinates":[[-70.92792,-53.13822],[-70.92746,-53.13848]]}},{"type":"Feature","properties":{"nombre":"Carlos Condell","jerarquia":5},"geometry":{"type":"LineString","coordinates":[[-70.92746,-53.13848],[-70.92678,-53.13887]]}},{"type":"Feature","properties":{"nombre":"Carlos Condell","jerarquia":5},"geometry":{"type":"LineString","coordinates":[[-70.92678,-53.13887],[-70.92284,-53.14114]]}},{"type":"Feature","properties":{"nombre":"Carlos Condell","jerarquia":5},"geometry":{"type":"LineString","coordinates":[[-70.92284,-53.14114],[-70.92274,-53.14119]]}},{"type":"Feature","properties":{"nombre":"Carlos Condell","jerarquia":5},"geometry":{"type":"LineString","coordinates":[[-70.92179,-53.14191],[-70.92136,-53.14216]]}},{"type":"Feature","properties":{"nombre":"Carlos Condell","jerarquia":5},"geometry":{"type":"LineString","coordinates":[[-70.92136,-53.14216],[-70.92094,-53.14239]]}},{"type":"Feature","properties":{"nombre":"Carlos Condell","jerarquia":5},"geometry":{"type":"LineString","coordinates":[[-70.92094,-53.14239],[-70.92047,-53.14267]]}},{"type":"Feature","properties":{"nombre":"Carlos Condell","jerarquia":5},"geometry":{"type":"LineString","coordinates":[[-70.92047,-53.14267],[-70.92,-53.14294]]}},{"type":"Feature","properties":{"nombre":"Carlos Condell","jerarquia":5},"geometry":{"type":"LineString","coordinates":[[-70.92,-53.14294],[-70.9197,-53.14311]]}},{"type":"Feature","properties":{"nombre":"Carlos Condell","jerarquia":5},"geometry":{"type":"LineString","coordinates":[[-70.9197,-53.14311],[-70.91954,-53.1432]]}},{"type":"Feature","properties":{"nombre":"Carlos Condell","jerarquia":5},"geometry":{"type":"LineString","coordinates":[[-70.91954,-53.1432],[-70.91924,-53.14337]]}},{"type":"Feature","properties":{"nombre":"Carlos Condell","jerarquia":5},"geometry":{"type":"LineString","coordinates":[[-70.91924,-53.14337],[-70.91879,-53.14363]]}},{"type":"Feature","properties":{"nombre":"Carlos Condell","jerarquia":5},"geometry":{"type":"LineString","coordinates":[[-70.91879,-53.14363],[-70.91832,-53.1439]]}},{"type":"Feature","properties":{"nombre":"Carlos Condell","jerarquia":5},"geometry":{"type":"LineString","coordinates":[[-70.91832,-53.1439],[-70.91784,-53.14418]]}},{"type":"Feature","properties":{"nombre":"Carlos Condell","jerarquia":5},"geometry":{"type":"LineString","coordinates":[[-70.92274,-53.14119],[-70.92263,-53.14128]]}},{"type":"Feature","properties":{"nombre":"Avenida Presidente Eduardo Frei Montalva","jerarquia":4},"geometry":{"type":"LineString","coordinates":[[-70.9092,-53.13211],[-70.90932,-53.13218]]}},{"type":"Feature","properties":{"nombre":"Avenida Presidente Eduardo Frei Montalva","jerarquia":4},"geometry":{"type":"LineString","coordinates":[[-70.90932,-53.13218],[-70.90998,-53.13264]]}},{"type":"Feature","properties":{"nombre":"Avenida Presidente Eduardo Frei Montalva","jerarquia":4},"geometry":{"type":"LineString","coordinates":[[-70.90998,-53.13264],[-70.91052,-53.13302]]}},{"type":"Feature","properties":{"nombre":"Carlos Condell","jerarquia":5},"geometry":{"type":"LineString","coordinates":[[-70.93042,-53.13675],[-70.93028,-53.13683]]}},{"type":"Feature","properties":{"nombre":"Avenida Presidente Eduardo Frei Montalva","jerarquia":4},"geometry":{"type":"LineString","coordinates":[[-70.90457,-53.12896],[-70.90547,-53.12957]]}},{"type":"Feature","properties":{"nombre":"Capitán Juan Guillermos","jerarquia":5},"geometry":{"type":"LineString","coordinates":[[-70.91882,-53.13791],[-70.91892,-53.13786]]}},{"type":"Feature","properties":{"nombre":"Capitán Juan Guillermos","jerarquia":5},"geometry":{"type":"LineString","coordinates":[[-70.91892,-53.13786],[-70.91982,-53.13735]]}},{"type":"Feature","properties":{"nombre":"Capitán Juan Guillermos","jerarquia":5},"geometry":{"type":"LineString","coordinates":[[-70.91982,-53.13735],[-70.92026,-53.1371]]}},{"type":"Feature","properties":{"nombre":"Capitán Juan Guillermos","jerarquia":5},"geometry":{"type":"LineString","coordinates":[[-70.92026,-53.1371],[-70.92082,-53.13678]]}},{"type":"Feature","properties":{"nombre":"Capitán Juan Guillermos","jerarquia":5},"geometry":{"type":"LineString","coordinates":[[-70.92082,-53.13678],[-70.92135,-53.13648]]}},{"type":"Feature","properties":{"nombre":"Capitán Juan Guillermos","jerarquia":5},"geometry":{"type":"LineString","coordinates":[[-70.92135,-53.13648],[-70.92159,-53.13635]]}},{"type":"Feature","properties":{"nombre":"Capitán Juan Guillermos","jerarquia":5},"geometry":{"type":"LineString","coordinates":[[-70.92159,-53.13635],[-70.9218,-53.13623]]}},{"type":"Feature","properties":{"nombre":"Capitán Juan Guillermos","jerarquia":5},"geometry":{"type":"LineString","coordinates":[[-70.9218,-53.13623],[-70.92213,-53.13604]]}},{"type":"Feature","properties":{"nombre":"Capitán Juan Guillermos","jerarquia":5},"geometry":{"type":"LineString","coordinates":[[-70.92213,-53.13604],[-70.92223,-53.13598]]}},{"type":"Feature","properties":{"nombre":"Capitán Juan Guillermos","jerarquia":5},"geometry":{"type":"LineString","coordinates":[[-70.92223,-53.13598],[-70.92269,-53.13572]]}},{"type":"Feature","properties":{"nombre":"Capitán Juan Guillermos","jerarquia":5},"geometry":{"type":"LineString","coordinates":[[-70.92269,-53.13572],[-70.92279,-53.13567]]}},{"type":"Feature","properties":{"nombre":"Capitán Juan Guillermos","jerarquia":5},"geometry":{"type":"LineString","coordinates":[[-70.92279,-53.13567],[-70.92323,-53.13542]]}},{"type":"Feature","properties":{"nombre":"Capitán Juan Guillermos","jerarquia":5},"geometry":{"type":"LineString","coordinates":[[-70.92323,-53.13542],[-70.92367,-53.13517]]}},{"type":"Feature","properties":{"nombre":"Capitán Juan Guillermos","jerarquia":5},"geometry":{"type":"LineString","coordinates":[[-70.92367,-53.13517],[-70.92409,-53.13493]]}},{"type":"Feature","properties":{"nombre":"Capitán Juan Guillermos","jerarquia":5},"geometry":{"type":"LineString","coordinates":[[-70.92409,-53.13493],[-70.92451,-53.1347]]}},{"type":"Feature","properties":{"nombre":"Capitán Juan Guillermos","jerarquia":5},"geometry":{"type":"LineString","coordinates":[[-70.92451,-53.1347],[-70.92495,-53.13445]]}},{"type":"Feature","properties":{"nombre":"Capitán Juan Guillermos","jerarquia":5},"geometry":{"type":"LineString","coordinates":[[-70.92495,-53.13445],[-70.92542,-53.13418]]}},{"type":"Feature","properties":{"nombre":"Capitán Juan Guillermos","jerarquia":5},"geometry":{"type":"LineString","coordinates":[[-70.92542,-53.13418],[-70.92582,-53.13396]]}},{"type":"Feature","properties":{"nombre":"Capitán Juan Guillermos","jerarquia":5},"geometry":{"type":"LineString","coordinates":[[-70.92582,-53.13396],[-70.92618,-53.13375]]}},{"type":"Feature","properties":{"nombre":"Capitán Juan Guillermos","jerarquia":5},"geometry":{"type":"LineString","coordinates":[[-70.92618,-53.13375],[-70.92676,-53.13342]]}},{"type":"Feature","properties":{"nombre":"Manuel Aguilar","jerarquia":5},"geometry":{"type":"LineString","coordinates":[[-70.9267,-53.14806],[-70.92664,-53.14806]]}},{"type":"Feature","properties":{"nombre":"Manuel Aguilar","jerarquia":5},"geometry":{"type":"LineString","coordinates":[[-70.92664,-53.14806],[-70.92654,-53.14808]]}},{"type":"Feature","properties":{"nombre":"Avenida Presidente Eduardo Frei Montalva","jerarquia":4},"geometry":{"type":"LineString","coordinates":[[-70.91212,-53.13402],[-70.91317,-53.13464]]}},{"type":"Feature","properties":{"nombre":"Avenida Presidente Eduardo Frei Montalva","jerarquia":4},"geometry":{"type":"LineString","coordinates":[[-70.91317,-53.13464],[-70.91401,-53.13514]]}},{"type":"Feature","properties":{"nombre":"Avenida Presidente Eduardo Frei Montalva","jerarquia":4},"geometry":{"type":"LineString","coordinates":[[-70.91401,-53.13514],[-70.91412,-53.13521]]}},{"type":"Feature","properties":{"nombre":"General Juan Salvo","jerarquia":5},"geometry":{"type":"LineString","coordinates":[[-70.91618,-53.14941],[-70.91487,-53.15013]]}},{"type":"Feature","properties":{"nombre":"General Juan Salvo","jerarquia":5},"geometry":{"type":"LineString","coordinates":[[-70.91487,-53.15013],[-70.9136,-53.15085]]}},{"type":"Feature","properties":{"nombre":"General Juan Salvo","jerarquia":5},"geometry":{"type":"LineString","coordinates":[[-70.9136,-53.15085],[-70.91355,-53.15087]]}},{"type":"Feature","properties":{"nombre":"General Juan Salvo","jerarquia":5},"geometry":{"type":"LineString","coordinates":[[-70.91355,-53.15087],[-70.91256,-53.15145]]}},{"type":"Feature","properties":{"nombre":"General Juan Salvo","jerarquia":5},"geometry":{"type":"LineString","coordinates":[[-70.91256,-53.15145],[-70.91229,-53.15159]]}},{"type":"Feature","properties":{"nombre":"Capitán Juan Guillermos","jerarquia":5},"geometry":{"type":"LineString","coordinates":[[-70.92676,-53.13342],[-70.92695,-53.13332]]}},{"type":"Feature","properties":{"nombre":"José Ignacio Zenteno","jerarquia":5},"geometry":{"type":"LineString","coordinates":[[-70.91104,-53.15084],[-70.91099,-53.1508]]}},{"type":"Feature","properties":{"nombre":"José Ignacio Zenteno","jerarquia":5},"geometry":{"type":"LineString","coordinates":[[-70.91229,-53.15159],[-70.91104,-53.15084]]}},{"type":"Feature","properties":{"nombre":"Avenida Independencia","jerarquia":4},"geometry":{"type":"LineString","coordinates":[[-70.91368,-53.16498],[-70.91527,-53.16438]]}},{"type":"Feature","properties":{"nombre":"Avenida Independencia","jerarquia":4},"geometry":{"type":"LineString","coordinates":[[-70.91527,-53.16438],[-70.91667,-53.16384]]}},{"type":"Feature","properties":{"nombre":"Avenida Independencia","jerarquia":4},"geometry":{"type":"LineString","coordinates":[[-70.91667,-53.16384],[-70.91677,-53.1638]]}},{"type":"Feature","properties":{"nombre":"Avenida Independencia","jerarquia":4},"geometry":{"type":"LineString","coordinates":[[-70.91677,-53.1638],[-70.91707,-53.16369]]}},{"type":"Feature","properties":{"nombre":"Avenida Independencia","jerarquia":4},"geometry":{"type":"LineString","coordinates":[[-70.91707,-53.16369],[-70.91716,-53.16365]]}},{"type":"Feature","properties":{"nombre":"Avenida Presidente Jorge Alessandri Rodríguez","jerarquia":5},"geometry":{"type":"LineString","coordinates":[[-70.94492,-53.17741],[-70.94628,-53.17688]]}},{"type":"Feature","properties":{"nombre":"Avenida Presidente Jorge Alessandri Rodríguez","jerarquia":5},"geometry":{"type":"LineString","coordinates":[[-70.94628,-53.17688],[-70.94772,-53.17632]]}},{"type":"Feature","properties":{"nombre":"Arturo Prat Chacón","jerarquia":5},"geometry":{"type":"LineString","coordinates":[[-70.93808,-53.17363],[-70.93757,-53.17313]]}},{"type":"Feature","properties":{"nombre":"Arturo Prat Chacón","jerarquia":5},"geometry":{"type":"LineString","coordinates":[[-70.93757,-53.17313],[-70.93734,-53.17289]]}},{"type":"Feature","properties":{"nombre":"Arturo Prat Chacón","jerarquia":5},"geometry":{"type":"LineString","coordinates":[[-70.93734,-53.17289],[-70.93658,-53.1722]]}},{"type":"Feature","properties":{"nombre":"Arturo Prat Chacón","jerarquia":5},"geometry":{"type":"LineString","coordinates":[[-70.93658,-53.1722],[-70.93578,-53.17142]]}},{"type":"Feature","properties":{"nombre":"Arturo Prat Chacón","jerarquia":5},"geometry":{"type":"LineString","coordinates":[[-70.93578,-53.17142],[-70.93556,-53.17123]]}},{"type":"Feature","properties":{"nombre":"Avenida Presidente Pedro Aguirre Cerda","jerarquia":4},"geometry":{"type":"LineString","coordinates":[[-70.94009,-53.17293],[-70.93962,-53.17311]]}},{"type":"Feature","properties":{"nombre":"Avenida Presidente Pedro Aguirre Cerda","jerarquia":4},"geometry":{"type":"LineString","coordinates":[[-70.93962,-53.17311],[-70.93819,-53.17372]]}},{"type":"Feature","properties":{"nombre":"Avenida Presidente Jorge Alessandri Rodríguez","jerarquia":5},"geometry":{"type":"LineString","coordinates":[[-70.93782,-53.18022],[-70.93842,-53.17998]]}},{"type":"Feature","properties":{"nombre":"Avenida Presidente Jorge Alessandri Rodríguez","jerarquia":5},"geometry":{"type":"LineString","coordinates":[[-70.93842,-53.17998],[-70.93939,-53.1796]]}},{"type":"Feature","properties":{"nombre":"Avenida Presidente Jorge Alessandri Rodríguez","jerarquia":5},"geometry":{"type":"LineString","coordinates":[[-70.93939,-53.1796],[-70.93984,-53.17942]]}},{"type":"Feature","properties":{"nombre":"Avenida Presidente Jorge Alessandri Rodríguez","jerarquia":5},"geometry":{"type":"LineString","coordinates":[[-70.93984,-53.17942],[-70.94037,-53.17921]]}},{"type":"Feature","properties":{"nombre":"Avenida Presidente Jorge Alessandri Rodríguez","jerarquia":5},"geometry":{"type":"LineString","coordinates":[[-70.94037,-53.17921],[-70.94133,-53.17883]]}},{"type":"Feature","properties":{"nombre":"Avenida Presidente Jorge Alessandri Rodríguez","jerarquia":5},"geometry":{"type":"LineString","coordinates":[[-70.94133,-53.17883],[-70.94202,-53.17856]]}},{"type":"Feature","properties":{"nombre":"Avenida Presidente Jorge Alessandri Rodríguez","jerarquia":5},"geometry":{"type":"LineString","coordinates":[[-70.94202,-53.17856],[-70.94303,-53.17816]]}},{"type":"Feature","properties":{"nombre":"Avenida Presidente Pedro Aguirre Cerda","jerarquia":4},"geometry":{"type":"LineString","coordinates":[[-70.93819,-53.17372],[-70.93671,-53.17425]]}},{"type":"Feature","properties":{"nombre":"Avenida Presidente Pedro Aguirre Cerda","jerarquia":4},"geometry":{"type":"LineString","coordinates":[[-70.93671,-53.17425],[-70.93556,-53.17472]]}},{"type":"Feature","properties":{"nombre":"José Ignacio Zenteno","jerarquia":5},"geometry":{"type":"LineString","coordinates":[[-70.91099,-53.1508],[-70.90987,-53.15014]]}},{"type":"Feature","properties":{"nombre":"José Ignacio Zenteno","jerarquia":5},"geometry":{"type":"LineString","coordinates":[[-70.90987,-53.15014],[-70.90871,-53.14944]]}},{"type":"Feature","properties":{"nombre":"José Ignacio Zenteno","jerarquia":5},"geometry":{"type":"LineString","coordinates":[[-70.90871,-53.14944],[-70.9079,-53.14896]]}},{"type":"Feature","properties":{"nombre":"José Ignacio Zenteno","jerarquia":5},"geometry":{"type":"LineString","coordinates":[[-70.9079,-53.14896],[-70.90736,-53.14864]]}},{"type":"Feature","properties":{"nombre":"José Ignacio Zenteno","jerarquia":5},"geometry":{"type":"LineString","coordinates":[[-70.90736,-53.14864],[-70.90632,-53.14801]]}},{"type":"Feature","properties":{"nombre":"Hornillas","jerarquia":5},"geometry":{"type":"LineString","coordinates":[[-70.91157,-53.13353],[-70.9124,-53.13304]]}},{"type":"Feature","properties":{"nombre":"Hornillas","jerarquia":5},"geometry":{"type":"LineString","coordinates":[[-70.9124,-53.13304],[-70.91322,-53.13255]]}},{"type":"Feature","properties":{"nombre":"Hornillas","jerarquia":5},"geometry":{"type":"LineString","coordinates":[[-70.91322,-53.13255],[-70.91437,-53.13189]]}},{"type":"Feature","properties":{"nombre":"Hornillas","jerarquia":5},"geometry":{"type":"LineString","coordinates":[[-70.91437,-53.13189],[-70.91441,-53.13186]]}},{"type":"Feature","properties":{"nombre":"Hornillas","jerarquia":5},"geometry":{"type":"LineString","coordinates":[[-70.91441,-53.13186],[-70.91478,-53.13164]]}},{"type":"Feature","properties":{"nombre":"Hornillas","jerarquia":5},"geometry":{"type":"LineString","coordinates":[[-70.91478,-53.13164],[-70.91521,-53.13138]]}},{"type":"Feature","properties":{"nombre":"Hornillas","jerarquia":5},"geometry":{"type":"LineString","coordinates":[[-70.91521,-53.13138],[-70.91619,-53.13079]]}},{"type":"Feature","properties":{"nombre":"Hornillas","jerarquia":5},"geometry":{"type":"LineString","coordinates":[[-70.91619,-53.13079],[-70.91703,-53.13028]]}},{"type":"Feature","properties":{"nombre":"Hornillas","jerarquia":5},"geometry":{"type":"LineString","coordinates":[[-70.91703,-53.13028],[-70.91803,-53.12968]]}},{"type":"Feature","properties":{"nombre":"Hornillas","jerarquia":5},"geometry":{"type":"LineString","coordinates":[[-70.91803,-53.12968],[-70.91885,-53.12918]]}},{"type":"Feature","properties":{"nombre":"Esteban Capkovic Martinic","jerarquia":5},"geometry":{"type":"LineString","coordinates":[[-70.91659,-53.12783],[-70.91699,-53.12807]]}},{"type":"Feature","properties":{"nombre":"Esteban Capkovic Martinic","jerarquia":5},"geometry":{"type":"LineString","coordinates":[[-70.91699,-53.12807],[-70.91766,-53.12847]]}},{"type":"Feature","properties":{"nombre":"Esteban Capkovic Martinic","jerarquia":5},"geometry":{"type":"LineString","coordinates":[[-70.91766,-53.12847],[-70.91808,-53.12872]]}},{"type":"Feature","properties":{"nombre":"Esteban Capkovic Martinic","jerarquia":5},"geometry":{"type":"LineString","coordinates":[[-70.91808,-53.12872],[-70.91843,-53.12893]]}},{"type":"Feature","properties":{"nombre":"Esteban Capkovic Martinic","jerarquia":5},"geometry":{"type":"LineString","coordinates":[[-70.91843,-53.12893],[-70.91885,-53.12918]]}},{"type":"Feature","properties":{"nombre":"Rómulo Correa","jerarquia":5},"geometry":{"type":"LineString","coordinates":[[-70.91041,-53.14562],[-70.91161,-53.14493]]}},{"type":"Feature","properties":{"nombre":"Rómulo Correa","jerarquia":5},"geometry":{"type":"LineString","coordinates":[[-70.91161,-53.14493],[-70.91286,-53.1442]]}},{"type":"Feature","properties":{"nombre":"Rómulo Correa","jerarquia":5},"geometry":{"type":"LineString","coordinates":[[-70.91286,-53.1442],[-70.91411,-53.14348]]}},{"type":"Feature","properties":{"nombre":"Rómulo Correa","jerarquia":5},"geometry":{"type":"LineString","coordinates":[[-70.91411,-53.14348],[-70.91478,-53.14309]]}},{"type":"Feature","properties":{"nombre":"Rómulo Correa","jerarquia":5},"geometry":{"type":"LineString","coordinates":[[-70.91478,-53.14309],[-70.91547,-53.14269]]}},{"type":"Feature","properties":{"nombre":"Rómulo Correa","jerarquia":5},"geometry":{"type":"LineString","coordinates":[[-70.91547,-53.14269],[-70.91606,-53.14235]]}},{"type":"Feature","properties":{"nombre":"Rómulo Correa","jerarquia":5},"geometry":{"type":"LineString","coordinates":[[-70.91606,-53.14235],[-70.91672,-53.14196]]}},{"type":"Feature","properties":{"nombre":"Rómulo Correa","jerarquia":5},"geometry":{"type":"LineString","coordinates":[[-70.91672,-53.14196],[-70.91717,-53.1417]]}},{"type":"Feature","properties":{"nombre":"Rómulo Correa","jerarquia":5},"geometry":{"type":"LineString","coordinates":[[-70.91717,-53.1417],[-70.9206,-53.13971]]}},{"type":"Feature","properties":{"nombre":"Rómulo Correa","jerarquia":5},"geometry":{"type":"LineString","coordinates":[[-70.9206,-53.13971],[-70.92082,-53.13959]]}},{"type":"Feature","properties":{"nombre":"Rómulo Correa","jerarquia":5},"geometry":{"type":"LineString","coordinates":[[-70.92082,-53.13959],[-70.9209,-53.13954]]}},{"type":"Feature","properties":{"nombre":"Rómulo Correa","jerarquia":5},"geometry":{"type":"LineString","coordinates":[[-70.9209,-53.13954],[-70.92101,-53.13948]]}},{"type":"Feature","properties":{"nombre":"Rómulo Correa","jerarquia":5},"geometry":{"type":"LineString","coordinates":[[-70.92101,-53.13948],[-70.9211,-53.13943]]}},{"type":"Feature","properties":{"nombre":"Rómulo Correa","jerarquia":5},"geometry":{"type":"LineString","coordinates":[[-70.9211,-53.13943],[-70.92216,-53.13881]]}},{"type":"Feature","properties":{"nombre":"Rómulo Correa","jerarquia":5},"geometry":{"type":"LineString","coordinates":[[-70.92216,-53.13881],[-70.9226,-53.13856]]}},{"type":"Feature","properties":{"nombre":"Rómulo Correa","jerarquia":5},"geometry":{"type":"LineString","coordinates":[[-70.9226,-53.13856],[-70.92304,-53.1383]]}},{"type":"Feature","properties":{"nombre":"Rómulo Correa","jerarquia":5},"geometry":{"type":"LineString","coordinates":[[-70.92304,-53.1383],[-70.92367,-53.13793]]}},{"type":"Feature","properties":{"nombre":"Rómulo Correa","jerarquia":5},"geometry":{"type":"LineString","coordinates":[[-70.92367,-53.13793],[-70.92386,-53.13783]]}},{"type":"Feature","properties":{"nombre":"Rómulo Correa","jerarquia":5},"geometry":{"type":"LineString","coordinates":[[-70.92386,-53.13783],[-70.92412,-53.13767]]}},{"type":"Feature","properties":{"nombre":"Rómulo Correa","jerarquia":5},"geometry":{"type":"LineString","coordinates":[[-70.92412,-53.13767],[-70.92456,-53.13742]]}},{"type":"Feature","properties":{"nombre":"Rómulo Correa","jerarquia":5},"geometry":{"type":"LineString","coordinates":[[-70.92456,-53.13742],[-70.92511,-53.1371]]}},{"type":"Feature","properties":{"nombre":"Rómulo Correa","jerarquia":5},"geometry":{"type":"LineString","coordinates":[[-70.92511,-53.1371],[-70.92536,-53.13695]]}},{"type":"Feature","properties":{"nombre":"Rómulo Correa","jerarquia":5},"geometry":{"type":"LineString","coordinates":[[-70.92536,-53.13695],[-70.92555,-53.13684]]}},{"type":"Feature","properties":{"nombre":"Rómulo Correa","jerarquia":5},"geometry":{"type":"LineString","coordinates":[[-70.92555,-53.13684],[-70.92592,-53.13663]]}},{"type":"Feature","properties":{"nombre":"Rómulo Correa","jerarquia":5},"geometry":{"type":"LineString","coordinates":[[-70.92592,-53.13663],[-70.92596,-53.13661]]}},{"type":"Feature","properties":{"nombre":"Rómulo Correa","jerarquia":5},"geometry":{"type":"LineString","coordinates":[[-70.92596,-53.13661],[-70.92638,-53.13637]]}},{"type":"Feature","properties":{"nombre":"Rómulo Correa","jerarquia":5},"geometry":{"type":"LineString","coordinates":[[-70.92638,-53.13637],[-70.92681,-53.13611]]}},{"type":"Feature","properties":{"nombre":"Rómulo Correa","jerarquia":5},"geometry":{"type":"LineString","coordinates":[[-70.92681,-53.13611],[-70.92722,-53.13587]]}},{"type":"Feature","properties":{"nombre":"Rómulo Correa","jerarquia":5},"geometry":{"type":"LineString","coordinates":[[-70.92722,-53.13587],[-70.9273,-53.13583]]}},{"type":"Feature","properties":{"nombre":"Rómulo Correa","jerarquia":5},"geometry":{"type":"LineString","coordinates":[[-70.9273,-53.13583],[-70.9277,-53.1356]]}},{"type":"Feature","properties":{"nombre":"Rómulo Correa","jerarquia":5},"geometry":{"type":"LineString","coordinates":[[-70.9277,-53.1356],[-70.92813,-53.13535]]}},{"type":"Feature","properties":{"nombre":"Manantiales","jerarquia":5},"geometry":{"type":"LineString","coordinates":[[-70.91659,-53.12783],[-70.91535,-53.12858]]}},{"type":"Feature","properties":{"nombre":"Manantiales","jerarquia":5},"geometry":{"type":"LineString","coordinates":[[-70.91535,-53.12858],[-70.91416,-53.12929]]}},{"type":"Feature","properties":{"nombre":"Manantiales","jerarquia":5},"geometry":{"type":"LineString","coordinates":[[-70.91416,-53.12929],[-70.91294,-53.13002]]}},{"type":"Feature","properties":{"nombre":"Manantiales","jerarquia":5},"geometry":{"type":"LineString","coordinates":[[-70.91294,-53.13002],[-70.91169,-53.13077]]}},{"type":"Feature","properties":{"nombre":"Manantiales","jerarquia":5},"geometry":{"type":"LineString","coordinates":[[-70.91169,-53.13077],[-70.91087,-53.13126]]}},{"type":"Feature","properties":{"nombre":"Manantiales","jerarquia":5},"geometry":{"type":"LineString","coordinates":[[-70.91087,-53.13126],[-70.9099,-53.13184]]}},{"type":"Feature","properties":{"nombre":"Manantiales","jerarquia":5},"geometry":{"type":"LineString","coordinates":[[-70.9099,-53.13184],[-70.90955,-53.13205]]}},{"type":"Feature","properties":{"nombre":"Manantiales","jerarquia":5},"geometry":{"type":"LineString","coordinates":[[-70.90955,-53.13205],[-70.90946,-53.1321]]}},{"type":"Feature","properties":{"nombre":"Hornillas","jerarquia":5},"geometry":{"type":"LineString","coordinates":[[-70.91131,-53.13368],[-70.91143,-53.13361]]}},{"type":"Feature","properties":{"nombre":"José Ignacio Zenteno","jerarquia":5},"geometry":{"type":"LineString","coordinates":[[-70.90632,-53.14801],[-70.90526,-53.14739]]}},{"type":"Feature","properties":{"nombre":"José Ignacio Zenteno","jerarquia":5},"geometry":{"type":"LineString","coordinates":[[-70.90526,-53.14739],[-70.90507,-53.14727]]}},{"type":"Feature","properties":{"nombre":"José Ignacio Zenteno","jerarquia":5},"geometry":{"type":"LineString","coordinates":[[-70.90507,-53.14727],[-70.90504,-53.14726]]}},{"type":"Feature","properties":{"nombre":"José Ignacio Zenteno","jerarquia":5},"geometry":{"type":"LineString","coordinates":[[-70.90504,-53.14726],[-70.90456,-53.14696]]}},{"type":"Feature","properties":{"nombre":"José Ignacio Zenteno","jerarquia":5},"geometry":{"type":"LineString","coordinates":[[-70.90456,-53.14696],[-70.90399,-53.14663]]}},{"type":"Feature","properties":{"nombre":"Capitán Juan Guillermos","jerarquia":5},"geometry":{"type":"LineString","coordinates":[[-70.90897,-53.14372],[-70.90848,-53.144]]}},{"type":"Feature","properties":{"nombre":"Capitán Juan Guillermos","jerarquia":5},"geometry":{"type":"LineString","coordinates":[[-70.90848,-53.144],[-70.90789,-53.14433]]}},{"type":"Feature","properties":{"nombre":"Capitán Juan Guillermos","jerarquia":5},"geometry":{"type":"LineString","coordinates":[[-70.90789,-53.14433],[-70.90738,-53.14464]]}},{"type":"Feature","properties":{"nombre":"Capitán Juan Guillermos","jerarquia":5},"geometry":{"type":"LineString","coordinates":[[-70.90738,-53.14464],[-70.90705,-53.14484]]}},{"type":"Feature","properties":{"nombre":"Capitán Juan Guillermos","jerarquia":5},"geometry":{"type":"LineString","coordinates":[[-70.90705,-53.14484],[-70.90695,-53.1449]]}},{"type":"Feature","properties":{"nombre":"Capitán Juan Guillermos","jerarquia":5},"geometry":{"type":"LineString","coordinates":[[-70.90695,-53.1449],[-70.90647,-53.14518]]}},{"type":"Feature","properties":{"nombre":"Capitán Juan Guillermos","jerarquia":5},"geometry":{"type":"LineString","coordinates":[[-70.90647,-53.14518],[-70.90596,-53.14548]]}},{"type":"Feature","properties":{"nombre":"Capitán Juan Guillermos","jerarquia":5},"geometry":{"type":"LineString","coordinates":[[-70.90596,-53.14548],[-70.90557,-53.1457]]}},{"type":"Feature","properties":{"nombre":"Capitán Juan Guillermos","jerarquia":5},"geometry":{"type":"LineString","coordinates":[[-70.90557,-53.1457],[-70.90545,-53.14578]]}},{"type":"Feature","properties":{"nombre":"Capitán Juan Guillermos","jerarquia":5},"geometry":{"type":"LineString","coordinates":[[-70.90545,-53.14578],[-70.90492,-53.14609]]}},{"type":"Feature","properties":{"nombre":"Capitán Juan Guillermos","jerarquia":5},"geometry":{"type":"LineString","coordinates":[[-70.90492,-53.14609],[-70.90481,-53.14616]]}},{"type":"Feature","properties":{"nombre":"Capitán Juan Guillermos","jerarquia":5},"geometry":{"type":"LineString","coordinates":[[-70.90481,-53.14616],[-70.90442,-53.14638]]}},{"type":"Feature","properties":{"nombre":"Capitán Juan Guillermos","jerarquia":5},"geometry":{"type":"LineString","coordinates":[[-70.90442,-53.14638],[-70.90399,-53.14663]]}},{"type":"Feature","properties":{"nombre":"Avenida Independencia","jerarquia":4},"geometry":{"type":"LineString","coordinates":[[-70.92053,-53.16274],[-70.91896,-53.16334]]}},{"type":"Feature","properties":{"nombre":"Avenida Independencia","jerarquia":4},"geometry":{"type":"LineString","coordinates":[[-70.91896,-53.16334],[-70.91759,-53.16387]]}},{"type":"Feature","properties":{"nombre":"Avenida Independencia","jerarquia":4},"geometry":{"type":"LineString","coordinates":[[-70.91759,-53.16387],[-70.91744,-53.16392]]}},{"type":"Feature","properties":{"nombre":"Manantiales","jerarquia":5},"geometry":{"type":"LineString","coordinates":[[-70.90921,-53.13225],[-70.90932,-53.13218]]}},{"type":"Feature","properties":{"nombre":"Avenida Presidente Eduardo Frei Montalva","jerarquia":4},"geometry":{"type":"LineString","coordinates":[[-70.90921,-53.13225],[-70.90909,-53.13217]]}},{"type":"Feature","properties":{"nombre":"Avenida Presidente Eduardo Frei Montalva","jerarquia":4},"geometry":{"type":"LineString","coordinates":[[-70.90909,-53.13217],[-70.90686,-53.13066]]}},{"type":"Feature","properties":{"nombre":"Avenida Presidente Eduardo Frei Montalva","jerarquia":4},"geometry":{"type":"LineString","coordinates":[[-70.90686,-53.13066],[-70.9068,-53.13062]]}},{"type":"Feature","properties":{"nombre":"Manantiales","jerarquia":5},"geometry":{"type":"LineString","coordinates":[[-70.90935,-53.13202],[-70.91075,-53.13119]]}},{"type":"Feature","properties":{"nombre":"Manantiales","jerarquia":5},"geometry":{"type":"LineString","coordinates":[[-70.91075,-53.13119],[-70.91157,-53.1307]]}},{"type":"Feature","properties":{"nombre":"Manantiales","jerarquia":5},"geometry":{"type":"LineString","coordinates":[[-70.91157,-53.1307],[-70.91283,-53.12996]]}},{"type":"Feature","properties":{"nombre":"Manantiales","jerarquia":5},"geometry":{"type":"LineString","coordinates":[[-70.91283,-53.12996],[-70.91447,-53.12898]]}},{"type":"Feature","properties":{"nombre":"Manantiales","jerarquia":5},"geometry":{"type":"LineString","coordinates":[[-70.91447,-53.12898],[-70.91491,-53.12872]]}},{"type":"Feature","properties":{"nombre":"Manantiales","jerarquia":5},"geometry":{"type":"LineString","coordinates":[[-70.91491,-53.12872],[-70.91603,-53.12805]]}},{"type":"Feature","properties":{"nombre":"Manantiales","jerarquia":5},"geometry":{"type":"LineString","coordinates":[[-70.91603,-53.12805],[-70.9165,-53.12778]]}},{"type":"Feature","properties":{"nombre":"Esteban Capkovic Martinic","jerarquia":5},"geometry":{"type":"LineString","coordinates":[[-70.9165,-53.12778],[-70.91659,-53.12783]]}},{"type":"Feature","properties":{"nombre":"Avenida Independencia","jerarquia":4},"geometry":{"type":"LineString","coordinates":[[-70.92022,-53.16249],[-70.92167,-53.16193]]}},{"type":"Feature","properties":{"nombre":"Avenida Independencia","jerarquia":4},"geometry":{"type":"LineString","coordinates":[[-70.92167,-53.16193],[-70.9232,-53.16135]]}},{"type":"Feature","properties":{"nombre":"Avenida Presidente Pedro Aguirre Cerda","jerarquia":4},"geometry":{"type":"LineString","coordinates":[[-70.93808,-53.17363],[-70.93876,-53.17336]]}},{"type":"Feature","properties":{"nombre":"Avenida Presidente Pedro Aguirre Cerda","jerarquia":4},"geometry":{"type":"LineString","coordinates":[[-70.93876,-53.17336],[-70.9394,-53.17311]]}},{"type":"Feature","properties":{"nombre":"Avenida Presidente Pedro Aguirre Cerda","jerarquia":4},"geometry":{"type":"LineString","coordinates":[[-70.9394,-53.17311],[-70.94001,-53.17286]]}},{"type":"Feature","properties":{"nombre":"Capitán Juan Guillermos","jerarquia":5},"geometry":{"type":"LineString","coordinates":[[-70.90176,-53.14794],[-70.90213,-53.14771]]}},{"type":"Feature","properties":{"nombre":"Capitán Juan Guillermos","jerarquia":5},"geometry":{"type":"LineString","coordinates":[[-70.90213,-53.14771],[-70.90301,-53.1472]]}},{"type":"Feature","properties":{"nombre":"Capitán Juan Guillermos","jerarquia":5},"geometry":{"type":"LineString","coordinates":[[-70.90301,-53.1472],[-70.90399,-53.14663]]}},{"type":"Feature","properties":{"nombre":"José Ignacio Zenteno","jerarquia":5},"geometry":{"type":"LineString","coordinates":[[-70.90399,-53.14663],[-70.90342,-53.14629]]}},{"type":"Feature","properties":{"nombre":"José Ignacio Zenteno","jerarquia":5},"geometry":{"type":"LineString","coordinates":[[-70.90342,-53.14629],[-70.9033,-53.14622]]}},{"type":"Feature","properties":{"nombre":"José Ignacio Zenteno","jerarquia":5},"geometry":{"type":"LineString","coordinates":[[-70.9033,-53.14622],[-70.90266,-53.14585]]}},{"type":"Feature","properties":{"nombre":"José Ignacio Zenteno","jerarquia":5},"geometry":{"type":"LineString","coordinates":[[-70.90266,-53.14585],[-70.90217,-53.14555]]}},{"type":"Feature","properties":{"nombre":"José Ignacio Zenteno","jerarquia":5},"geometry":{"type":"LineString","coordinates":[[-70.90217,-53.14555],[-70.90213,-53.14553]]}},{"type":"Feature","properties":{"nombre":"José Ignacio Zenteno","jerarquia":5},"geometry":{"type":"LineString","coordinates":[[-70.90213,-53.14553],[-70.90162,-53.14522]]}},{"type":"Feature","properties":{"nombre":"José Ignacio Zenteno","jerarquia":5},"geometry":{"type":"LineString","coordinates":[[-70.90162,-53.14522],[-70.90101,-53.14485]]}},{"type":"Feature","properties":{"nombre":"José Ignacio Zenteno","jerarquia":5},"geometry":{"type":"LineString","coordinates":[[-70.90101,-53.14485],[-70.90042,-53.1445]]}},{"type":"Feature","properties":{"nombre":"Avenida Presidente Pedro Aguirre Cerda","jerarquia":4},"geometry":{"type":"LineString","coordinates":[[-70.94001,-53.17286],[-70.94065,-53.17261]]}},{"type":"Feature","properties":{"nombre":"Avenida Presidente Pedro Aguirre Cerda","jerarquia":4},"geometry":{"type":"LineString","coordinates":[[-70.94065,-53.17261],[-70.9413,-53.17236]]}},{"type":"Feature","properties":{"nombre":"Avenida Presidente Pedro Aguirre Cerda","jerarquia":4},"geometry":{"type":"LineString","coordinates":[[-70.9413,-53.17236],[-70.94192,-53.17211]]}},{"type":"Feature","properties":{"nombre":"Avenida Presidente Pedro Aguirre Cerda","jerarquia":4},"geometry":{"type":"LineString","coordinates":[[-70.94192,-53.17211],[-70.94297,-53.1717]]}},{"type":"Feature","properties":{"nombre":"Avenida José Martínez de Aldunate","jerarquia":4},"geometry":{"type":"LineString","coordinates":[[-70.93974,-53.16831],[-70.93918,-53.16773]]}},{"type":"Feature","properties":{"nombre":"Avenida José Martínez de Aldunate","jerarquia":4},"geometry":{"type":"LineString","coordinates":[[-70.93918,-53.16773],[-70.93864,-53.16719]]}},{"type":"Feature","properties":{"nombre":"Avenida José Martínez de Aldunate","jerarquia":4},"geometry":{"type":"LineString","coordinates":[[-70.93864,-53.16719],[-70.93815,-53.16668]]}},{"type":"Feature","properties":{"nombre":"Avenida José Martínez de Aldunate","jerarquia":4},"geometry":{"type":"LineString","coordinates":[[-70.93815,-53.16668],[-70.9376,-53.16616]]}},{"type":"Feature","properties":{"nombre":"Avenida José Martínez de Aldunate","jerarquia":4},"geometry":{"type":"LineString","coordinates":[[-70.9376,-53.16616],[-70.93703,-53.16562]]}},{"type":"Feature","properties":{"nombre":"Avenida José Martínez de Aldunate","jerarquia":4},"geometry":{"type":"LineString","coordinates":[[-70.93703,-53.16562],[-70.93655,-53.1651]]}},{"type":"Feature","properties":{"nombre":"Avenida Circunvalación General Ramón Cañas Montalva","jerarquia":5},"geometry":{"type":"LineString","coordinates":[[-70.94444,-53.15651],[-70.9439,-53.15563]]}},{"type":"Feature","properties":{"nombre":"Avenida Circunvalación General Ramón Cañas Montalva","jerarquia":5},"geometry":{"type":"LineString","coordinates":[[-70.9439,-53.15563],[-70.94345,-53.15483]]}},{"type":"Feature","properties":{"nombre":"Avenida Circunvalación General Ramón Cañas Montalva","jerarquia":5},"geometry":{"type":"LineString","coordinates":[[-70.94345,-53.15483],[-70.94303,-53.15406]]}},{"type":"Feature","properties":{"nombre":"Avenida Circunvalación General Ramón Cañas Montalva","jerarquia":5},"geometry":{"type":"LineString","coordinates":[[-70.94303,-53.15406],[-70.94284,-53.15376]]}},{"type":"Feature","properties":{"nombre":"Avenida Circunvalación General Ramón Cañas Montalva","jerarquia":5},"geometry":{"type":"LineString","coordinates":[[-70.94284,-53.15376],[-70.94258,-53.15333]]}},{"type":"Feature","properties":{"nombre":"Eusebio Lillo","jerarquia":5},"geometry":{"type":"LineString","coordinates":[[-70.93837,-53.15762],[-70.93839,-53.15765]]}},{"type":"Feature","properties":{"nombre":"Eusebio Lillo","jerarquia":5},"geometry":{"type":"LineString","coordinates":[[-70.93839,-53.15765],[-70.93865,-53.15807]]}},{"type":"Feature","properties":{"nombre":"Eusebio Lillo","jerarquia":5},"geometry":{"type":"LineString","coordinates":[[-70.93865,-53.15807],[-70.93902,-53.15867]]}},{"type":"Feature","properties":{"nombre":"Eusebio Lillo","jerarquia":5},"geometry":{"type":"LineString","coordinates":[[-70.93902,-53.15867],[-70.9393,-53.15911]]}},{"type":"Feature","properties":{"nombre":"Eusebio Lillo","jerarquia":5},"geometry":{"type":"LineString","coordinates":[[-70.9393,-53.15911],[-70.93935,-53.15919]]}},{"type":"Feature","properties":{"nombre":"Eusebio Lillo","jerarquia":5},"geometry":{"type":"LineString","coordinates":[[-70.93935,-53.15919],[-70.9397,-53.15975]]}},{"type":"Feature","properties":{"nombre":"Eusebio Lillo","jerarquia":5},"geometry":{"type":"LineString","coordinates":[[-70.9397,-53.15975],[-70.94,-53.1602]]}},{"type":"Feature","properties":{"nombre":"Eusebio Lillo","jerarquia":5},"geometry":{"type":"LineString","coordinates":[[-70.94,-53.1602],[-70.94008,-53.16031]]}},{"type":"Feature","properties":{"nombre":"Eusebio Lillo","jerarquia":5},"geometry":{"type":"LineString","coordinates":[[-70.94008,-53.16031],[-70.94047,-53.1609]]}},{"type":"Feature","properties":{"nombre":"Eusebio Lillo","jerarquia":5},"geometry":{"type":"LineString","coordinates":[[-70.94047,-53.1609],[-70.94069,-53.16125]]}},{"type":"Feature","properties":{"nombre":"Eusebio Lillo","jerarquia":5},"geometry":{"type":"LineString","coordinates":[[-70.94069,-53.16125],[-70.9408,-53.16143]]}},{"type":"Feature","properties":{"nombre":"Eusebio Lillo","jerarquia":5},"geometry":{"type":"LineString","coordinates":[[-70.9408,-53.16143],[-70.9412,-53.16202]]}},{"type":"Feature","properties":{"nombre":"Eusebio Lillo","jerarquia":5},"geometry":{"type":"LineString","coordinates":[[-70.9412,-53.16202],[-70.94159,-53.1626]]}},{"type":"Feature","properties":{"nombre":"Eusebio Lillo","jerarquia":5},"geometry":{"type":"LineString","coordinates":[[-70.94159,-53.1626],[-70.94198,-53.16318]]}},{"type":"Feature","properties":{"nombre":"Eusebio Lillo","jerarquia":5},"geometry":{"type":"LineString","coordinates":[[-70.94198,-53.16318],[-70.94236,-53.16376]]}},{"type":"Feature","properties":{"nombre":"Eusebio Lillo","jerarquia":5},"geometry":{"type":"LineString","coordinates":[[-70.94236,-53.16376],[-70.94272,-53.1643]]}},{"type":"Feature","properties":{"nombre":"Eusebio Lillo","jerarquia":5},"geometry":{"type":"LineString","coordinates":[[-70.94272,-53.1643],[-70.94309,-53.16485]]}},{"type":"Feature","properties":{"nombre":"Eusebio Lillo","jerarquia":5},"geometry":{"type":"LineString","coordinates":[[-70.94309,-53.16485],[-70.94341,-53.16532]]}},{"type":"Feature","properties":{"nombre":"Eusebio Lillo","jerarquia":5},"geometry":{"type":"LineString","coordinates":[[-70.94341,-53.16532],[-70.94347,-53.16541]]}},{"type":"Feature","properties":{"nombre":"Eusebio Lillo","jerarquia":5},"geometry":{"type":"LineString","coordinates":[[-70.94347,-53.16541],[-70.94384,-53.16595]]}},{"type":"Feature","properties":{"nombre":"Eusebio Lillo","jerarquia":5},"geometry":{"type":"LineString","coordinates":[[-70.94384,-53.16595],[-70.94421,-53.16646]]}},{"type":"Feature","properties":{"nombre":"Avenida Presidente Pedro Aguirre Cerda","jerarquia":4},"geometry":{"type":"LineString","coordinates":[[-70.94287,-53.17182],[-70.94266,-53.17191]]}},{"type":"Feature","properties":{"nombre":"Avenida Presidente Pedro Aguirre Cerda","jerarquia":4},"geometry":{"type":"LineString","coordinates":[[-70.94266,-53.17191],[-70.94239,-53.17203]]}},{"type":"Feature","properties":{"nombre":"Avenida Presidente Pedro Aguirre Cerda","jerarquia":4},"geometry":{"type":"LineString","coordinates":[[-70.94239,-53.17203],[-70.94125,-53.17247]]}},{"type":"Feature","properties":{"nombre":"Avenida Presidente Pedro Aguirre Cerda","jerarquia":4},"geometry":{"type":"LineString","coordinates":[[-70.94125,-53.17247],[-70.94009,-53.17293]]}},{"type":"Feature","properties":{"nombre":"Avenida Pedro Aguirre Cerda","jerarquia":5},"geometry":{"type":"LineString","coordinates":[[-70.94771,-53.17051],[-70.94719,-53.17045]]}},{"type":"Feature","properties":{"nombre":"Pedro Bórquez Saldivia","jerarquia":5},"geometry":{"type":"LineString","coordinates":[[-70.92995,-53.15501],[-70.93007,-53.155]]}},{"type":"Feature","properties":{"nombre":"Pedro Bórquez Saldivia","jerarquia":5},"geometry":{"type":"LineString","coordinates":[[-70.93007,-53.155],[-70.93148,-53.15481]]}},{"type":"Feature","properties":{"nombre":"Pedro Bórquez Saldivia","jerarquia":5},"geometry":{"type":"LineString","coordinates":[[-70.93148,-53.15481],[-70.93169,-53.15478]]}},{"type":"Feature","properties":{"nombre":"Pedro Bórquez Saldivia","jerarquia":5},"geometry":{"type":"LineString","coordinates":[[-70.93169,-53.15478],[-70.93309,-53.1546]]}},{"type":"Feature","properties":{"nombre":"Pedro Bórquez Saldivia","jerarquia":5},"geometry":{"type":"LineString","coordinates":[[-70.93309,-53.1546],[-70.93482,-53.15437]]}},{"type":"Feature","properties":{"nombre":"Pedro Bórquez Saldivia","jerarquia":5},"geometry":{"type":"LineString","coordinates":[[-70.93482,-53.15437],[-70.93569,-53.15425]]}},{"type":"Feature","properties":{"nombre":"Pedro Bórquez Saldivia","jerarquia":5},"geometry":{"type":"LineString","coordinates":[[-70.93569,-53.15425],[-70.93646,-53.15415]]}},{"type":"Feature","properties":{"nombre":"Pedro Bórquez Saldivia","jerarquia":5},"geometry":{"type":"LineString","coordinates":[[-70.93646,-53.15415],[-70.9375,-53.15401]]}},{"type":"Feature","properties":{"nombre":"Pedro Bórquez Saldivia","jerarquia":5},"geometry":{"type":"LineString","coordinates":[[-70.9375,-53.15401],[-70.93845,-53.15388]]}},{"type":"Feature","properties":{"nombre":"Pedro Bórquez Saldivia","jerarquia":5},"geometry":{"type":"LineString","coordinates":[[-70.93845,-53.15388],[-70.93961,-53.15373]]}},{"type":"Feature","properties":{"nombre":"Pedro Bórquez Saldivia","jerarquia":5},"geometry":{"type":"LineString","coordinates":[[-70.93961,-53.15373],[-70.94081,-53.15357]]}},{"type":"Feature","properties":{"nombre":"Pedro Bórquez Saldivia","jerarquia":5},"geometry":{"type":"LineString","coordinates":[[-70.94081,-53.15357],[-70.94175,-53.15344]]}},{"type":"Feature","properties":{"nombre":"Pedro Bórquez Saldivia","jerarquia":5},"geometry":{"type":"LineString","coordinates":[[-70.94175,-53.15344],[-70.94258,-53.15333]]}},{"type":"Feature","properties":{"nombre":"Avenida José Martínez de Aldunate","jerarquia":4},"geometry":{"type":"LineString","coordinates":[[-70.93189,-53.15841],[-70.93228,-53.15911]]}},{"type":"Feature","properties":{"nombre":"Avenida José Martínez de Aldunate","jerarquia":4},"geometry":{"type":"LineString","coordinates":[[-70.93228,-53.15911],[-70.93256,-53.15962]]}},{"type":"Feature","properties":{"nombre":"Avenida José Martínez de Aldunate","jerarquia":4},"geometry":{"type":"LineString","coordinates":[[-70.93256,-53.15962],[-70.93288,-53.16017]]}},{"type":"Feature","properties":{"nombre":"Avenida José Martínez de Aldunate","jerarquia":4},"geometry":{"type":"LineString","coordinates":[[-70.93288,-53.16017],[-70.93319,-53.16072]]}},{"type":"Feature","properties":{"nombre":"Avenida Presidente Eduardo Frei Montalva","jerarquia":4},"geometry":{"type":"LineString","coordinates":[[-70.92995,-53.15501],[-70.93068,-53.15631]]}},{"type":"Feature","properties":{"nombre":"Avenida Presidente Eduardo Frei Montalva","jerarquia":4},"geometry":{"type":"LineString","coordinates":[[-70.93068,-53.15631],[-70.93086,-53.15663]]}},{"type":"Feature","properties":{"nombre":"Avenida Presidente Eduardo Frei Montalva","jerarquia":4},"geometry":{"type":"LineString","coordinates":[[-70.93086,-53.15663],[-70.93093,-53.15675]]}},{"type":"Feature","properties":{"nombre":"Avenida Presidente Eduardo Frei Montalva","jerarquia":4},"geometry":{"type":"LineString","coordinates":[[-70.93093,-53.15675],[-70.93119,-53.15721]]}},{"type":"Feature","properties":{"nombre":"Avenida Presidente Eduardo Frei Montalva","jerarquia":4},"geometry":{"type":"LineString","coordinates":[[-70.93119,-53.15721],[-70.93144,-53.15766]]}},{"type":"Feature","properties":{"nombre":"Avenida Presidente Eduardo Frei Montalva","jerarquia":4},"geometry":{"type":"LineString","coordinates":[[-70.93144,-53.15766],[-70.93168,-53.15805]]}},{"type":"Feature","properties":{"nombre":"Avenida Presidente Eduardo Frei Montalva","jerarquia":4},"geometry":{"type":"LineString","coordinates":[[-70.93168,-53.15805],[-70.93172,-53.15812]]}},{"type":"Feature","properties":{"nombre":"Ramón Carnicer","jerarquia":5},"geometry":{"type":"LineString","coordinates":[[-70.93974,-53.16831],[-70.93801,-53.16902]]}},{"type":"Feature","properties":{"nombre":"Ramón Carnicer","jerarquia":5},"geometry":{"type":"LineString","coordinates":[[-70.93801,-53.16902],[-70.93622,-53.16976]]}},{"type":"Feature","properties":{"nombre":"Ramón Carnicer","jerarquia":5},"geometry":{"type":"LineString","coordinates":[[-70.93622,-53.16976],[-70.93467,-53.1704]]}},{"type":"Feature","properties":{"nombre":"Avenida Presidente Salvador Allende Gossens","jerarquia":4},"geometry":{"type":"LineString","coordinates":[[-70.93819,-53.15733],[-70.93919,-53.1572]]}},{"type":"Feature","properties":{"nombre":"Avenida Presidente Salvador Allende Gossens","jerarquia":4},"geometry":{"type":"LineString","coordinates":[[-70.93919,-53.1572],[-70.94022,-53.1571]]}},{"type":"Feature","properties":{"nombre":"Avenida Presidente Salvador Allende Gossens","jerarquia":4},"geometry":{"type":"LineString","coordinates":[[-70.94022,-53.1571],[-70.94142,-53.15694]]}},{"type":"Feature","properties":{"nombre":"Avenida Presidente Salvador Allende Gossens","jerarquia":4},"geometry":{"type":"LineString","coordinates":[[-70.94142,-53.15694],[-70.94264,-53.1568]]}},{"type":"Feature","properties":{"nombre":"Avenida Presidente Salvador Allende Gossens","jerarquia":4},"geometry":{"type":"LineString","coordinates":[[-70.94264,-53.1568],[-70.94324,-53.15673]]}},{"type":"Feature","properties":{"nombre":"Avenida Presidente Salvador Allende Gossens","jerarquia":4},"geometry":{"type":"LineString","coordinates":[[-70.94324,-53.15673],[-70.9438,-53.15666]]}},{"type":"Feature","properties":{"nombre":"Avenida Presidente Salvador Allende Gossens","jerarquia":4},"geometry":{"type":"LineString","coordinates":[[-70.9438,-53.15666],[-70.94445,-53.15658]]}},{"type":"Feature","properties":{"nombre":"Avenida José Martínez de Aldunate","jerarquia":4},"geometry":{"type":"LineString","coordinates":[[-70.94297,-53.1717],[-70.94231,-53.17094]]}},{"type":"Feature","properties":{"nombre":"Avenida José Martínez de Aldunate","jerarquia":4},"geometry":{"type":"LineString","coordinates":[[-70.94231,-53.17094],[-70.94106,-53.16963]]}},{"type":"Feature","properties":{"nombre":"Avenida Presidente Manuel Bulnes","jerarquia":3},"geometry":{"type":"LineString","coordinates":[[-70.88359,-53.1351],[-70.88343,-53.13495]]}},{"type":"Feature","properties":{"nombre":"Avenida Presidente Manuel Bulnes","jerarquia":3},"geometry":{"type":"LineString","coordinates":[[-70.88343,-53.13495],[-70.88252,-53.13438]]}},{"type":"Feature","properties":{"nombre":"Avenida Presidente Manuel Bulnes","jerarquia":3},"geometry":{"type":"LineString","coordinates":[[-70.88252,-53.13438],[-70.87985,-53.13278]]}},{"type":"Feature","properties":{"nombre":"Avenida Presidente Manuel Bulnes","jerarquia":3},"geometry":{"type":"LineString","coordinates":[[-70.87985,-53.13278],[-70.87891,-53.13222]]}},{"type":"Feature","properties":{"nombre":"Avenida Presidente Manuel Bulnes","jerarquia":3},"geometry":{"type":"LineString","coordinates":[[-70.87891,-53.13222],[-70.87881,-53.13216]]}},{"type":"Feature","properties":{"nombre":"Avenida Presidente Manuel Bulnes","jerarquia":3},"geometry":{"type":"LineString","coordinates":[[-70.87925,-53.13186],[-70.8802,-53.13241]]}},{"type":"Feature","properties":{"nombre":"Avenida Presidente Manuel Bulnes","jerarquia":3},"geometry":{"type":"LineString","coordinates":[[-70.8802,-53.13241],[-70.88029,-53.13246]]}},{"type":"Feature","properties":{"nombre":"Avenida España","jerarquia":4},"geometry":{"type":"LineString","coordinates":[[-70.89896,-53.144],[-70.89974,-53.14493]]}},{"type":"Feature","properties":{"nombre":"Avenida España","jerarquia":4},"geometry":{"type":"LineString","coordinates":[[-70.89974,-53.14493],[-70.90052,-53.14587]]}},{"type":"Feature","properties":{"nombre":"Avenida España","jerarquia":4},"geometry":{"type":"LineString","coordinates":[[-70.90052,-53.14587],[-70.90088,-53.14629]]}},{"type":"Feature","properties":{"nombre":"Avenida España","jerarquia":4},"geometry":{"type":"LineString","coordinates":[[-70.90088,-53.14629],[-70.90178,-53.1473]]}},{"type":"Feature","properties":{"nombre":"Avenida España","jerarquia":4},"geometry":{"type":"LineString","coordinates":[[-70.90178,-53.1473],[-70.90213,-53.14771]]}},{"type":"Feature","properties":{"nombre":"Avenida España","jerarquia":4},"geometry":{"type":"LineString","coordinates":[[-70.90213,-53.14771],[-70.90252,-53.14817]]}},{"type":"Feature","properties":{"nombre":"Avenida España","jerarquia":4},"geometry":{"type":"LineString","coordinates":[[-70.90252,-53.14817],[-70.90371,-53.1495]]}},{"type":"Feature","properties":{"nombre":"Avenida España","jerarquia":4},"geometry":{"type":"LineString","coordinates":[[-70.90371,-53.1495],[-70.90473,-53.15071]]}},{"type":"Feature","properties":{"nombre":"Avenida España","jerarquia":4},"geometry":{"type":"LineString","coordinates":[[-70.90473,-53.15071],[-70.90615,-53.15243]]}},{"type":"Feature","properties":{"nombre":"Avenida España","jerarquia":4},"geometry":{"type":"LineString","coordinates":[[-70.90615,-53.15243],[-70.90692,-53.15331]]}},{"type":"Feature","properties":{"nombre":"Avenida Presidente Eduardo Frei Montalva","jerarquia":4},"geometry":{"type":"LineString","coordinates":[[-70.91412,-53.13521],[-70.91636,-53.13647]]}},{"type":"Feature","properties":{"nombre":"Avenida Presidente Eduardo Frei Montalva","jerarquia":4},"geometry":{"type":"LineString","coordinates":[[-70.91636,-53.13647],[-70.91646,-53.13652]]}},{"type":"Feature","properties":{"nombre":"Avenida Presidente Eduardo Frei Montalva","jerarquia":4},"geometry":{"type":"LineString","coordinates":[[-70.91646,-53.13652],[-70.91692,-53.1368]]}},{"type":"Feature","properties":{"nombre":"Avenida Presidente Eduardo Frei Montalva","jerarquia":4},"geometry":{"type":"LineString","coordinates":[[-70.91692,-53.1368],[-70.91728,-53.13701]]}},{"type":"Feature","properties":{"nombre":"Avenida Presidente Eduardo Frei Montalva","jerarquia":4},"geometry":{"type":"LineString","coordinates":[[-70.91728,-53.13701],[-70.91768,-53.13724]]}},{"type":"Feature","properties":{"nombre":"Avenida Presidente Eduardo Frei Montalva","jerarquia":4},"geometry":{"type":"LineString","coordinates":[[-70.91768,-53.13724],[-70.91805,-53.13745]]}},{"type":"Feature","properties":{"nombre":"Avenida Presidente Eduardo Frei Montalva","jerarquia":4},"geometry":{"type":"LineString","coordinates":[[-70.91805,-53.13745],[-70.91844,-53.13768]]}},{"type":"Feature","properties":{"nombre":"Avenida Presidente Eduardo Frei Montalva","jerarquia":4},"geometry":{"type":"LineString","coordinates":[[-70.91844,-53.13768],[-70.91873,-53.13785]]}},{"type":"Feature","properties":{"nombre":"Avenida Presidente Eduardo Frei Montalva","jerarquia":4},"geometry":{"type":"LineString","coordinates":[[-70.91873,-53.13785],[-70.91882,-53.13791]]}},{"type":"Feature","properties":{"nombre":"Avenida 2 Sur","jerarquia":5},"geometry":{"type":"LineString","coordinates":[[-70.87688,-53.13303],[-70.87682,-53.1333],[-70.87541,-53.13421]]}},{"type":"Feature","properties":{"nombre":"José Ignacio Zenteno","jerarquia":5},"geometry":{"type":"LineString","coordinates":[[-70.90042,-53.1445],[-70.89928,-53.14381]]}},{"type":"Feature","properties":{"nombre":"El Ovejero","jerarquia":5},"geometry":{"type":"LineString","coordinates":[[-70.90586,-53.13998],[-70.90635,-53.13969]]}},{"type":"Feature","properties":{"nombre":"El Ovejero","jerarquia":5},"geometry":{"type":"LineString","coordinates":[[-70.90635,-53.13969],[-70.90655,-53.13958]]}},{"type":"Feature","properties":{"nombre":"El Ovejero","jerarquia":5},"geometry":{"type":"LineString","coordinates":[[-70.90655,-53.13958],[-70.90688,-53.13939]]}},{"type":"Feature","properties":{"nombre":"El Ovejero","jerarquia":5},"geometry":{"type":"LineString","coordinates":[[-70.90688,-53.13939],[-70.90741,-53.13908]]}},{"type":"Feature","properties":{"nombre":"El Ovejero","jerarquia":5},"geometry":{"type":"LineString","coordinates":[[-70.90741,-53.13908],[-70.90779,-53.13885]]}},{"type":"Feature","properties":{"nombre":"El Ovejero","jerarquia":5},"geometry":{"type":"LineString","coordinates":[[-70.90779,-53.13885],[-70.90819,-53.13862]]}},{"type":"Feature","properties":{"nombre":"El Ovejero","jerarquia":5},"geometry":{"type":"LineString","coordinates":[[-70.90819,-53.13862],[-70.90857,-53.1384]]}},{"type":"Feature","properties":{"nombre":"El Ovejero","jerarquia":5},"geometry":{"type":"LineString","coordinates":[[-70.90857,-53.1384],[-70.90903,-53.13813]]}},{"type":"Feature","properties":{"nombre":"El Ovejero","jerarquia":5},"geometry":{"type":"LineString","coordinates":[[-70.90903,-53.13813],[-70.90944,-53.1379]]}},{"type":"Feature","properties":{"nombre":"El Ovejero","jerarquia":5},"geometry":{"type":"LineString","coordinates":[[-70.90944,-53.1379],[-70.91073,-53.13715]]}},{"type":"Feature","properties":{"nombre":"El Ovejero","jerarquia":5},"geometry":{"type":"LineString","coordinates":[[-70.91073,-53.13715],[-70.91281,-53.13595]]}},{"type":"Feature","properties":{"nombre":"El Ovejero","jerarquia":5},"geometry":{"type":"LineString","coordinates":[[-70.91281,-53.13595],[-70.91348,-53.13557]]}},{"type":"Feature","properties":{"nombre":"El Ovejero","jerarquia":5},"geometry":{"type":"LineString","coordinates":[[-70.91348,-53.13557],[-70.91392,-53.13532]]}},{"type":"Feature","properties":{"nombre":"El Ovejero","jerarquia":5},"geometry":{"type":"LineString","coordinates":[[-70.91392,-53.13532],[-70.91401,-53.13527]]}},{"type":"Feature","properties":{"nombre":"El Ovejero","jerarquia":5},"geometry":{"type":"LineString","coordinates":[[-70.91401,-53.13527],[-70.91412,-53.13521]]}},{"type":"Feature","properties":{"nombre":"Avenida Presidente Manuel Bulnes","jerarquia":3},"geometry":{"type":"LineString","coordinates":[[-70.87881,-53.13216],[-70.8787,-53.13209]]}},{"type":"Feature","properties":{"nombre":"Avenida Presidente Manuel Bulnes","jerarquia":3},"geometry":{"type":"LineString","coordinates":[[-70.8787,-53.13209],[-70.87621,-53.1306]]}},{"type":"Feature","properties":{"nombre":"Avenida Presidente Manuel Bulnes","jerarquia":3},"geometry":{"type":"LineString","coordinates":[[-70.87621,-53.1306],[-70.87531,-53.13007]]}},{"type":"Feature","properties":{"nombre":"Avenida Presidente Manuel Bulnes","jerarquia":3},"geometry":{"type":"LineString","coordinates":[[-70.87531,-53.13007],[-70.87466,-53.12968]]}},{"type":"Feature","properties":{"nombre":"Avenida Presidente Manuel Bulnes","jerarquia":3},"geometry":{"type":"LineString","coordinates":[[-70.87466,-53.12968],[-70.87357,-53.12902]]}},{"type":"Feature","properties":{"nombre":"Avenida Presidente Manuel Bulnes","jerarquia":3},"geometry":{"type":"LineString","coordinates":[[-70.87357,-53.12902],[-70.87289,-53.12852]]}},{"type":"Feature","properties":{"nombre":"Avenida 2 Sur","jerarquia":5},"geometry":{"type":"LineString","coordinates":[[-70.87541,-53.13421],[-70.87492,-53.13452]]}},{"type":"Feature","properties":{"nombre":"Avenida 2 Sur","jerarquia":5},"geometry":{"type":"LineString","coordinates":[[-70.87492,-53.13452],[-70.87466,-53.13457]]}},{"type":"Feature","properties":{"nombre":"Avenida 2 Sur","jerarquia":5},"geometry":{"type":"LineString","coordinates":[[-70.87466,-53.13457],[-70.87389,-53.13509]]}},{"type":"Feature","properties":{"nombre":"Avenida 2 Sur","jerarquia":5},"geometry":{"type":"LineString","coordinates":[[-70.87389,-53.13509],[-70.87379,-53.13516]]}},{"type":"Feature","properties":{"nombre":"Avenida 2 Sur","jerarquia":5},"geometry":{"type":"LineString","coordinates":[[-70.87379,-53.13516],[-70.87237,-53.13606]]}},{"type":"Feature","properties":{"nombre":"Avenida 2 Sur","jerarquia":5},"geometry":{"type":"LineString","coordinates":[[-70.87237,-53.13606],[-70.87006,-53.13762]]}},{"type":"Feature","properties":{"nombre":"Avenida 2 Sur","jerarquia":5},"geometry":{"type":"LineString","coordinates":[[-70.87006,-53.13762],[-70.86996,-53.13769]]}},{"type":"Feature","properties":{"nombre":"Avenida 2 Sur","jerarquia":5},"geometry":{"type":"LineString","coordinates":[[-70.86996,-53.13769],[-70.86884,-53.13841]]}},{"type":"Feature","properties":{"nombre":"Avenida 2 Sur","jerarquia":5},"geometry":{"type":"LineString","coordinates":[[-70.86884,-53.13841],[-70.86869,-53.13853],[-70.8687,-53.13864]]}},{"type":"Feature","properties":{"nombre":"Avenida Presidente Eduardo Frei Montalva","jerarquia":4},"geometry":{"type":"LineString","coordinates":[[-70.91401,-53.13527],[-70.91303,-53.1347]]}},{"type":"Feature","properties":{"nombre":"Avenida Presidente Eduardo Frei Montalva","jerarquia":4},"geometry":{"type":"LineString","coordinates":[[-70.91303,-53.1347],[-70.91146,-53.13377]]}},{"type":"Feature","properties":{"nombre":"Avenida Presidente Eduardo Frei Montalva","jerarquia":4},"geometry":{"type":"LineString","coordinates":[[-70.91146,-53.13377],[-70.91131,-53.13368]]}},{"type":"Feature","properties":{"nombre":"Avenida España","jerarquia":4},"geometry":{"type":"LineString","coordinates":[[-70.89433,-53.14102],[-70.89187,-53.13939]]}},{"type":"Feature","properties":{"nombre":"Avenida España","jerarquia":4},"geometry":{"type":"LineString","coordinates":[[-70.89187,-53.13939],[-70.88955,-53.13799]]}},{"type":"Feature","properties":{"nombre":"Avenida España","jerarquia":4},"geometry":{"type":"LineString","coordinates":[[-70.88955,-53.13799],[-70.88723,-53.1366]]}},{"type":"Feature","properties":{"nombre":"Avenida España","jerarquia":4},"geometry":{"type":"LineString","coordinates":[[-70.88723,-53.1366],[-70.88457,-53.13501]]}},{"type":"Feature","properties":{"nombre":"Avenida España","jerarquia":4},"geometry":{"type":"LineString","coordinates":[[-70.88457,-53.13501],[-70.88451,-53.13497]]}},{"type":"Feature","properties":{"nombre":"Avenida Presidente Manuel Bulnes","jerarquia":3},"geometry":{"type":"LineString","coordinates":[[-70.88216,-53.13362],[-70.88284,-53.13406]]}},{"type":"Feature","properties":{"nombre":"Avenida Presidente Manuel Bulnes","jerarquia":3},"geometry":{"type":"LineString","coordinates":[[-70.88284,-53.13406],[-70.88355,-53.13456]]}},{"type":"Feature","properties":{"nombre":"Rotonda Presidente Bulnes/Avenida España","jerarquia":4},"geometry":{"type":"LineString","coordinates":[[-70.88343,-53.13495],[-70.8834,-53.13478],[-70.88352,-53.13459]]}},{"type":"Feature","properties":{"nombre":"Rotonda Presidente Bulnes/Avenida España","jerarquia":4},"geometry":{"type":"LineString","coordinates":[[-70.88352,-53.13459],[-70.88355,-53.13456]]}},{"type":"Feature","properties":{"nombre":"Rotonda Presidente Bulnes/Avenida España","jerarquia":4},"geometry":{"type":"LineString","coordinates":[[-70.88451,-53.13497],[-70.88432,-53.13509]]}},{"type":"Feature","properties":{"nombre":"Rotonda Presidente Bulnes/Avenida España","jerarquia":4},"geometry":{"type":"LineString","coordinates":[[-70.88432,-53.13509],[-70.88426,-53.13512]]}},{"type":"Feature","properties":{"nombre":"Avenida Presidente Salvador Allende Gossens","jerarquia":4},"geometry":{"type":"LineString","coordinates":[[-70.93159,-53.15814],[-70.93172,-53.15812]]}},{"type":"Feature","properties":{"nombre":"Avenida José Martínez de Aldunate","jerarquia":4},"geometry":{"type":"LineString","coordinates":[[-70.93985,-53.16827],[-70.94032,-53.16873]]}},{"type":"Feature","properties":{"nombre":"Avenida José Martínez de Aldunate","jerarquia":4},"geometry":{"type":"LineString","coordinates":[[-70.94032,-53.16873],[-70.94073,-53.16914]]}},{"type":"Feature","properties":{"nombre":"Avenida Presidente Salvador Allende Gossens","jerarquia":4},"geometry":{"type":"LineString","coordinates":[[-70.93837,-53.15762],[-70.93806,-53.15766]]}},{"type":"Feature","properties":{"nombre":"Avenida Presidente Salvador Allende Gossens","jerarquia":4},"geometry":{"type":"LineString","coordinates":[[-70.93806,-53.15766],[-70.93668,-53.15782]]}},{"type":"Feature","properties":{"nombre":"Avenida Presidente Salvador Allende Gossens","jerarquia":4},"geometry":{"type":"LineString","coordinates":[[-70.93668,-53.15782],[-70.93539,-53.15798]]}},{"type":"Feature","properties":{"nombre":"Avenida Presidente Salvador Allende Gossens","jerarquia":4},"geometry":{"type":"LineString","coordinates":[[-70.93539,-53.15798],[-70.93342,-53.15822]]}},{"type":"Feature","properties":{"nombre":"Avenida Presidente Salvador Allende Gossens","jerarquia":4},"geometry":{"type":"LineString","coordinates":[[-70.93342,-53.15822],[-70.93197,-53.1584]]}},{"type":"Feature","properties":{"nombre":"Avenida Presidente Salvador Allende Gossens","jerarquia":4},"geometry":{"type":"LineString","coordinates":[[-70.93197,-53.1584],[-70.93189,-53.15841]]}},{"type":"Feature","properties":{"nombre":"Avenida Circunvalación General Ramón Cañas Montalva","jerarquia":5},"geometry":{"type":"LineString","coordinates":[[-70.94444,-53.15651],[-70.9445,-53.15656]]}},{"type":"Feature","properties":{"nombre":"Avenida Circunvalación General Ramón Cañas Montalva","jerarquia":5},"geometry":{"type":"LineString","coordinates":[[-70.9445,-53.15656],[-70.94452,-53.15658]]}},{"type":"Feature","properties":{"nombre":"Avenida Circunvalación General Ramón Cañas Montalva","jerarquia":5},"geometry":{"type":"LineString","coordinates":[[-70.94452,-53.15658],[-70.94469,-53.15682]]}},{"type":"Feature","properties":{"nombre":"Avenida Circunvalación General Ramón Cañas Montalva","jerarquia":5},"geometry":{"type":"LineString","coordinates":[[-70.94469,-53.15682],[-70.94471,-53.15685]]}},{"type":"Feature","properties":{"nombre":"Avenida Presidente Eduardo Frei Montalva","jerarquia":4},"geometry":{"type":"LineString","coordinates":[[-70.92976,-53.15492],[-70.9282,-53.15206]]}},{"type":"Feature","properties":{"nombre":"Avenida Presidente Eduardo Frei Montalva","jerarquia":4},"geometry":{"type":"LineString","coordinates":[[-70.93159,-53.15814],[-70.93105,-53.15722]]}},{"type":"Feature","properties":{"nombre":"Avenida Presidente Eduardo Frei Montalva","jerarquia":4},"geometry":{"type":"LineString","coordinates":[[-70.93105,-53.15722],[-70.93081,-53.15679]]}},{"type":"Feature","properties":{"nombre":"Avenida Presidente Eduardo Frei Montalva","jerarquia":4},"geometry":{"type":"LineString","coordinates":[[-70.93081,-53.15679],[-70.93074,-53.15666]]}},{"type":"Feature","properties":{"nombre":"Avenida Presidente Eduardo Frei Montalva","jerarquia":4},"geometry":{"type":"LineString","coordinates":[[-70.93074,-53.15666],[-70.93023,-53.15575]]}},{"type":"Feature","properties":{"nombre":"Avenida Presidente Eduardo Frei Montalva","jerarquia":4},"geometry":{"type":"LineString","coordinates":[[-70.93023,-53.15575],[-70.92985,-53.15508]]}},{"type":"Feature","properties":{"nombre":"Avenida Presidente Eduardo Frei Montalva","jerarquia":4},"geometry":{"type":"LineString","coordinates":[[-70.92985,-53.15508],[-70.92983,-53.15503]]}},{"type":"Feature","properties":{"nombre":"Avenida Presidente Pedro Aguirre Cerda","jerarquia":5},"geometry":{"type":"LineString","coordinates":[[-70.94311,-53.17165],[-70.94388,-53.17135]]}},{"type":"Feature","properties":{"nombre":"Manuel Rodríguez","jerarquia":5},"geometry":{"type":"LineString","coordinates":[[-70.9361,-53.17865],[-70.9365,-53.17902]]}},{"type":"Feature","properties":{"nombre":"Manuel Rodríguez","jerarquia":5},"geometry":{"type":"LineString","coordinates":[[-70.9365,-53.17902],[-70.93782,-53.18022]]}},{"type":"Feature","properties":{"nombre":"Avenida Presidente Jorge Alessandri Rodríguez","jerarquia":5},"geometry":{"type":"LineString","coordinates":[[-70.93009,-53.18347],[-70.93055,-53.18318],[-70.93187,-53.18257]]}},{"type":"Feature","properties":{"nombre":"Avenida Presidente Jorge Alessandri Rodríguez","jerarquia":5},"geometry":{"type":"LineString","coordinates":[[-70.93187,-53.18257],[-70.93224,-53.18243],[-70.93279,-53.18238]]}},{"type":"Feature","properties":{"nombre":"Avenida Presidente Jorge Alessandri Rodríguez","jerarquia":5},"geometry":{"type":"LineString","coordinates":[[-70.93279,-53.18238],[-70.93311,-53.18238]]}},{"type":"Feature","properties":{"nombre":"Avenida Presidente Jorge Alessandri Rodríguez","jerarquia":5},"geometry":{"type":"LineString","coordinates":[[-70.93311,-53.18238],[-70.93345,-53.18235]]}},{"type":"Feature","properties":{"nombre":"Avenida Presidente Jorge Alessandri Rodríguez","jerarquia":5},"geometry":{"type":"LineString","coordinates":[[-70.93345,-53.18235],[-70.93404,-53.1822]]}},{"type":"Feature","properties":{"nombre":"Avenida Presidente Jorge Alessandri Rodríguez","jerarquia":5},"geometry":{"type":"LineString","coordinates":[[-70.93404,-53.1822],[-70.93427,-53.1821]]}},{"type":"Feature","properties":{"nombre":"Avenida Presidente Jorge Alessandri Rodríguez","jerarquia":5},"geometry":{"type":"LineString","coordinates":[[-70.93427,-53.1821],[-70.93456,-53.18197]]}},{"type":"Feature","properties":{"nombre":"Avenida Presidente Jorge Alessandri Rodríguez","jerarquia":5},"geometry":{"type":"LineString","coordinates":[[-70.93456,-53.18197],[-70.9353,-53.18169]]}},{"type":"Feature","properties":{"nombre":"Avenida Presidente Jorge Alessandri Rodríguez","jerarquia":5},"geometry":{"type":"LineString","coordinates":[[-70.9353,-53.18169],[-70.93578,-53.1815]]}},{"type":"Feature","properties":{"nombre":"Avenida Presidente Jorge Alessandri Rodríguez","jerarquia":5},"geometry":{"type":"LineString","coordinates":[[-70.93578,-53.1815],[-70.93624,-53.18133]]}},{"type":"Feature","properties":{"nombre":"Avenida Presidente Jorge Alessandri Rodríguez","jerarquia":5},"geometry":{"type":"LineString","coordinates":[[-70.93624,-53.18133],[-70.93671,-53.18112]]}},{"type":"Feature","properties":{"nombre":"Avenida Presidente Jorge Alessandri Rodríguez","jerarquia":5},"geometry":{"type":"LineString","coordinates":[[-70.93671,-53.18112],[-70.9371,-53.18088]]}},{"type":"Feature","properties":{"nombre":"Avenida Presidente Jorge Alessandri Rodríguez","jerarquia":5},"geometry":{"type":"LineString","coordinates":[[-70.9371,-53.18088],[-70.93737,-53.18055]]}},{"type":"Feature","properties":{"nombre":"Avenida Presidente Jorge Alessandri Rodríguez","jerarquia":5},"geometry":{"type":"LineString","coordinates":[[-70.93737,-53.18055],[-70.93752,-53.18038],[-70.93782,-53.18022]]}},{"type":"Feature","properties":{"nombre":"Enrique Abello","jerarquia":5},"geometry":{"type":"LineString","coordinates":[[-70.88563,-53.14343],[-70.88712,-53.14248]]}},{"type":"Feature","properties":{"nombre":"Enrique Abello","jerarquia":5},"geometry":{"type":"LineString","coordinates":[[-70.88712,-53.14248],[-70.88895,-53.1413]]}},{"type":"Feature","properties":{"nombre":"Enrique Abello","jerarquia":5},"geometry":{"type":"LineString","coordinates":[[-70.88895,-53.1413],[-70.88944,-53.14098]]}},{"type":"Feature","properties":{"nombre":"Hernando de Magallanes","jerarquia":3},"geometry":{"type":"LineString","coordinates":[[-70.90369,-53.15952],[-70.90276,-53.15861]]}},{"type":"Feature","properties":{"nombre":"Hernando de Magallanes","jerarquia":3},"geometry":{"type":"LineString","coordinates":[[-70.90276,-53.15861],[-70.9018,-53.15767]]}},{"type":"Feature","properties":{"nombre":"Avenida Independencia","jerarquia":4},"geometry":{"type":"LineString","coordinates":[[-70.91555,-53.16465],[-70.91398,-53.16525]]}},{"type":"Feature","properties":{"nombre":"Avenida Independencia","jerarquia":4},"geometry":{"type":"LineString","coordinates":[[-70.91398,-53.16525],[-70.91244,-53.16584]]}},{"type":"Feature","properties":{"nombre":"Avenida España","jerarquia":4},"geometry":{"type":"LineString","coordinates":[[-70.92779,-53.17428],[-70.9253,-53.17189]]}},{"type":"Feature","properties":{"nombre":"Avenida España","jerarquia":4},"geometry":{"type":"LineString","coordinates":[[-70.9253,-53.17189],[-70.9247,-53.17132]]}},{"type":"Feature","properties":{"nombre":"Avenida España","jerarquia":4},"geometry":{"type":"LineString","coordinates":[[-70.9247,-53.17132],[-70.92376,-53.17043]]}},{"type":"Feature","properties":{"nombre":"Avenida España","jerarquia":4},"geometry":{"type":"LineString","coordinates":[[-70.92376,-53.17043],[-70.92281,-53.16953]]}},{"type":"Feature","properties":{"nombre":"Avenida España","jerarquia":4},"geometry":{"type":"LineString","coordinates":[[-70.92281,-53.16953],[-70.92185,-53.16862]]}},{"type":"Feature","properties":{"nombre":"Avenida España","jerarquia":4},"geometry":{"type":"LineString","coordinates":[[-70.92185,-53.16862],[-70.92093,-53.16775]]}},{"type":"Feature","properties":{"nombre":"Avenida España","jerarquia":4},"geometry":{"type":"LineString","coordinates":[[-70.92093,-53.16775],[-70.91994,-53.16681]]}},{"type":"Feature","properties":{"nombre":"Avenida España","jerarquia":4},"geometry":{"type":"LineString","coordinates":[[-70.91994,-53.16681],[-70.91897,-53.1659]]}},{"type":"Feature","properties":{"nombre":"Avenida España","jerarquia":4},"geometry":{"type":"LineString","coordinates":[[-70.91897,-53.1659],[-70.918,-53.16498]]}},{"type":"Feature","properties":{"nombre":"Avenida España","jerarquia":4},"geometry":{"type":"LineString","coordinates":[[-70.918,-53.16498],[-70.91715,-53.16417]]}},{"type":"Feature","properties":{"nombre":"Avenida España","jerarquia":4},"geometry":{"type":"LineString","coordinates":[[-70.91715,-53.16417],[-70.91705,-53.16407]]}},{"type":"Feature","properties":{"nombre":"Club Hípico","jerarquia":5},"geometry":{"type":"LineString","coordinates":[[-70.88904,-53.15181],[-70.89064,-53.15125]]}},{"type":"Feature","properties":{"nombre":"Club Hípico","jerarquia":5},"geometry":{"type":"LineString","coordinates":[[-70.89064,-53.15125],[-70.89215,-53.15072]]}},{"type":"Feature","properties":{"nombre":"Club Hípico","jerarquia":5},"geometry":{"type":"LineString","coordinates":[[-70.89215,-53.15072],[-70.89304,-53.1504]]}},{"type":"Feature","properties":{"nombre":"Club Hípico","jerarquia":5},"geometry":{"type":"LineString","coordinates":[[-70.89304,-53.1504],[-70.89443,-53.1499]]}},{"type":"Feature","properties":{"nombre":"Club Hípico","jerarquia":5},"geometry":{"type":"LineString","coordinates":[[-70.89443,-53.1499],[-70.89589,-53.1494]]}},{"type":"Feature","properties":{"nombre":"Club Hípico","jerarquia":5},"geometry":{"type":"LineString","coordinates":[[-70.88753,-53.15235],[-70.88822,-53.1521]]}},{"type":"Feature","properties":{"nombre":"Club Hípico","jerarquia":5},"geometry":{"type":"LineString","coordinates":[[-70.88822,-53.1521],[-70.88904,-53.15181]]}},{"type":"Feature","properties":{"nombre":"Comodoro Arturo Merino Benítez","jerarquia":4},"geometry":{"type":"LineString","coordinates":[[-70.87695,-53.14038],[-70.87675,-53.1405]]}},{"type":"Feature","properties":{"nombre":"Comodoro Arturo Merino Benítez","jerarquia":4},"geometry":{"type":"LineString","coordinates":[[-70.87675,-53.1405],[-70.87554,-53.1413]]}},{"type":"Feature","properties":{"nombre":"Enrique Abello","jerarquia":5},"geometry":{"type":"LineString","coordinates":[[-70.8842,-53.14439],[-70.88563,-53.14343]]}},{"type":"Feature","properties":{"nombre":"","jerarquia":3},"geometry":{"type":"LineString","coordinates":[[-70.89426,-53.16313],[-70.8942,-53.1632],[-70.8942,-53.16331],[-70.89431,-53.16341],[-70.89449,-53.16345]]}},{"type":"Feature","properties":{"nombre":"Manantiales","jerarquia":4},"geometry":{"type":"LineString","coordinates":[[-70.88814,-53.1447],[-70.8876,-53.14502]]}},{"type":"Feature","properties":{"nombre":"Manantiales","jerarquia":4},"geometry":{"type":"LineString","coordinates":[[-70.8876,-53.14502],[-70.88704,-53.14535]]}},{"type":"Feature","properties":{"nombre":"Manantiales","jerarquia":4},"geometry":{"type":"LineString","coordinates":[[-70.88704,-53.14535],[-70.88599,-53.14598]]}},{"type":"Feature","properties":{"nombre":"Manantiales","jerarquia":4},"geometry":{"type":"LineString","coordinates":[[-70.88599,-53.14598],[-70.88557,-53.14623]]}},{"type":"Feature","properties":{"nombre":"Manantiales","jerarquia":4},"geometry":{"type":"LineString","coordinates":[[-70.88557,-53.14623],[-70.88536,-53.14636]]}},{"type":"Feature","properties":{"nombre":"Manantiales","jerarquia":4},"geometry":{"type":"LineString","coordinates":[[-70.88536,-53.14636],[-70.88458,-53.14682]]}},{"type":"Feature","properties":{"nombre":"Manantiales","jerarquia":4},"geometry":{"type":"LineString","coordinates":[[-70.88458,-53.14682],[-70.88433,-53.14697]]}},{"type":"Feature","properties":{"nombre":"Manantiales","jerarquia":4},"geometry":{"type":"LineString","coordinates":[[-70.88433,-53.14697],[-70.88426,-53.14702]]}},{"type":"Feature","properties":{"nombre":"Avenida Presidente Pedro Aguirre Cerda","jerarquia":4},"geometry":{"type":"LineString","coordinates":[[-70.93053,-53.17678],[-70.92895,-53.17741]]}},{"type":"Feature","properties":{"nombre":"Avenida Presidente Pedro Aguirre Cerda","jerarquia":4},"geometry":{"type":"LineString","coordinates":[[-70.92895,-53.17741],[-70.92539,-53.17882]]}},{"type":"Feature","properties":{"nombre":"Avenida Presidente Pedro Aguirre Cerda","jerarquia":4},"geometry":{"type":"LineString","coordinates":[[-70.92539,-53.17882],[-70.92346,-53.17964]]}},{"type":"Feature","properties":{"nombre":"Avenida Presidente Pedro Aguirre Cerda","jerarquia":4},"geometry":{"type":"LineString","coordinates":[[-70.92346,-53.17964],[-70.92264,-53.18002]]}},{"type":"Feature","properties":{"nombre":"Avenida Presidente Pedro Aguirre Cerda","jerarquia":4},"geometry":{"type":"LineString","coordinates":[[-70.92264,-53.18002],[-70.9225,-53.18008]]}},{"type":"Feature","properties":{"nombre":"Avenida Presidente Pedro Aguirre Cerda","jerarquia":4},"geometry":{"type":"LineString","coordinates":[[-70.93556,-53.17472],[-70.9341,-53.1753]]}},{"type":"Feature","properties":{"nombre":"Avenida Presidente Pedro Aguirre Cerda","jerarquia":4},"geometry":{"type":"LineString","coordinates":[[-70.9341,-53.1753],[-70.93292,-53.17578]]}},{"type":"Feature","properties":{"nombre":"Avenida Presidente Pedro Aguirre Cerda","jerarquia":4},"geometry":{"type":"LineString","coordinates":[[-70.93292,-53.17578],[-70.93092,-53.17662]]}},{"type":"Feature","properties":{"nombre":"Avenida Presidente Pedro Aguirre Cerda","jerarquia":4},"geometry":{"type":"LineString","coordinates":[[-70.93092,-53.17662],[-70.93053,-53.17678]]}},{"type":"Feature","properties":{"nombre":"Avenida Presidente Manuel Bulnes","jerarquia":3},"geometry":{"type":"LineString","coordinates":[[-70.88413,-53.13567],[-70.88359,-53.1351]]}},{"type":"Feature","properties":{"nombre":"Avenida Presidente Pedro Aguirre Cerda","jerarquia":4},"geometry":{"type":"LineString","coordinates":[[-70.93547,-53.17465],[-70.93666,-53.17418]]}},{"type":"Feature","properties":{"nombre":"Avenida Presidente Pedro Aguirre Cerda","jerarquia":4},"geometry":{"type":"LineString","coordinates":[[-70.93666,-53.17418],[-70.93808,-53.17363]]}},{"type":"Feature","properties":{"nombre":"Avenida España","jerarquia":4},"geometry":{"type":"LineString","coordinates":[[-70.92923,-53.17507],[-70.93006,-53.17583]]}},{"type":"Feature","properties":{"nombre":"Avenida General Ernesto Medina Parker","jerarquia":5},"geometry":{"type":"LineString","coordinates":[[-70.88746,-53.12328],[-70.88681,-53.12359]]}},{"type":"Feature","properties":{"nombre":"Avenida General Ernesto Medina Parker","jerarquia":5},"geometry":{"type":"LineString","coordinates":[[-70.88681,-53.12359],[-70.88647,-53.12376]]}},{"type":"Feature","properties":{"nombre":"Avenida General Ernesto Medina Parker","jerarquia":5},"geometry":{"type":"LineString","coordinates":[[-70.88647,-53.12376],[-70.88577,-53.12411]]}},{"type":"Feature","properties":{"nombre":"Avenida General Ernesto Medina Parker","jerarquia":5},"geometry":{"type":"LineString","coordinates":[[-70.88577,-53.12411],[-70.88512,-53.12443]]}},{"type":"Feature","properties":{"nombre":"Avenida Presidente Pedro Aguirre Cerda","jerarquia":4},"geometry":{"type":"LineString","coordinates":[[-70.93081,-53.17652],[-70.93122,-53.17636]]}},{"type":"Feature","properties":{"nombre":"Avenida Presidente Pedro Aguirre Cerda","jerarquia":4},"geometry":{"type":"LineString","coordinates":[[-70.93122,-53.17636],[-70.93156,-53.17623]]}},{"type":"Feature","properties":{"nombre":"Avenida Presidente Pedro Aguirre Cerda","jerarquia":4},"geometry":{"type":"LineString","coordinates":[[-70.93156,-53.17623],[-70.93199,-53.17605]]}},{"type":"Feature","properties":{"nombre":"Avenida Presidente Pedro Aguirre Cerda","jerarquia":4},"geometry":{"type":"LineString","coordinates":[[-70.93199,-53.17605],[-70.93236,-53.1759]]}},{"type":"Feature","properties":{"nombre":"Avenida Presidente Pedro Aguirre Cerda","jerarquia":4},"geometry":{"type":"LineString","coordinates":[[-70.93236,-53.1759],[-70.93283,-53.17571]]}},{"type":"Feature","properties":{"nombre":"Avenida Presidente Pedro Aguirre Cerda","jerarquia":4},"geometry":{"type":"LineString","coordinates":[[-70.93283,-53.17571],[-70.93354,-53.17542]]}},{"type":"Feature","properties":{"nombre":"Avenida Presidente Pedro Aguirre Cerda","jerarquia":4},"geometry":{"type":"LineString","coordinates":[[-70.93354,-53.17542],[-70.93432,-53.17512]]}},{"type":"Feature","properties":{"nombre":"Avenida Presidente Pedro Aguirre Cerda","jerarquia":4},"geometry":{"type":"LineString","coordinates":[[-70.93432,-53.17512],[-70.93547,-53.17465]]}},{"type":"Feature","properties":{"nombre":"Avenida General Ernesto Medina Parker","jerarquia":5},"geometry":{"type":"LineString","coordinates":[[-70.88512,-53.12443],[-70.88451,-53.12473]]}},{"type":"Feature","properties":{"nombre":"Avenida General Ernesto Medina Parker","jerarquia":5},"geometry":{"type":"LineString","coordinates":[[-70.88451,-53.12473],[-70.88396,-53.12501]]}},{"type":"Feature","properties":{"nombre":"Avenida General Ernesto Medina Parker","jerarquia":5},"geometry":{"type":"LineString","coordinates":[[-70.88396,-53.12501],[-70.88341,-53.12529]]}},{"type":"Feature","properties":{"nombre":"Avenida General Ernesto Medina Parker","jerarquia":5},"geometry":{"type":"LineString","coordinates":[[-70.88341,-53.12529],[-70.88275,-53.12561]]}},{"type":"Feature","properties":{"nombre":"Avenida General Ernesto Medina Parker","jerarquia":5},"geometry":{"type":"LineString","coordinates":[[-70.88275,-53.12561],[-70.88218,-53.1259]]}},{"type":"Feature","properties":{"nombre":"Avenida General Ernesto Medina Parker","jerarquia":5},"geometry":{"type":"LineString","coordinates":[[-70.88218,-53.1259],[-70.88163,-53.12617]]}},{"type":"Feature","properties":{"nombre":"Avenida General Ernesto Medina Parker","jerarquia":5},"geometry":{"type":"LineString","coordinates":[[-70.88163,-53.12617],[-70.88106,-53.12645]]}},{"type":"Feature","properties":{"nombre":"Avenida General Ernesto Medina Parker","jerarquia":5},"geometry":{"type":"LineString","coordinates":[[-70.88106,-53.12645],[-70.88044,-53.12678]]}},{"type":"Feature","properties":{"nombre":"Avenida General Ernesto Medina Parker","jerarquia":5},"geometry":{"type":"LineString","coordinates":[[-70.88044,-53.12678],[-70.87979,-53.12711]]}},{"type":"Feature","properties":{"nombre":"Avenida General Ernesto Medina Parker","jerarquia":5},"geometry":{"type":"LineString","coordinates":[[-70.87979,-53.12711],[-70.8793,-53.12737]]}},{"type":"Feature","properties":{"nombre":"Avenida General Ernesto Medina Parker","jerarquia":5},"geometry":{"type":"LineString","coordinates":[[-70.8793,-53.12737],[-70.87873,-53.12765]]}},{"type":"Feature","properties":{"nombre":"Avenida General Ernesto Medina Parker","jerarquia":5},"geometry":{"type":"LineString","coordinates":[[-70.87873,-53.12765],[-70.87806,-53.12799]]}},{"type":"Feature","properties":{"nombre":"Avenida General Ernesto Medina Parker","jerarquia":5},"geometry":{"type":"LineString","coordinates":[[-70.87806,-53.12799],[-70.87748,-53.12827]]}},{"type":"Feature","properties":{"nombre":"Avenida General Ernesto Medina Parker","jerarquia":5},"geometry":{"type":"LineString","coordinates":[[-70.87748,-53.12827],[-70.8769,-53.12856]]}},{"type":"Feature","properties":{"nombre":"Avenida General Ernesto Medina Parker","jerarquia":5},"geometry":{"type":"LineString","coordinates":[[-70.8769,-53.12856],[-70.87636,-53.12882]]}},{"type":"Feature","properties":{"nombre":"Avenida General Ernesto Medina Parker","jerarquia":5},"geometry":{"type":"LineString","coordinates":[[-70.87636,-53.12882],[-70.87571,-53.12913]]}},{"type":"Feature","properties":{"nombre":"Avenida General Ernesto Medina Parker","jerarquia":5},"geometry":{"type":"LineString","coordinates":[[-70.87571,-53.12913],[-70.87523,-53.12938]]}},{"type":"Feature","properties":{"nombre":"Kuzma Slavic Kinkela","jerarquia":5},"geometry":{"type":"LineString","coordinates":[[-70.88083,-53.14074],[-70.88493,-53.13805]]}},{"type":"Feature","properties":{"nombre":"Kuzma Slavic Kinkela","jerarquia":5},"geometry":{"type":"LineString","coordinates":[[-70.88493,-53.13805],[-70.88573,-53.13754]]}},{"type":"Feature","properties":{"nombre":"Kuzma Slavic Kinkela","jerarquia":5},"geometry":{"type":"LineString","coordinates":[[-70.88573,-53.13754],[-70.88622,-53.13723]]}},{"type":"Feature","properties":{"nombre":"Avenida Los Generales","jerarquia":5},"geometry":{"type":"LineString","coordinates":[[-70.87289,-53.12852],[-70.87294,-53.12838],[-70.87344,-53.12813]]}},{"type":"Feature","properties":{"nombre":"Avenida Los Generales","jerarquia":5},"geometry":{"type":"LineString","coordinates":[[-70.87344,-53.12813],[-70.87401,-53.12786]]}},{"type":"Feature","properties":{"nombre":"Avenida Los Generales","jerarquia":5},"geometry":{"type":"LineString","coordinates":[[-70.87401,-53.12786],[-70.87455,-53.12758]]}},{"type":"Feature","properties":{"nombre":"Avenida Los Generales","jerarquia":5},"geometry":{"type":"LineString","coordinates":[[-70.87455,-53.12758],[-70.8751,-53.12731]]}},{"type":"Feature","properties":{"nombre":"Avenida Los Generales","jerarquia":5},"geometry":{"type":"LineString","coordinates":[[-70.8751,-53.12731],[-70.87565,-53.12703]]}},{"type":"Feature","properties":{"nombre":"Avenida Los Generales","jerarquia":5},"geometry":{"type":"LineString","coordinates":[[-70.87565,-53.12703],[-70.87632,-53.1267]]}},{"type":"Feature","properties":{"nombre":"Avenida Los Generales","jerarquia":5},"geometry":{"type":"LineString","coordinates":[[-70.87632,-53.1267],[-70.87689,-53.12641]]}},{"type":"Feature","properties":{"nombre":"Avenida Los Generales","jerarquia":5},"geometry":{"type":"LineString","coordinates":[[-70.87689,-53.12641],[-70.87743,-53.12615]]}},{"type":"Feature","properties":{"nombre":"Avenida Los Generales","jerarquia":5},"geometry":{"type":"LineString","coordinates":[[-70.87743,-53.12615],[-70.87799,-53.12587]]}},{"type":"Feature","properties":{"nombre":"Avenida Los Generales","jerarquia":5},"geometry":{"type":"LineString","coordinates":[[-70.87799,-53.12587],[-70.87867,-53.12553]]}},{"type":"Feature","properties":{"nombre":"Avenida Los Generales","jerarquia":5},"geometry":{"type":"LineString","coordinates":[[-70.87867,-53.12553],[-70.87927,-53.12524]]}},{"type":"Feature","properties":{"nombre":"Avenida Los Generales","jerarquia":5},"geometry":{"type":"LineString","coordinates":[[-70.87927,-53.12524],[-70.87983,-53.12496]]}},{"type":"Feature","properties":{"nombre":"Avenida Los Generales","jerarquia":5},"geometry":{"type":"LineString","coordinates":[[-70.87983,-53.12496],[-70.88037,-53.1247]]}},{"type":"Feature","properties":{"nombre":"Avenida Los Generales","jerarquia":5},"geometry":{"type":"LineString","coordinates":[[-70.88037,-53.1247],[-70.88104,-53.12436]]}},{"type":"Feature","properties":{"nombre":"Avenida Los Generales","jerarquia":5},"geometry":{"type":"LineString","coordinates":[[-70.88104,-53.12436],[-70.88162,-53.12408]]}},{"type":"Feature","properties":{"nombre":"Avenida Los Generales","jerarquia":5},"geometry":{"type":"LineString","coordinates":[[-70.88162,-53.12408],[-70.88218,-53.1238]]}},{"type":"Feature","properties":{"nombre":"Avenida Los Generales","jerarquia":5},"geometry":{"type":"LineString","coordinates":[[-70.88218,-53.1238],[-70.88272,-53.12352]]}},{"type":"Feature","properties":{"nombre":"Avenida Los Generales","jerarquia":5},"geometry":{"type":"LineString","coordinates":[[-70.88272,-53.12352],[-70.88338,-53.12319]]}},{"type":"Feature","properties":{"nombre":"Avenida Presidente Manuel Bulnes","jerarquia":3},"geometry":{"type":"LineString","coordinates":[[-70.87523,-53.12938],[-70.87567,-53.12964]]}},{"type":"Feature","properties":{"nombre":"Avenida Presidente Manuel Bulnes","jerarquia":3},"geometry":{"type":"LineString","coordinates":[[-70.87567,-53.12964],[-70.87671,-53.1303]]}},{"type":"Feature","properties":{"nombre":"Avenida Presidente Manuel Bulnes","jerarquia":3},"geometry":{"type":"LineString","coordinates":[[-70.87671,-53.1303],[-70.87903,-53.13173]]}},{"type":"Feature","properties":{"nombre":"Avenida Presidente Manuel Bulnes","jerarquia":3},"geometry":{"type":"LineString","coordinates":[[-70.87903,-53.13173],[-70.87916,-53.13181]]}},{"type":"Feature","properties":{"nombre":"Avenida Presidente Manuel Bulnes","jerarquia":3},"geometry":{"type":"LineString","coordinates":[[-70.88622,-53.13723],[-70.88781,-53.13912]]}},{"type":"Feature","properties":{"nombre":"Avenida Presidente Manuel Bulnes","jerarquia":3},"geometry":{"type":"LineString","coordinates":[[-70.88781,-53.13912],[-70.88944,-53.14098]]}},{"type":"Feature","properties":{"nombre":"Avenida Presidente Manuel Bulnes","jerarquia":3},"geometry":{"type":"LineString","coordinates":[[-70.88944,-53.14098],[-70.8901,-53.14178]]}},{"type":"Feature","properties":{"nombre":"Avenida Presidente Manuel Bulnes","jerarquia":3},"geometry":{"type":"LineString","coordinates":[[-70.8901,-53.14178],[-70.89059,-53.14235]]}},{"type":"Feature","properties":{"nombre":"Avenida Presidente Manuel Bulnes","jerarquia":3},"geometry":{"type":"LineString","coordinates":[[-70.89059,-53.14235],[-70.89109,-53.14294]]}},{"type":"Feature","properties":{"nombre":"Avenida Presidente Manuel Bulnes","jerarquia":3},"geometry":{"type":"LineString","coordinates":[[-70.89109,-53.14294],[-70.89268,-53.1448]]}},{"type":"Feature","properties":{"nombre":"Avenida Presidente Manuel Bulnes","jerarquia":3},"geometry":{"type":"LineString","coordinates":[[-70.89268,-53.1448],[-70.89351,-53.14576]]}},{"type":"Feature","properties":{"nombre":"Avenida Presidente Manuel Bulnes","jerarquia":3},"geometry":{"type":"LineString","coordinates":[[-70.89351,-53.14576],[-70.89433,-53.14671]]}},{"type":"Feature","properties":{"nombre":"Avenida Presidente Manuel Bulnes","jerarquia":3},"geometry":{"type":"LineString","coordinates":[[-70.89433,-53.14671],[-70.89514,-53.14763]]}},{"type":"Feature","properties":{"nombre":"Avenida Presidente Manuel Bulnes","jerarquia":3},"geometry":{"type":"LineString","coordinates":[[-70.89514,-53.14763],[-70.89593,-53.14857]]}},{"type":"Feature","properties":{"nombre":"Avenida Presidente Manuel Bulnes","jerarquia":3},"geometry":{"type":"LineString","coordinates":[[-70.89593,-53.14857],[-70.89751,-53.15043]]}},{"type":"Feature","properties":{"nombre":"Avenida Presidente Manuel Bulnes","jerarquia":3},"geometry":{"type":"LineString","coordinates":[[-70.89751,-53.15043],[-70.89856,-53.15163]]}},{"type":"Feature","properties":{"nombre":"Avenida Presidente Manuel Bulnes","jerarquia":3},"geometry":{"type":"LineString","coordinates":[[-70.89856,-53.15163],[-70.89892,-53.15206]]}},{"type":"Feature","properties":{"nombre":"Uruguay","jerarquia":5},"geometry":{"type":"LineString","coordinates":[[-70.88083,-53.14074],[-70.88149,-53.14112]]}},{"type":"Feature","properties":{"nombre":"Uruguay","jerarquia":5},"geometry":{"type":"LineString","coordinates":[[-70.88149,-53.14112],[-70.88322,-53.14209]]}},{"type":"Feature","properties":{"nombre":"Uruguay","jerarquia":5},"geometry":{"type":"LineString","coordinates":[[-70.88322,-53.14209],[-70.88392,-53.14247]]}},{"type":"Feature","properties":{"nombre":"Uruguay","jerarquia":5},"geometry":{"type":"LineString","coordinates":[[-70.88392,-53.14247],[-70.88563,-53.14343]]}},{"type":"Feature","properties":{"nombre":"Avenida Presidente Manuel Bulnes","jerarquia":3},"geometry":{"type":"LineString","coordinates":[[-70.87289,-53.12852],[-70.87204,-53.12754]]}},{"type":"Feature","properties":{"nombre":"Avenida Presidente Manuel Bulnes","jerarquia":3},"geometry":{"type":"LineString","coordinates":[[-70.87204,-53.12754],[-70.87065,-53.1259]]}},{"type":"Feature","properties":{"nombre":"Avenida Presidente Manuel Bulnes","jerarquia":3},"geometry":{"type":"LineString","coordinates":[[-70.87065,-53.1259],[-70.87001,-53.12513]]}},{"type":"Feature","properties":{"nombre":"Avenida Presidente Manuel Bulnes","jerarquia":3},"geometry":{"type":"LineString","coordinates":[[-70.87001,-53.12513],[-70.86972,-53.12477]]}},{"type":"Feature","properties":{"nombre":"Presidente Jorge Montt","jerarquia":4},"geometry":{"type":"LineString","coordinates":[[-70.88904,-53.15181],[-70.88959,-53.15232]]}},{"type":"Feature","properties":{"nombre":"Presidente Jorge Montt","jerarquia":4},"geometry":{"type":"LineString","coordinates":[[-70.88959,-53.15232],[-70.8905,-53.15318]]}},{"type":"Feature","properties":{"nombre":"Presidente Jorge Montt","jerarquia":4},"geometry":{"type":"LineString","coordinates":[[-70.8905,-53.15318],[-70.89101,-53.15366]]}},{"type":"Feature","properties":{"nombre":"Presidente Jorge Montt","jerarquia":4},"geometry":{"type":"LineString","coordinates":[[-70.89101,-53.15366],[-70.89148,-53.15409]]}},{"type":"Feature","properties":{"nombre":"Presidente Jorge Montt","jerarquia":4},"geometry":{"type":"LineString","coordinates":[[-70.89148,-53.15409],[-70.89236,-53.15488]]}},{"type":"Feature","properties":{"nombre":"Presidente Jorge Montt","jerarquia":4},"geometry":{"type":"LineString","coordinates":[[-70.89236,-53.15488],[-70.89334,-53.1558]]}},{"type":"Feature","properties":{"nombre":"Presidente Jorge Montt","jerarquia":4},"geometry":{"type":"LineString","coordinates":[[-70.89334,-53.1558],[-70.89434,-53.15674]]}},{"type":"Feature","properties":{"nombre":"Presidente Jorge Montt","jerarquia":4},"geometry":{"type":"LineString","coordinates":[[-70.89434,-53.15674],[-70.89535,-53.15765]]}},{"type":"Feature","properties":{"nombre":"Presidente Jorge Montt","jerarquia":4},"geometry":{"type":"LineString","coordinates":[[-70.89535,-53.15765],[-70.89632,-53.15854]]}},{"type":"Feature","properties":{"nombre":"General Juan Salvo","jerarquia":5},"geometry":{"type":"LineString","coordinates":[[-70.91256,-53.15145],[-70.91252,-53.15173]]}},{"type":"Feature","properties":{"nombre":"Camino Caleta Barranco Amarillo","jerarquia":4},"geometry":{"type":"LineString","coordinates":[[-70.87907,-53.1029],[-70.87872,-53.10204]]}},{"type":"Feature","properties":{"nombre":"Avenida Presidente Carlos Ibáñez del Campo","jerarquia":2},"geometry":{"type":"LineString","coordinates":[[-70.87935,-53.11494],[-70.87684,-53.11679],[-70.87492,-53.1185]]}},{"type":"Feature","properties":{"nombre":"Avenida Presidente Carlos Ibáñez del Campo","jerarquia":2},"geometry":{"type":"LineString","coordinates":[[-70.87492,-53.1185],[-70.87319,-53.12007]]}},{"type":"Feature","properties":{"nombre":"Avenida Presidente Carlos Ibáñez del Campo","jerarquia":2},"geometry":{"type":"LineString","coordinates":[[-70.87319,-53.12007],[-70.87279,-53.12043]]}},{"type":"Feature","properties":{"nombre":"Avenida Presidente Carlos Ibáñez del Campo","jerarquia":2},"geometry":{"type":"LineString","coordinates":[[-70.87279,-53.12043],[-70.87165,-53.12145]]}},{"type":"Feature","properties":{"nombre":"Ruta 9 Norte","jerarquia":2},"geometry":{"type":"LineString","coordinates":[[-70.87917,-53.1146],[-70.88417,-53.1101]]}},{"type":"Feature","properties":{"nombre":"Ruta 9 Sur","jerarquia":3},"geometry":{"type":"LineString","coordinates":[[-70.92921,-53.18617],[-70.92965,-53.18721]]}},{"type":"Feature","properties":{"nombre":"Ruta 9 Sur","jerarquia":3},"geometry":{"type":"LineString","coordinates":[[-70.92965,-53.18721],[-70.93048,-53.18923],[-70.93083,-53.1898],[-70.93113,-53.19019],[-70.93309,-53.1921]]}},{"type":"Feature","properties":{"nombre":"Ruta 9 Sur","jerarquia":3},"geometry":{"type":"LineString","coordinates":[[-70.93309,-53.1921],[-70.93327,-53.19227]]}},{"type":"Feature","properties":{"nombre":"Ruta 9 Sur","jerarquia":3},"geometry":{"type":"LineString","coordinates":[[-70.93327,-53.19227],[-70.93345,-53.19246]]}},{"type":"Feature","properties":{"nombre":"Ruta 9 Sur","jerarquia":3},"geometry":{"type":"LineString","coordinates":[[-70.93345,-53.19246],[-70.93412,-53.19309]]}},{"type":"Feature","properties":{"nombre":"Ruta 9 Sur","jerarquia":3},"geometry":{"type":"LineString","coordinates":[[-70.93412,-53.19309],[-70.93449,-53.19347]]}},{"type":"Feature","properties":{"nombre":"Ruta 9 Sur","jerarquia":3},"geometry":{"type":"LineString","coordinates":[[-70.93449,-53.19347],[-70.93498,-53.19397]]}},{"type":"Feature","properties":{"nombre":"Ruta 9 Sur","jerarquia":3},"geometry":{"type":"LineString","coordinates":[[-70.93498,-53.19397],[-70.93526,-53.19432]]}},{"type":"Feature","properties":{"nombre":"Ruta 9 Sur","jerarquia":3},"geometry":{"type":"LineString","coordinates":[[-70.93526,-53.19432],[-70.93552,-53.1947]]}},{"type":"Feature","properties":{"nombre":"Ruta 9 Sur","jerarquia":3},"geometry":{"type":"LineString","coordinates":[[-70.93552,-53.1947],[-70.93581,-53.19536],[-70.93589,-53.19574]]}},{"type":"Feature","properties":{"nombre":"Avenida Presidente Pedro Aguirre Cerda","jerarquia":4},"geometry":{"type":"LineString","coordinates":[[-70.94297,-53.1717],[-70.94311,-53.17165]]}},{"type":"Feature","properties":{"nombre":"Avenida José Martínez de Aldunate","jerarquia":5},"geometry":{"type":"LineString","coordinates":[[-70.94315,-53.1717],[-70.94435,-53.17294]]}},{"type":"Feature","properties":{"nombre":"Avenida José Martínez de Aldunate","jerarquia":5},"geometry":{"type":"LineString","coordinates":[[-70.94435,-53.17294],[-70.94552,-53.17408]]}},{"type":"Feature","properties":{"nombre":"Avenida José Martínez de Aldunate","jerarquia":5},"geometry":{"type":"LineString","coordinates":[[-70.94552,-53.17408],[-70.94637,-53.1749]]}},{"type":"Feature","properties":{"nombre":"Avenida José Martínez de Aldunate","jerarquia":5},"geometry":{"type":"LineString","coordinates":[[-70.94637,-53.1749],[-70.94672,-53.17522]]}},{"type":"Feature","properties":{"nombre":"Avenida José Martínez de Aldunate","jerarquia":5},"geometry":{"type":"LineString","coordinates":[[-70.94672,-53.17522],[-70.94712,-53.1756]]}},{"type":"Feature","properties":{"nombre":"Avenida José Martínez de Aldunate","jerarquia":5},"geometry":{"type":"LineString","coordinates":[[-70.94712,-53.1756],[-70.94781,-53.17628]]}},{"type":"Feature","properties":{"nombre":"Avenida José Martínez de Aldunate","jerarquia":5},"geometry":{"type":"LineString","coordinates":[[-70.95307,-53.18162],[-70.95202,-53.18051]]}},{"type":"Feature","properties":{"nombre":"Avenida José Martínez de Aldunate","jerarquia":5},"geometry":{"type":"LineString","coordinates":[[-70.95202,-53.18051],[-70.95132,-53.17978]]}},{"type":"Feature","properties":{"nombre":"Avenida José Martínez de Aldunate","jerarquia":5},"geometry":{"type":"LineString","coordinates":[[-70.95132,-53.17978],[-70.95068,-53.17916]]}},{"type":"Feature","properties":{"nombre":"Avenida José Martínez de Aldunate","jerarquia":5},"geometry":{"type":"LineString","coordinates":[[-70.95068,-53.17916],[-70.94878,-53.17731]]}},{"type":"Feature","properties":{"nombre":"Avenida José Martínez de Aldunate","jerarquia":5},"geometry":{"type":"LineString","coordinates":[[-70.94878,-53.17731],[-70.94772,-53.17632]]}},{"type":"Feature","properties":{"nombre":"Avenida Presidente Pedro Aguirre Cerda","jerarquia":4},"geometry":{"type":"LineString","coordinates":[[-70.94301,-53.17175],[-70.94287,-53.17182]]}},{"type":"Feature","properties":{"nombre":"","jerarquia":4},"geometry":{"type":"LineString","coordinates":[[-70.94324,-53.17198],[-70.94288,-53.17189],[-70.94266,-53.17191]]}},{"type":"Feature","properties":{"nombre":"Avenida José Martínez de Aldunate","jerarquia":4},"geometry":{"type":"LineString","coordinates":[[-70.94301,-53.17175],[-70.94297,-53.1717]]}},{"type":"Feature","properties":{"nombre":"Avenida José Martínez de Aldunate","jerarquia":5},"geometry":{"type":"LineString","coordinates":[[-70.94425,-53.173],[-70.94398,-53.17271]]}},{"type":"Feature","properties":{"nombre":"Avenida José Martínez de Aldunate","jerarquia":5},"geometry":{"type":"LineString","coordinates":[[-70.94398,-53.17271],[-70.94324,-53.17198]]}},{"type":"Feature","properties":{"nombre":"Avenida José Martínez de Aldunate","jerarquia":5},"geometry":{"type":"LineString","coordinates":[[-70.94324,-53.17198],[-70.94301,-53.17175]]}},{"type":"Feature","properties":{"nombre":"Presidente Jorge Alessandri","jerarquia":5},"geometry":{"type":"LineString","coordinates":[[-70.94772,-53.17632],[-70.94781,-53.17628]]}},{"type":"Feature","properties":{"nombre":"Avenida Ancud","jerarquia":5},"geometry":{"type":"LineString","coordinates":[[-70.95132,-53.17978],[-70.95142,-53.17974]]}},{"type":"Feature","properties":{"nombre":"Avenida Castro","jerarquia":5},"geometry":{"type":"LineString","coordinates":[[-70.95307,-53.18162],[-70.95257,-53.1818]]}},{"type":"Feature","properties":{"nombre":"Avenida Castro","jerarquia":5},"geometry":{"type":"LineString","coordinates":[[-70.95257,-53.1818],[-70.95209,-53.18197]]}},{"type":"Feature","properties":{"nombre":"Avenida Castro","jerarquia":5},"geometry":{"type":"LineString","coordinates":[[-70.95209,-53.18197],[-70.95156,-53.18216]]}},{"type":"Feature","properties":{"nombre":"Avenida Castro","jerarquia":5},"geometry":{"type":"LineString","coordinates":[[-70.95156,-53.18216],[-70.95144,-53.18221]]}},{"type":"Feature","properties":{"nombre":"Avenida Castro","jerarquia":5},"geometry":{"type":"LineString","coordinates":[[-70.95144,-53.18221],[-70.95048,-53.18255]]}},{"type":"Feature","properties":{"nombre":"Avenida Castro","jerarquia":5},"geometry":{"type":"LineString","coordinates":[[-70.95048,-53.18255],[-70.94949,-53.18291]]}},{"type":"Feature","properties":{"nombre":"Avenida Castro","jerarquia":5},"geometry":{"type":"LineString","coordinates":[[-70.94949,-53.18291],[-70.94721,-53.18372]]}},{"type":"Feature","properties":{"nombre":"","jerarquia":3},"geometry":{"type":"LineString","coordinates":[[-70.88796,-53.15869],[-70.88807,-53.15892],[-70.88822,-53.15906]]}},{"type":"Feature","properties":{"nombre":"Avenida 2 Sur","jerarquia":5},"geometry":{"type":"LineString","coordinates":[[-70.87688,-53.13303],[-70.87676,-53.13307],[-70.8752,-53.13411]]}},{"type":"Feature","properties":{"nombre":"Daniel Briceño","jerarquia":5},"geometry":{"type":"LineString","coordinates":[[-70.92704,-53.17041],[-70.92658,-53.17059]]}},{"type":"Feature","properties":{"nombre":"Daniel Briceño","jerarquia":5},"geometry":{"type":"LineString","coordinates":[[-70.92658,-53.17059],[-70.92509,-53.17118]]}},{"type":"Feature","properties":{"nombre":"Enrique Abello","jerarquia":5},"geometry":{"type":"LineString","coordinates":[[-70.88318,-53.14507],[-70.88285,-53.14521]]}},{"type":"Feature","properties":{"nombre":"Enrique Abello","jerarquia":5},"geometry":{"type":"LineString","coordinates":[[-70.88242,-53.14515],[-70.88255,-53.14501],[-70.88279,-53.14501]]}},{"type":"Feature","properties":{"nombre":"Enrique Abello","jerarquia":5},"geometry":{"type":"LineString","coordinates":[[-70.88279,-53.14501],[-70.88283,-53.14503]]}},{"type":"Feature","properties":{"nombre":"Enrique Abello","jerarquia":5},"geometry":{"type":"LineString","coordinates":[[-70.88283,-53.14503],[-70.88285,-53.14505]]}},{"type":"Feature","properties":{"nombre":"","jerarquia":3},"geometry":{"type":"LineString","coordinates":[[-70.88281,-53.14524],[-70.88276,-53.14554]]}},{"type":"Feature","properties":{"nombre":"Avenida Presidente Pedro Aguirre Cerda","jerarquia":4},"geometry":{"type":"LineString","coordinates":[[-70.94315,-53.1717],[-70.94301,-53.17175]]}},{"type":"Feature","properties":{"nombre":"Avenida Los Flamencos","jerarquia":5},"geometry":{"type":"LineString","coordinates":[[-70.89369,-53.12516],[-70.89363,-53.12519]]}},{"type":"Feature","properties":{"nombre":"Avenida Los Flamencos","jerarquia":5},"geometry":{"type":"LineString","coordinates":[[-70.89363,-53.12519],[-70.89271,-53.12569]]}},{"type":"Feature","properties":{"nombre":"Avenida Los Flamencos","jerarquia":5},"geometry":{"type":"LineString","coordinates":[[-70.89271,-53.12569],[-70.89117,-53.12652]]}},{"type":"Feature","properties":{"nombre":"Avenida Los Flamencos","jerarquia":5},"geometry":{"type":"LineString","coordinates":[[-70.89117,-53.12652],[-70.89058,-53.12683]]}},{"type":"Feature","properties":{"nombre":"Avenida Los Flamencos","jerarquia":5},"geometry":{"type":"LineString","coordinates":[[-70.89058,-53.12683],[-70.89044,-53.12691]]}},{"type":"Feature","properties":{"nombre":"Avenida Los Flamencos","jerarquia":5},"geometry":{"type":"LineString","coordinates":[[-70.89044,-53.12691],[-70.88809,-53.12817]]}},{"type":"Feature","properties":{"nombre":"Avenida Los Flamencos","jerarquia":5},"geometry":{"type":"LineString","coordinates":[[-70.88809,-53.12817],[-70.88758,-53.12844]]}},{"type":"Feature","properties":{"nombre":"Avenida Los Flamencos","jerarquia":5},"geometry":{"type":"LineString","coordinates":[[-70.88758,-53.12844],[-70.88751,-53.12848]]}},{"type":"Feature","properties":{"nombre":"Avenida Los Flamencos","jerarquia":5},"geometry":{"type":"LineString","coordinates":[[-70.88751,-53.12848],[-70.88746,-53.12851]]}},{"type":"Feature","properties":{"nombre":"Avenida Circunvalación General Ramón Cañas Montalva","jerarquia":5},"geometry":{"type":"LineString","coordinates":[[-70.94765,-53.16146],[-70.94733,-53.16105]]}},{"type":"Feature","properties":{"nombre":"Avenida Circunvalación General Ramón Cañas Montalva","jerarquia":5},"geometry":{"type":"LineString","coordinates":[[-70.94733,-53.16105],[-70.94703,-53.1606]]}},{"type":"Feature","properties":{"nombre":"Avenida Circunvalación General Ramón Cañas Montalva","jerarquia":5},"geometry":{"type":"LineString","coordinates":[[-70.94471,-53.15685],[-70.94535,-53.15782]]}},{"type":"Feature","properties":{"nombre":"Avenida Circunvalación General Ramón Cañas Montalva","jerarquia":5},"geometry":{"type":"LineString","coordinates":[[-70.94535,-53.15782],[-70.94625,-53.15922]]}},{"type":"Feature","properties":{"nombre":"Avenida Circunvalación General Ramón Cañas Montalva","jerarquia":5},"geometry":{"type":"LineString","coordinates":[[-70.94625,-53.15922],[-70.94636,-53.15939]]}},{"type":"Feature","properties":{"nombre":"Avenida Circunvalación General Ramón Cañas Montalva","jerarquia":5},"geometry":{"type":"LineString","coordinates":[[-70.94636,-53.15939],[-70.94649,-53.15959]]}},{"type":"Feature","properties":{"nombre":"Avenida Circunvalación General Ramón Cañas Montalva","jerarquia":5},"geometry":{"type":"LineString","coordinates":[[-70.94649,-53.15959],[-70.94672,-53.15993]]}},{"type":"Feature","properties":{"nombre":"Avenida Circunvalación General Ramón Cañas Montalva","jerarquia":5},"geometry":{"type":"LineString","coordinates":[[-70.94703,-53.1606],[-70.94674,-53.16015]]}},{"type":"Feature","properties":{"nombre":"Avenida Circunvalación General Ramón Cañas Montalva","jerarquia":5},"geometry":{"type":"LineString","coordinates":[[-70.94674,-53.16015],[-70.94646,-53.15973]]}},{"type":"Feature","properties":{"nombre":"Avenida Circunvalación General Ramón Cañas Montalva","jerarquia":5},"geometry":{"type":"LineString","coordinates":[[-70.94646,-53.15973],[-70.94625,-53.15941]]}},{"type":"Feature","properties":{"nombre":"Avenida Circunvalación General Ramón Cañas Montalva","jerarquia":5},"geometry":{"type":"LineString","coordinates":[[-70.94625,-53.15941],[-70.94594,-53.15894]]}},{"type":"Feature","properties":{"nombre":"Avenida Circunvalación General Ramón Cañas Montalva","jerarquia":5},"geometry":{"type":"LineString","coordinates":[[-70.94594,-53.15894],[-70.94564,-53.15847]]}},{"type":"Feature","properties":{"nombre":"Avenida Circunvalación General Ramón Cañas Montalva","jerarquia":5},"geometry":{"type":"LineString","coordinates":[[-70.94564,-53.15847],[-70.94521,-53.15782]]}},{"type":"Feature","properties":{"nombre":"Avenida Circunvalación General Ramón Cañas Montalva","jerarquia":5},"geometry":{"type":"LineString","coordinates":[[-70.94521,-53.15782],[-70.9446,-53.15689]]}},{"type":"Feature","properties":{"nombre":"Avenida Circunvalación General Ramón Cañas Montalva","jerarquia":5},"geometry":{"type":"LineString","coordinates":[[-70.9446,-53.15689],[-70.94459,-53.15686]]}},{"type":"Feature","properties":{"nombre":"Avenida Circunvalación General Ramón Cañas Montalva","jerarquia":5},"geometry":{"type":"LineString","coordinates":[[-70.94459,-53.15686],[-70.94445,-53.15658]]}},{"type":"Feature","properties":{"nombre":"Avenida Circunvalación General Ramón Cañas Montalva","jerarquia":5},"geometry":{"type":"LineString","coordinates":[[-70.94445,-53.15658],[-70.94444,-53.15651]]}},{"type":"Feature","properties":{"nombre":"Gaspar Marín","jerarquia":5},"geometry":{"type":"LineString","coordinates":[[-70.94703,-53.1606],[-70.94713,-53.16057]]}},{"type":"Feature","properties":{"nombre":"Avenida Circunvalación General Ramón Cañas Montalva","jerarquia":5},"geometry":{"type":"LineString","coordinates":[[-70.94713,-53.16057],[-70.9475,-53.16113]]}},{"type":"Feature","properties":{"nombre":"Avenida Circunvalación General Ramón Cañas Montalva","jerarquia":5},"geometry":{"type":"LineString","coordinates":[[-70.9475,-53.16113],[-70.94763,-53.16139]]}},{"type":"Feature","properties":{"nombre":"Avenida Circunvalación General Ramón Cañas Montalva","jerarquia":5},"geometry":{"type":"LineString","coordinates":[[-70.94763,-53.16139],[-70.94765,-53.16146]]}},{"type":"Feature","properties":{"nombre":"Avenida Circunvalación General Ramón Cañas Montalva","jerarquia":5},"geometry":{"type":"LineString","coordinates":[[-70.94672,-53.15993],[-70.94692,-53.16025]]}},{"type":"Feature","properties":{"nombre":"Avenida José Martínez de Aldunate","jerarquia":4},"geometry":{"type":"LineString","coordinates":[[-70.93319,-53.16072],[-70.93348,-53.16128]]}},{"type":"Feature","properties":{"nombre":"Avenida José Martínez de Aldunate","jerarquia":4},"geometry":{"type":"LineString","coordinates":[[-70.93348,-53.16128],[-70.9338,-53.16183]]}},{"type":"Feature","properties":{"nombre":"Avenida José Martínez de Aldunate","jerarquia":4},"geometry":{"type":"LineString","coordinates":[[-70.9338,-53.16183],[-70.93414,-53.16242]]}},{"type":"Feature","properties":{"nombre":"Avenida José Martínez de Aldunate","jerarquia":4},"geometry":{"type":"LineString","coordinates":[[-70.93463,-53.16295],[-70.93515,-53.16345]]}},{"type":"Feature","properties":{"nombre":"Avenida José Martínez de Aldunate","jerarquia":4},"geometry":{"type":"LineString","coordinates":[[-70.93515,-53.16345],[-70.93563,-53.16397]]}},{"type":"Feature","properties":{"nombre":"Avenida José Martínez de Aldunate","jerarquia":4},"geometry":{"type":"LineString","coordinates":[[-70.9355,-53.16402],[-70.93499,-53.1635]]}},{"type":"Feature","properties":{"nombre":"Avenida José Martínez de Aldunate","jerarquia":4},"geometry":{"type":"LineString","coordinates":[[-70.93499,-53.1635],[-70.93449,-53.16299]]}},{"type":"Feature","properties":{"nombre":"Avenida José Martínez de Aldunate","jerarquia":4},"geometry":{"type":"LineString","coordinates":[[-70.93449,-53.16299],[-70.93402,-53.16244]]}},{"type":"Feature","properties":{"nombre":"Gaspar Marín","jerarquia":5},"geometry":{"type":"LineString","coordinates":[[-70.9355,-53.16402],[-70.93361,-53.1647]]}},{"type":"Feature","properties":{"nombre":"Gaspar Marín","jerarquia":5},"geometry":{"type":"LineString","coordinates":[[-70.93361,-53.1647],[-70.93161,-53.1654]]}},{"type":"Feature","properties":{"nombre":"Gaspar Marín","jerarquia":5},"geometry":{"type":"LineString","coordinates":[[-70.93161,-53.1654],[-70.93007,-53.16596]]}},{"type":"Feature","properties":{"nombre":"Avenida José Martínez de Aldunate","jerarquia":4},"geometry":{"type":"LineString","coordinates":[[-70.93563,-53.16397],[-70.93615,-53.16451]]}},{"type":"Feature","properties":{"nombre":"Avenida José Martínez de Aldunate","jerarquia":4},"geometry":{"type":"LineString","coordinates":[[-70.93615,-53.16451],[-70.93666,-53.16506]]}},{"type":"Feature","properties":{"nombre":"Avenida José Martínez de Aldunate","jerarquia":4},"geometry":{"type":"LineString","coordinates":[[-70.93655,-53.1651],[-70.93602,-53.16454]]}},{"type":"Feature","properties":{"nombre":"Avenida José Martínez de Aldunate","jerarquia":4},"geometry":{"type":"LineString","coordinates":[[-70.93602,-53.16454],[-70.9355,-53.16402]]}},{"type":"Feature","properties":{"nombre":"Avenida José Martínez de Aldunate","jerarquia":4},"geometry":{"type":"LineString","coordinates":[[-70.93666,-53.16506],[-70.93718,-53.1656]]}},{"type":"Feature","properties":{"nombre":"Avenida José Martínez de Aldunate","jerarquia":4},"geometry":{"type":"LineString","coordinates":[[-70.93718,-53.1656],[-70.93773,-53.16612]]}},{"type":"Feature","properties":{"nombre":"Avenida José Martínez de Aldunate","jerarquia":4},"geometry":{"type":"LineString","coordinates":[[-70.93773,-53.16612],[-70.93828,-53.16662]]}},{"type":"Feature","properties":{"nombre":"Avenida José Martínez de Aldunate","jerarquia":4},"geometry":{"type":"LineString","coordinates":[[-70.93828,-53.16662],[-70.93875,-53.16713]]}},{"type":"Feature","properties":{"nombre":"Avenida José Martínez de Aldunate","jerarquia":4},"geometry":{"type":"LineString","coordinates":[[-70.93875,-53.16713],[-70.93927,-53.16768]]}},{"type":"Feature","properties":{"nombre":"Avenida José Martínez de Aldunate","jerarquia":4},"geometry":{"type":"LineString","coordinates":[[-70.93927,-53.16768],[-70.93985,-53.16827]]}},{"type":"Feature","properties":{"nombre":"Avenida José Martínez de Aldunate","jerarquia":4},"geometry":{"type":"LineString","coordinates":[[-70.94063,-53.16919],[-70.9402,-53.16877]]}},{"type":"Feature","properties":{"nombre":"Avenida José Martínez de Aldunate","jerarquia":4},"geometry":{"type":"LineString","coordinates":[[-70.9402,-53.16877],[-70.93974,-53.16831]]}},{"type":"Feature","properties":{"nombre":"Avenida José Martínez de Aldunate","jerarquia":4},"geometry":{"type":"LineString","coordinates":[[-70.94073,-53.16914],[-70.94111,-53.1695]]}},{"type":"Feature","properties":{"nombre":"Avenida Costanera del Estrecho","jerarquia":3},"geometry":{"type":"LineString","coordinates":[[-70.91451,-53.16917],[-70.91403,-53.16902],[-70.91328,-53.16865]]}},{"type":"Feature","properties":{"nombre":"Ramón Carnicer","jerarquia":5},"geometry":{"type":"LineString","coordinates":[[-70.94838,-53.16539],[-70.94874,-53.16531]]}},{"type":"Feature","properties":{"nombre":"Avenida José Martínez de Aldunate","jerarquia":5},"geometry":{"type":"LineString","coordinates":[[-70.94781,-53.17628],[-70.94865,-53.17705]]}},{"type":"Feature","properties":{"nombre":"Avenida José Martínez de Aldunate","jerarquia":5},"geometry":{"type":"LineString","coordinates":[[-70.94865,-53.17705],[-70.94882,-53.17721]]}},{"type":"Feature","properties":{"nombre":"Avenida José Martínez de Aldunate","jerarquia":5},"geometry":{"type":"LineString","coordinates":[[-70.94882,-53.17721],[-70.94912,-53.1775]]}},{"type":"Feature","properties":{"nombre":"Avenida José Martínez de Aldunate","jerarquia":5},"geometry":{"type":"LineString","coordinates":[[-70.94912,-53.1775],[-70.94928,-53.17765]]}},{"type":"Feature","properties":{"nombre":"Avenida José Martínez de Aldunate","jerarquia":5},"geometry":{"type":"LineString","coordinates":[[-70.94928,-53.17765],[-70.95079,-53.17912]]}},{"type":"Feature","properties":{"nombre":"Avenida José Martínez de Aldunate","jerarquia":5},"geometry":{"type":"LineString","coordinates":[[-70.95079,-53.17912],[-70.95142,-53.17974]]}},{"type":"Feature","properties":{"nombre":"Avenida José Martínez de Aldunate","jerarquia":5},"geometry":{"type":"LineString","coordinates":[[-70.95142,-53.17974],[-70.95213,-53.18048]]}},{"type":"Feature","properties":{"nombre":"Avenida José Martínez de Aldunate","jerarquia":5},"geometry":{"type":"LineString","coordinates":[[-70.95213,-53.18048],[-70.95321,-53.18157]]}},{"type":"Feature","properties":{"nombre":"Avenida José Martínez de Aldunate","jerarquia":5},"geometry":{"type":"LineString","coordinates":[[-70.94772,-53.17632],[-70.94735,-53.17597]]}},{"type":"Feature","properties":{"nombre":"Avenida José Martínez de Aldunate","jerarquia":5},"geometry":{"type":"LineString","coordinates":[[-70.94735,-53.17597],[-70.94702,-53.17564]]}},{"type":"Feature","properties":{"nombre":"Avenida José Martínez de Aldunate","jerarquia":5},"geometry":{"type":"LineString","coordinates":[[-70.94702,-53.17564],[-70.94627,-53.17495]]}},{"type":"Feature","properties":{"nombre":"Avenida José Martínez de Aldunate","jerarquia":5},"geometry":{"type":"LineString","coordinates":[[-70.94627,-53.17495],[-70.94541,-53.17412]]}},{"type":"Feature","properties":{"nombre":"Avenida José Martínez de Aldunate","jerarquia":5},"geometry":{"type":"LineString","coordinates":[[-70.94541,-53.17412],[-70.94484,-53.17356]]}},{"type":"Feature","properties":{"nombre":"Avenida José Martínez de Aldunate","jerarquia":5},"geometry":{"type":"LineString","coordinates":[[-70.94484,-53.17356],[-70.94456,-53.1733]]}},{"type":"Feature","properties":{"nombre":"Avenida José Martínez de Aldunate","jerarquia":5},"geometry":{"type":"LineString","coordinates":[[-70.94456,-53.1733],[-70.94425,-53.173]]}},{"type":"Feature","properties":{"nombre":"Chiloé","jerarquia":5},"geometry":{"type":"LineString","coordinates":[[-70.91368,-53.16498],[-70.91398,-53.16525]]}},{"type":"Feature","properties":{"nombre":"","jerarquia":3},"geometry":{"type":"LineString","coordinates":[[-70.9024,-53.16489],[-70.90178,-53.16466],[-70.90168,-53.16461],[-70.90168,-53.16456]]}},{"type":"Feature","properties":{"nombre":"Avenida Cristóbal Colón","jerarquia":5},"geometry":{"type":"LineString","coordinates":[[-70.91127,-53.15787],[-70.91279,-53.1573]]}},{"type":"Feature","properties":{"nombre":"Avenida Cristóbal Colón","jerarquia":5},"geometry":{"type":"LineString","coordinates":[[-70.91279,-53.1573],[-70.91433,-53.15673]]}},{"type":"Feature","properties":{"nombre":"Avenida Cristóbal Colón","jerarquia":5},"geometry":{"type":"LineString","coordinates":[[-70.91433,-53.15673],[-70.91588,-53.15614]]}},{"type":"Feature","properties":{"nombre":"Avenida Cristóbal Colón","jerarquia":5},"geometry":{"type":"LineString","coordinates":[[-70.91588,-53.15614],[-70.91723,-53.1556]]}},{"type":"Feature","properties":{"nombre":"Avenida Cristóbal Colón","jerarquia":5},"geometry":{"type":"LineString","coordinates":[[-70.91748,-53.15585],[-70.916,-53.1564]]}},{"type":"Feature","properties":{"nombre":"Avenida Cristóbal Colón","jerarquia":5},"geometry":{"type":"LineString","coordinates":[[-70.916,-53.1564],[-70.91452,-53.15698]]}},{"type":"Feature","properties":{"nombre":"Avenida Cristóbal Colón","jerarquia":5},"geometry":{"type":"LineString","coordinates":[[-70.91452,-53.15698],[-70.91303,-53.15754]]}},{"type":"Feature","properties":{"nombre":"Avenida Cristóbal Colón","jerarquia":5},"geometry":{"type":"LineString","coordinates":[[-70.91303,-53.15754],[-70.91151,-53.15812]]}},{"type":"Feature","properties":{"nombre":"Doñigue","jerarquia":5},"geometry":{"type":"LineString","coordinates":[[-70.93943,-53.11412],[-70.93689,-53.11268]]}},{"type":"Feature","properties":{"nombre":"Cirujano Videla","jerarquia":5},"geometry":{"type":"LineString","coordinates":[[-70.92381,-53.14847],[-70.92353,-53.14807]]}},{"type":"Feature","properties":{"nombre":"Cirujano Videla","jerarquia":5},"geometry":{"type":"LineString","coordinates":[[-70.92353,-53.14807],[-70.92273,-53.14753]]}},{"type":"Feature","properties":{"nombre":"Cirujano Videla","jerarquia":5},"geometry":{"type":"LineString","coordinates":[[-70.92273,-53.14753],[-70.92217,-53.14718]]}},{"type":"Feature","properties":{"nombre":"Cirujano Videla","jerarquia":5},"geometry":{"type":"LineString","coordinates":[[-70.92217,-53.14718],[-70.92113,-53.14651]]}},{"type":"Feature","properties":{"nombre":"Cirujano Videla","jerarquia":5},"geometry":{"type":"LineString","coordinates":[[-70.92113,-53.14651],[-70.92073,-53.14619]]}},{"type":"Feature","properties":{"nombre":"Avenida Circunvalación General Ramón Cañas Montalva","jerarquia":5},"geometry":{"type":"LineString","coordinates":[[-70.94874,-53.16531],[-70.94857,-53.16481]]}},{"type":"Feature","properties":{"nombre":"Avenida Circunvalación General Ramón Cañas Montalva","jerarquia":5},"geometry":{"type":"LineString","coordinates":[[-70.94857,-53.16481],[-70.94839,-53.16428]]}},{"type":"Feature","properties":{"nombre":"Avenida Circunvalación General Ramón Cañas Montalva","jerarquia":5},"geometry":{"type":"LineString","coordinates":[[-70.94839,-53.16428],[-70.94817,-53.16355]]}},{"type":"Feature","properties":{"nombre":"Avenida Circunvalación General Ramón Cañas Montalva","jerarquia":5},"geometry":{"type":"LineString","coordinates":[[-70.94817,-53.16355],[-70.94811,-53.16326]]}},{"type":"Feature","properties":{"nombre":"Avenida Circunvalación General Ramón Cañas Montalva","jerarquia":5},"geometry":{"type":"LineString","coordinates":[[-70.94811,-53.16326],[-70.94776,-53.1621],[-70.94774,-53.1619]]}},{"type":"Feature","properties":{"nombre":"Avenida Circunvalación General Ramón Cañas Montalva","jerarquia":5},"geometry":{"type":"LineString","coordinates":[[-70.94774,-53.1619],[-70.94766,-53.16149]]}},{"type":"Feature","properties":{"nombre":"Avenida Circunvalación General Ramón Cañas Montalva","jerarquia":5},"geometry":{"type":"LineString","coordinates":[[-70.94766,-53.16149],[-70.94765,-53.16146]]}},{"type":"Feature","properties":{"nombre":"Arturo Prat Chacón","jerarquia":5},"geometry":{"type":"LineString","coordinates":[[-70.94303,-53.17816],[-70.94237,-53.17756]]}},{"type":"Feature","properties":{"nombre":"Arturo Prat Chacón","jerarquia":5},"geometry":{"type":"LineString","coordinates":[[-70.94237,-53.17756],[-70.94129,-53.17658]]}},{"type":"Feature","properties":{"nombre":"Arturo Prat Chacón","jerarquia":5},"geometry":{"type":"LineString","coordinates":[[-70.94129,-53.17658],[-70.94093,-53.17624]]}},{"type":"Feature","properties":{"nombre":"Arturo Prat Chacón","jerarquia":5},"geometry":{"type":"LineString","coordinates":[[-70.94093,-53.17624],[-70.94059,-53.17593]]}},{"type":"Feature","properties":{"nombre":"Arturo Prat Chacón","jerarquia":5},"geometry":{"type":"LineString","coordinates":[[-70.94059,-53.17593],[-70.94034,-53.17571]]}},{"type":"Feature","properties":{"nombre":"Arturo Prat Chacón","jerarquia":5},"geometry":{"type":"LineString","coordinates":[[-70.94034,-53.17571],[-70.94026,-53.17564]]}},{"type":"Feature","properties":{"nombre":"Arturo Prat Chacón","jerarquia":5},"geometry":{"type":"LineString","coordinates":[[-70.94026,-53.17564],[-70.93945,-53.17488]]}},{"type":"Feature","properties":{"nombre":"Arturo Prat Chacón","jerarquia":5},"geometry":{"type":"LineString","coordinates":[[-70.93945,-53.17488],[-70.93849,-53.17398]]}},{"type":"Feature","properties":{"nombre":"Arturo Prat Chacón","jerarquia":5},"geometry":{"type":"LineString","coordinates":[[-70.93849,-53.17398],[-70.93819,-53.17372]]}},{"type":"Feature","properties":{"nombre":"Avenida Presidente Jorge Alessandri Rodríguez","jerarquia":5},"geometry":{"type":"LineString","coordinates":[[-70.94303,-53.17816],[-70.94357,-53.17794]]}},{"type":"Feature","properties":{"nombre":"Avenida Presidente Jorge Alessandri Rodríguez","jerarquia":5},"geometry":{"type":"LineString","coordinates":[[-70.94357,-53.17794],[-70.94492,-53.17741]]}},{"type":"Feature","properties":{"nombre":"Avenida Guillermo Pérez de Arce","jerarquia":5},"geometry":{"type":"LineString","coordinates":[[-70.92746,-53.16531],[-70.92886,-53.16476]]}},{"type":"Feature","properties":{"nombre":"Arturo Prat Chacón","jerarquia":5},"geometry":{"type":"LineString","coordinates":[[-70.93007,-53.16596],[-70.92894,-53.16485]]}},{"type":"Feature","properties":{"nombre":"Arturo Prat Chacón","jerarquia":5},"geometry":{"type":"LineString","coordinates":[[-70.92894,-53.16485],[-70.92886,-53.16476]]}},{"type":"Feature","properties":{"nombre":"","jerarquia":3},"geometry":{"type":"LineString","coordinates":[[-70.88769,-53.15769],[-70.88784,-53.15777],[-70.88811,-53.15778]]}},{"type":"Feature","properties":{"nombre":"","jerarquia":3},"geometry":{"type":"LineString","coordinates":[[-70.88806,-53.15808],[-70.88801,-53.15828]]}},{"type":"Feature","properties":{"nombre":"","jerarquia":3},"geometry":{"type":"LineString","coordinates":[[-70.88801,-53.15828],[-70.88791,-53.15836]]}},{"type":"Feature","properties":{"nombre":"","jerarquia":3},"geometry":{"type":"LineString","coordinates":[[-70.88831,-53.15829],[-70.88801,-53.15828]]}},{"type":"Feature","properties":{"nombre":"Avenida Presidente Manuel Bulnes","jerarquia":3},"geometry":{"type":"LineString","coordinates":[[-70.90022,-53.15445],[-70.89952,-53.15363]]}},{"type":"Feature","properties":{"nombre":"Avenida Presidente Manuel Bulnes","jerarquia":3},"geometry":{"type":"LineString","coordinates":[[-70.89952,-53.15363],[-70.89861,-53.15257]]}},{"type":"Feature","properties":{"nombre":"Angamos","jerarquia":5},"geometry":{"type":"LineString","coordinates":[[-70.90079,-53.15424],[-70.90205,-53.15382]]}},{"type":"Feature","properties":{"nombre":"Angamos","jerarquia":5},"geometry":{"type":"LineString","coordinates":[[-70.90205,-53.15382],[-70.90285,-53.15353]]}},{"type":"Feature","properties":{"nombre":"Angamos","jerarquia":5},"geometry":{"type":"LineString","coordinates":[[-70.90285,-53.15353],[-70.90365,-53.15325]]}},{"type":"Feature","properties":{"nombre":"Angamos","jerarquia":5},"geometry":{"type":"LineString","coordinates":[[-70.90365,-53.15325],[-70.90517,-53.15277]]}},{"type":"Feature","properties":{"nombre":"Angamos","jerarquia":5},"geometry":{"type":"LineString","coordinates":[[-70.90517,-53.15277],[-70.90571,-53.15257]]}},{"type":"Feature","properties":{"nombre":"Avenida Los Flamencos","jerarquia":5},"geometry":{"type":"LineString","coordinates":[[-70.88713,-53.12869],[-70.8802,-53.13241]]}},{"type":"Feature","properties":{"nombre":"Avenida Los Flamencos","jerarquia":5},"geometry":{"type":"LineString","coordinates":[[-70.8802,-53.13241],[-70.87985,-53.13278]]}},{"type":"Feature","properties":{"nombre":"Avenida Los Flamencos","jerarquia":5},"geometry":{"type":"LineString","coordinates":[[-70.88746,-53.12851],[-70.88713,-53.12869]]}},{"type":"Feature","properties":{"nombre":"Avenida España","jerarquia":4},"geometry":{"type":"LineString","coordinates":[[-70.93081,-53.17652],[-70.93092,-53.17662]]}},{"type":"Feature","properties":{"nombre":"","jerarquia":4},"geometry":{"type":"LineString","coordinates":[[-70.89864,-53.14362],[-70.89894,-53.14375],[-70.89928,-53.14381]]}},{"type":"Feature","properties":{"nombre":"","jerarquia":3},"geometry":{"type":"LineString","coordinates":[[-70.86271,-53.13257],[-70.86291,-53.13262]]}},{"type":"Feature","properties":{"nombre":"Avenida Manantiales","jerarquia":4},"geometry":{"type":"LineString","coordinates":[[-70.89699,-53.13943],[-70.89801,-53.13878],[-70.89878,-53.13857],[-70.8991,-53.13843],[-70.89956,-53.13791],[-70.90011,-53.13756]]}},{"type":"Feature","properties":{"nombre":"Avenida Manantiales","jerarquia":4},"geometry":{"type":"LineString","coordinates":[[-70.90011,-53.13756],[-70.902,-53.13643],[-70.90287,-53.13584],[-70.90356,-53.13543]]}},{"type":"Feature","properties":{"nombre":"Avenida Manantiales","jerarquia":4},"geometry":{"type":"LineString","coordinates":[[-70.90356,-53.13543],[-70.90404,-53.13515]]}},{"type":"Feature","properties":{"nombre":"Avenida Manantiales","jerarquia":4},"geometry":{"type":"LineString","coordinates":[[-70.90404,-53.13515],[-70.90605,-53.13395]]}},{"type":"Feature","properties":{"nombre":"Avenida Manantiales","jerarquia":4},"geometry":{"type":"LineString","coordinates":[[-70.90605,-53.13395],[-70.90681,-53.13349]]}},{"type":"Feature","properties":{"nombre":"Avenida Manantiales","jerarquia":4},"geometry":{"type":"LineString","coordinates":[[-70.90681,-53.13349],[-70.90839,-53.13259]]}},{"type":"Feature","properties":{"nombre":"Manantiales","jerarquia":4},"geometry":{"type":"LineString","coordinates":[[-70.89699,-53.13943],[-70.89649,-53.13973]]}},{"type":"Feature","properties":{"nombre":"Manantiales","jerarquia":4},"geometry":{"type":"LineString","coordinates":[[-70.89649,-53.13973],[-70.89599,-53.14003]]}},{"type":"Feature","properties":{"nombre":"Manantiales","jerarquia":4},"geometry":{"type":"LineString","coordinates":[[-70.89599,-53.14003],[-70.89546,-53.14034]]}},{"type":"Feature","properties":{"nombre":"Manantiales","jerarquia":4},"geometry":{"type":"LineString","coordinates":[[-70.89546,-53.14034],[-70.89468,-53.1408]]}},{"type":"Feature","properties":{"nombre":"Manantiales","jerarquia":4},"geometry":{"type":"LineString","coordinates":[[-70.89468,-53.1408],[-70.89433,-53.14102]]}},{"type":"Feature","properties":{"nombre":"Manantiales","jerarquia":4},"geometry":{"type":"LineString","coordinates":[[-70.89433,-53.14102],[-70.89369,-53.14139]]}},{"type":"Feature","properties":{"nombre":"Manantiales","jerarquia":4},"geometry":{"type":"LineString","coordinates":[[-70.89369,-53.14139],[-70.8934,-53.14157]]}},{"type":"Feature","properties":{"nombre":"Manantiales","jerarquia":4},"geometry":{"type":"LineString","coordinates":[[-70.8934,-53.14157],[-70.89257,-53.14206]]}},{"type":"Feature","properties":{"nombre":"Manantiales","jerarquia":4},"geometry":{"type":"LineString","coordinates":[[-70.89257,-53.14206],[-70.89206,-53.14236]]}},{"type":"Feature","properties":{"nombre":"Manantiales","jerarquia":4},"geometry":{"type":"LineString","coordinates":[[-70.89206,-53.14236],[-70.89154,-53.14268]]}},{"type":"Feature","properties":{"nombre":"Manantiales","jerarquia":4},"geometry":{"type":"LineString","coordinates":[[-70.89154,-53.14268],[-70.89116,-53.1429]]}},{"type":"Feature","properties":{"nombre":"Manantiales","jerarquia":4},"geometry":{"type":"LineString","coordinates":[[-70.89116,-53.1429],[-70.89109,-53.14294]]}},{"type":"Feature","properties":{"nombre":"","jerarquia":4},"geometry":{"type":"LineString","coordinates":[[-70.89342,-53.12233],[-70.89314,-53.12212],[-70.89314,-53.12204]]}},{"type":"Feature","properties":{"nombre":"Avenida Presidente Carlos Ibáñez del Campo","jerarquia":2},"geometry":{"type":"LineString","coordinates":[[-70.87789,-53.11571],[-70.87898,-53.11476]]}},{"type":"Feature","properties":{"nombre":"Avenida Presidente Carlos Ibáñez del Campo","jerarquia":2},"geometry":{"type":"LineString","coordinates":[[-70.87779,-53.11579],[-70.87789,-53.11571]]}},{"type":"Feature","properties":{"nombre":"Avenida Costanera del Estrecho","jerarquia":3},"geometry":{"type":"LineString","coordinates":[[-70.88265,-53.14543],[-70.88276,-53.14554]]}},{"type":"Feature","properties":{"nombre":"Avenida Costanera del Estrecho","jerarquia":3},"geometry":{"type":"LineString","coordinates":[[-70.88276,-53.14554],[-70.88378,-53.14687]]}},{"type":"Feature","properties":{"nombre":"Avenida Costanera del Estrecho","jerarquia":3},"geometry":{"type":"LineString","coordinates":[[-70.88378,-53.14687],[-70.884,-53.14715]]}},{"type":"Feature","properties":{"nombre":"Enrique Abello","jerarquia":5},"geometry":{"type":"LineString","coordinates":[[-70.88285,-53.14505],[-70.88289,-53.14511],[-70.88285,-53.14521]]}},{"type":"Feature","properties":{"nombre":"Enrique Abello","jerarquia":5},"geometry":{"type":"LineString","coordinates":[[-70.88285,-53.14521],[-70.88281,-53.14524]]}},{"type":"Feature","properties":{"nombre":"Enrique Abello","jerarquia":5},"geometry":{"type":"LineString","coordinates":[[-70.88281,-53.14524],[-70.88251,-53.14525]]}},{"type":"Feature","properties":{"nombre":"Avenida Costanera del Estrecho","jerarquia":3},"geometry":{"type":"LineString","coordinates":[[-70.88481,-53.14852],[-70.88484,-53.14862]]}},{"type":"Feature","properties":{"nombre":"Avenida Costanera del Estrecho","jerarquia":3},"geometry":{"type":"LineString","coordinates":[[-70.88484,-53.14862],[-70.88553,-53.15112],[-70.88547,-53.15244],[-70.88552,-53.15282]]}},{"type":"Feature","properties":{"nombre":"Manantiales","jerarquia":4},"geometry":{"type":"LineString","coordinates":[[-70.884,-53.14715],[-70.88426,-53.14702]]}},{"type":"Feature","properties":{"nombre":"","jerarquia":3},"geometry":{"type":"LineString","coordinates":[[-70.91277,-53.16818],[-70.91277,-53.16823],[-70.91261,-53.16831]]}},{"type":"Feature","properties":{"nombre":"","jerarquia":3},"geometry":{"type":"LineString","coordinates":[[-70.87792,-53.14262],[-70.87791,-53.14253],[-70.87795,-53.14248],[-70.87818,-53.14243]]}},{"type":"Feature","properties":{"nombre":"Avenida Costanera del Estrecho","jerarquia":3},"geometry":{"type":"LineString","coordinates":[[-70.86481,-53.13006],[-70.86508,-53.13007],[-70.86518,-53.13013],[-70.86519,-53.1302]]}},{"type":"Feature","properties":{"nombre":"Avenida Costanera del Estrecho","jerarquia":3},"geometry":{"type":"LineString","coordinates":[[-70.86468,-53.13022],[-70.86481,-53.13006]]}},{"type":"Feature","properties":{"nombre":"Avenida Costanera del Estrecho","jerarquia":3},"geometry":{"type":"LineString","coordinates":[[-70.86519,-53.1302],[-70.86517,-53.13024]]}},{"type":"Feature","properties":{"nombre":"Avenida Costanera del Estrecho","jerarquia":3},"geometry":{"type":"LineString","coordinates":[[-70.86517,-53.13024],[-70.86507,-53.13033]]}},{"type":"Feature","properties":{"nombre":"Avenida Costanera del Estrecho","jerarquia":3},"geometry":{"type":"LineString","coordinates":[[-70.86507,-53.13033],[-70.86505,-53.13035]]}},{"type":"Feature","properties":{"nombre":"Presidente Jorge Montt","jerarquia":4},"geometry":{"type":"LineString","coordinates":[[-70.88426,-53.14702],[-70.8842,-53.14723],[-70.8844,-53.14746]]}},{"type":"Feature","properties":{"nombre":"Presidente Jorge Montt","jerarquia":4},"geometry":{"type":"LineString","coordinates":[[-70.8844,-53.14746],[-70.88533,-53.14825]]}},{"type":"Feature","properties":{"nombre":"","jerarquia":2},"geometry":{"type":"LineString","coordinates":[[-70.86938,-53.12273],[-70.86965,-53.12272],[-70.86989,-53.12278],[-70.87,-53.12287],[-70.87005,-53.12303]]}},{"type":"Feature","properties":{"nombre":"Avenida Costanera del Estrecho","jerarquia":3},"geometry":{"type":"LineString","coordinates":[[-70.86972,-53.12477],[-70.86942,-53.12509]]}},{"type":"Feature","properties":{"nombre":"Avenida Costanera del Estrecho","jerarquia":3},"geometry":{"type":"LineString","coordinates":[[-70.86942,-53.12509],[-70.86676,-53.12829]]}},{"type":"Feature","properties":{"nombre":"Rotonda Presidente Bulnes/Avenida España","jerarquia":4},"geometry":{"type":"LineString","coordinates":[[-70.88426,-53.13512],[-70.8839,-53.13516],[-70.88359,-53.1351]]}},{"type":"Feature","properties":{"nombre":"Dos Sur","jerarquia":5},"geometry":{"type":"LineString","coordinates":[[-70.86846,-53.13853],[-70.86863,-53.13841]]}},{"type":"Feature","properties":{"nombre":"Rotonda Presidente Bulnes/Avenida España","jerarquia":4},"geometry":{"type":"LineString","coordinates":[[-70.88355,-53.13456],[-70.88403,-53.13443]]}},{"type":"Feature","properties":{"nombre":"Rotonda Presidente Bulnes/Avenida España","jerarquia":4},"geometry":{"type":"LineString","coordinates":[[-70.88403,-53.13443],[-70.88413,-53.13442]]}},{"type":"Feature","properties":{"nombre":"","jerarquia":4},"geometry":{"type":"LineString","coordinates":[[-70.89589,-53.1237],[-70.89554,-53.12344],[-70.89552,-53.12339],[-70.89557,-53.12336]]}},{"type":"Feature","properties":{"nombre":"Avenida Presidente Eduardo Frei Montalva","jerarquia":4},"geometry":{"type":"LineString","coordinates":[[-70.9069,-53.13055],[-70.9072,-53.13076]]}},{"type":"Feature","properties":{"nombre":"Avenida Presidente Eduardo Frei Montalva","jerarquia":4},"geometry":{"type":"LineString","coordinates":[[-70.90547,-53.12957],[-70.9058,-53.12979]]}},{"type":"Feature","properties":{"nombre":"","jerarquia":3},"geometry":{"type":"LineString","coordinates":[[-70.88926,-53.16095],[-70.88924,-53.16109]]}},{"type":"Feature","properties":{"nombre":"Avenida Costanera del Estrecho","jerarquia":3},"geometry":{"type":"LineString","coordinates":[[-70.88533,-53.15204],[-70.88539,-53.15137],[-70.88534,-53.15097],[-70.88482,-53.1491],[-70.88457,-53.14844]]}},{"type":"Feature","properties":{"nombre":"Avenida Costanera del Estrecho","jerarquia":3},"geometry":{"type":"LineString","coordinates":[[-70.88457,-53.14844],[-70.88398,-53.14742]]}},{"type":"Feature","properties":{"nombre":"Avenida Costanera del Estrecho","jerarquia":3},"geometry":{"type":"LineString","coordinates":[[-70.88398,-53.14742],[-70.88234,-53.14523]]}},{"type":"Feature","properties":{"nombre":"Avenida Costanera del Estrecho","jerarquia":3},"geometry":{"type":"LineString","coordinates":[[-70.88234,-53.14523],[-70.88194,-53.14485],[-70.88157,-53.1446],[-70.87853,-53.14291],[-70.87801,-53.14266]]}},{"type":"Feature","properties":{"nombre":"Avenida Costanera del Estrecho","jerarquia":3},"geometry":{"type":"LineString","coordinates":[[-70.87801,-53.14266],[-70.87792,-53.14262]]}},{"type":"Feature","properties":{"nombre":"Avenida Costanera del Estrecho","jerarquia":3},"geometry":{"type":"LineString","coordinates":[[-70.87792,-53.14262],[-70.87571,-53.14166]]}},{"type":"Feature","properties":{"nombre":"Avenida Costanera del Estrecho","jerarquia":3},"geometry":{"type":"LineString","coordinates":[[-70.87571,-53.14166],[-70.87079,-53.1397]]}},{"type":"Feature","properties":{"nombre":"Avenida Costanera del Estrecho","jerarquia":3},"geometry":{"type":"LineString","coordinates":[[-70.87079,-53.1397],[-70.87066,-53.13965]]}},{"type":"Feature","properties":{"nombre":"Avenida Costanera del Estrecho","jerarquia":3},"geometry":{"type":"LineString","coordinates":[[-70.87066,-53.13965],[-70.86952,-53.13918],[-70.86846,-53.13868]]}},{"type":"Feature","properties":{"nombre":"Avenida Costanera del Estrecho","jerarquia":3},"geometry":{"type":"LineString","coordinates":[[-70.86846,-53.13868],[-70.86301,-53.13606],[-70.86256,-53.13577],[-70.86219,-53.13544],[-70.86191,-53.13507],[-70.86179,-53.1348],[-70.86173,-53.13452],[-70.86173,-53.13411],[-70.8618,-53.13384],[-70.86199,-53.13347],[-70.86271,-53.13257]]}},{"type":"Feature","properties":{"nombre":"Avenida Costanera del Estrecho","jerarquia":3},"geometry":{"type":"LineString","coordinates":[[-70.86271,-53.13257],[-70.86339,-53.13183],[-70.86468,-53.13022]]}},{"type":"Feature","properties":{"nombre":"Avenida Costanera del Estrecho","jerarquia":3},"geometry":{"type":"LineString","coordinates":[[-70.88865,-53.16029],[-70.88926,-53.16095]]}},{"type":"Feature","properties":{"nombre":"Avenida Costanera del Estrecho","jerarquia":3},"geometry":{"type":"LineString","coordinates":[[-70.88926,-53.16095],[-70.88949,-53.16118]]}},{"type":"Feature","properties":{"nombre":"","jerarquia":3},"geometry":{"type":"LineString","coordinates":[[-70.88856,-53.16019],[-70.88832,-53.16009]]}},{"type":"Feature","properties":{"nombre":"","jerarquia":3},"geometry":{"type":"LineString","coordinates":[[-70.88952,-53.1614],[-70.88949,-53.16118]]}},{"type":"Feature","properties":{"nombre":"","jerarquia":3},"geometry":{"type":"LineString","coordinates":[[-70.88843,-53.15924],[-70.88832,-53.15919],[-70.88815,-53.1592],[-70.88808,-53.15929],[-70.8881,-53.15945]]}},{"type":"Feature","properties":{"nombre":"Presidente Pedro Montt","jerarquia":5},"geometry":{"type":"LineString","coordinates":[[-70.9013,-53.16444],[-70.90173,-53.16443]]}},{"type":"Feature","properties":{"nombre":"","jerarquia":3},"geometry":{"type":"LineString","coordinates":[[-70.90498,-53.16523],[-70.90467,-53.16525]]}},{"type":"Feature","properties":{"nombre":"","jerarquia":3},"geometry":{"type":"LineString","coordinates":[[-70.91326,-53.1686],[-70.91328,-53.16851],[-70.91335,-53.1685]]}},{"type":"Feature","properties":{"nombre":"","jerarquia":3},"geometry":{"type":"LineString","coordinates":[[-70.91335,-53.1685],[-70.91344,-53.16851]]}},{"type":"Feature","properties":{"nombre":"Daniel Briceño","jerarquia":5},"geometry":{"type":"LineString","coordinates":[[-70.91928,-53.17338],[-70.91914,-53.17347]]}},{"type":"Feature","properties":{"nombre":"Daniel Briceño","jerarquia":5},"geometry":{"type":"LineString","coordinates":[[-70.91913,-53.17332],[-70.91928,-53.17338]]}},{"type":"Feature","properties":{"nombre":"Avenida Costanera del Estrecho","jerarquia":3},"geometry":{"type":"LineString","coordinates":[[-70.8863,-53.15475],[-70.88639,-53.15495]]}},{"type":"Feature","properties":{"nombre":"Avenida Costanera del Estrecho","jerarquia":3},"geometry":{"type":"LineString","coordinates":[[-70.88639,-53.15495],[-70.88684,-53.15567]]}},{"type":"Feature","properties":{"nombre":"Avenida Costanera del Estrecho","jerarquia":3},"geometry":{"type":"LineString","coordinates":[[-70.88684,-53.15567],[-70.88699,-53.15599]]}},{"type":"Feature","properties":{"nombre":"Club Hípico","jerarquia":5},"geometry":{"type":"LineString","coordinates":[[-70.88578,-53.153],[-70.88562,-53.15311]]}},{"type":"Feature","properties":{"nombre":"Club Hípico","jerarquia":5},"geometry":{"type":"LineString","coordinates":[[-70.88557,-53.15299],[-70.88533,-53.15279]]}},{"type":"Feature","properties":{"nombre":"Avenida Costanera del Estrecho","jerarquia":3},"geometry":{"type":"LineString","coordinates":[[-70.89288,-53.16347],[-70.89337,-53.16347]]}},{"type":"Feature","properties":{"nombre":"Avenida Costanera del Estrecho","jerarquia":3},"geometry":{"type":"LineString","coordinates":[[-70.89337,-53.16347],[-70.89449,-53.16345]]}},{"type":"Feature","properties":{"nombre":"Avenida Costanera del Estrecho","jerarquia":3},"geometry":{"type":"LineString","coordinates":[[-70.89449,-53.16345],[-70.89672,-53.16343]]}},{"type":"Feature","properties":{"nombre":"Avenida Costanera del Estrecho","jerarquia":3},"geometry":{"type":"LineString","coordinates":[[-70.89672,-53.16343],[-70.89736,-53.16349],[-70.89787,-53.16359]]}},{"type":"Feature","properties":{"nombre":"Avenida Costanera del Estrecho","jerarquia":3},"geometry":{"type":"LineString","coordinates":[[-70.89787,-53.16359],[-70.89945,-53.16404]]}},{"type":"Feature","properties":{"nombre":"","jerarquia":3},"geometry":{"type":"LineString","coordinates":[[-70.89945,-53.16404],[-70.89893,-53.16401]]}},{"type":"Feature","properties":{"nombre":"Avenida Costanera del Estrecho","jerarquia":3},"geometry":{"type":"LineString","coordinates":[[-70.90168,-53.16456],[-70.9023,-53.16478]]}},{"type":"Feature","properties":{"nombre":"Avenida Costanera del Estrecho","jerarquia":3},"geometry":{"type":"LineString","coordinates":[[-70.9023,-53.16478],[-70.90301,-53.16496],[-70.90396,-53.16507]]}},{"type":"Feature","properties":{"nombre":"Avenida Costanera del Estrecho","jerarquia":3},"geometry":{"type":"LineString","coordinates":[[-70.90396,-53.16507],[-70.90498,-53.16523]]}},{"type":"Feature","properties":{"nombre":"Presidente Pedro Montt","jerarquia":5},"geometry":{"type":"LineString","coordinates":[[-70.90173,-53.16443],[-70.90228,-53.16421]]}},{"type":"Feature","properties":{"nombre":"Avenida Costanera del Estrecho","jerarquia":3},"geometry":{"type":"LineString","coordinates":[[-70.91319,-53.16839],[-70.91344,-53.16851]]}},{"type":"Feature","properties":{"nombre":"Avenida Costanera del Estrecho","jerarquia":3},"geometry":{"type":"LineString","coordinates":[[-70.91344,-53.16851],[-70.91411,-53.16883],[-70.91471,-53.16904]]}},{"type":"Feature","properties":{"nombre":"Paraguaya","jerarquia":3},"geometry":{"type":"LineString","coordinates":[[-70.91319,-53.16839],[-70.91324,-53.16815],[-70.91329,-53.16807]]}},{"type":"Feature","properties":{"nombre":"21 de Mayo","jerarquia":3},"geometry":{"type":"LineString","coordinates":[[-70.91593,-53.1697],[-70.91716,-53.17048]]}},{"type":"Feature","properties":{"nombre":"21 de Mayo","jerarquia":3},"geometry":{"type":"LineString","coordinates":[[-70.91716,-53.17048],[-70.91829,-53.17125]]}},{"type":"Feature","properties":{"nombre":"21 de Mayo","jerarquia":3},"geometry":{"type":"LineString","coordinates":[[-70.91829,-53.17125],[-70.91875,-53.17166],[-70.91891,-53.17189],[-70.91902,-53.17221]]}},{"type":"Feature","properties":{"nombre":"21 de Mayo","jerarquia":3},"geometry":{"type":"LineString","coordinates":[[-70.91902,-53.17221],[-70.91913,-53.17332]]}},{"type":"Feature","properties":{"nombre":"21 de Mayo","jerarquia":3},"geometry":{"type":"LineString","coordinates":[[-70.91913,-53.17332],[-70.91914,-53.17347]]}},{"type":"Feature","properties":{"nombre":"21 de Mayo","jerarquia":3},"geometry":{"type":"LineString","coordinates":[[-70.91914,-53.17347],[-70.91926,-53.1749]]}},{"type":"Feature","properties":{"nombre":"21 de Mayo","jerarquia":3},"geometry":{"type":"LineString","coordinates":[[-70.91926,-53.1749],[-70.91971,-53.17606]]}},{"type":"Feature","properties":{"nombre":"21 de Mayo","jerarquia":3},"geometry":{"type":"LineString","coordinates":[[-70.91971,-53.17606],[-70.9202,-53.17717]]}},{"type":"Feature","properties":{"nombre":"21 de Mayo","jerarquia":3},"geometry":{"type":"LineString","coordinates":[[-70.9202,-53.17717],[-70.92039,-53.17756],[-70.92086,-53.17826]]}},{"type":"Feature","properties":{"nombre":"21 de Mayo","jerarquia":3},"geometry":{"type":"LineString","coordinates":[[-70.92086,-53.17826],[-70.92149,-53.17912],[-70.92217,-53.17979]]}},{"type":"Feature","properties":{"nombre":"21 de Mayo","jerarquia":3},"geometry":{"type":"LineString","coordinates":[[-70.92217,-53.17979],[-70.92231,-53.17992]]}},{"type":"Feature","properties":{"nombre":"","jerarquia":3},"geometry":{"type":"LineString","coordinates":[[-70.91593,-53.1697],[-70.91577,-53.16972],[-70.91524,-53.16943]]}},{"type":"Feature","properties":{"nombre":"Enrique Abello","jerarquia":5},"geometry":{"type":"LineString","coordinates":[[-70.88283,-53.14503],[-70.88296,-53.14509],[-70.88318,-53.14507]]}},{"type":"Feature","properties":{"nombre":"Avenida Costanera del Estrecho","jerarquia":3},"geometry":{"type":"LineString","coordinates":[[-70.88722,-53.15673],[-70.8873,-53.15694]]}},{"type":"Feature","properties":{"nombre":"Avenida Costanera del Estrecho","jerarquia":3},"geometry":{"type":"LineString","coordinates":[[-70.8873,-53.15694],[-70.88769,-53.15769]]}},{"type":"Feature","properties":{"nombre":"Avenida Costanera del Estrecho","jerarquia":3},"geometry":{"type":"LineString","coordinates":[[-70.88769,-53.15769],[-70.88791,-53.15836]]}},{"type":"Feature","properties":{"nombre":"Avenida Costanera del Estrecho","jerarquia":3},"geometry":{"type":"LineString","coordinates":[[-70.88791,-53.15836],[-70.88796,-53.15869]]}},{"type":"Feature","properties":{"nombre":"Avenida Costanera del Estrecho","jerarquia":3},"geometry":{"type":"LineString","coordinates":[[-70.88796,-53.15869],[-70.888,-53.15915]]}},{"type":"Feature","properties":{"nombre":"José Velástegui","jerarquia":4},"geometry":{"type":"LineString","coordinates":[[-70.88533,-53.14825],[-70.88528,-53.1484]]}},{"type":"Feature","properties":{"nombre":"José Velástegui","jerarquia":4},"geometry":{"type":"LineString","coordinates":[[-70.88556,-53.14847],[-70.88528,-53.1484]]}},{"type":"Feature","properties":{"nombre":"Avenida Presidente Pedro Aguirre Cerda","jerarquia":4},"geometry":{"type":"LineString","coordinates":[[-70.92231,-53.17992],[-70.92329,-53.17953]]}},{"type":"Feature","properties":{"nombre":"Avenida Presidente Pedro Aguirre Cerda","jerarquia":4},"geometry":{"type":"LineString","coordinates":[[-70.92329,-53.17953],[-70.92529,-53.17873]]}},{"type":"Feature","properties":{"nombre":"Avenida Presidente Pedro Aguirre Cerda","jerarquia":4},"geometry":{"type":"LineString","coordinates":[[-70.92529,-53.17873],[-70.92631,-53.17832]]}},{"type":"Feature","properties":{"nombre":"Avenida Presidente Pedro Aguirre Cerda","jerarquia":4},"geometry":{"type":"LineString","coordinates":[[-70.92631,-53.17832],[-70.9268,-53.17812]]}},{"type":"Feature","properties":{"nombre":"Avenida Presidente Pedro Aguirre Cerda","jerarquia":4},"geometry":{"type":"LineString","coordinates":[[-70.9268,-53.17812],[-70.92712,-53.17799]]}},{"type":"Feature","properties":{"nombre":"Avenida Presidente Pedro Aguirre Cerda","jerarquia":4},"geometry":{"type":"LineString","coordinates":[[-70.92712,-53.17799],[-70.9274,-53.17788]]}},{"type":"Feature","properties":{"nombre":"Avenida Presidente Pedro Aguirre Cerda","jerarquia":4},"geometry":{"type":"LineString","coordinates":[[-70.9274,-53.17788],[-70.92774,-53.17774]]}},{"type":"Feature","properties":{"nombre":"Avenida Presidente Pedro Aguirre Cerda","jerarquia":4},"geometry":{"type":"LineString","coordinates":[[-70.92774,-53.17774],[-70.92885,-53.17731]]}},{"type":"Feature","properties":{"nombre":"Avenida Presidente Pedro Aguirre Cerda","jerarquia":4},"geometry":{"type":"LineString","coordinates":[[-70.92885,-53.17731],[-70.92924,-53.17714]]}},{"type":"Feature","properties":{"nombre":"Avenida Presidente Pedro Aguirre Cerda","jerarquia":4},"geometry":{"type":"LineString","coordinates":[[-70.92924,-53.17714],[-70.92962,-53.17699]]}},{"type":"Feature","properties":{"nombre":"Avenida Presidente Pedro Aguirre Cerda","jerarquia":4},"geometry":{"type":"LineString","coordinates":[[-70.92962,-53.17699],[-70.92996,-53.17685]]}},{"type":"Feature","properties":{"nombre":"Avenida Presidente Pedro Aguirre Cerda","jerarquia":4},"geometry":{"type":"LineString","coordinates":[[-70.92996,-53.17685],[-70.93042,-53.17668]]}},{"type":"Feature","properties":{"nombre":"Avenida Presidente Pedro Aguirre Cerda","jerarquia":4},"geometry":{"type":"LineString","coordinates":[[-70.93042,-53.17668],[-70.93081,-53.17652]]}},{"type":"Feature","properties":{"nombre":"21 de Mayo","jerarquia":3},"geometry":{"type":"LineString","coordinates":[[-70.9225,-53.18008],[-70.92325,-53.18068],[-70.92353,-53.18097]]}},{"type":"Feature","properties":{"nombre":"Avenida Presidente Manuel Bulnes","jerarquia":3},"geometry":{"type":"LineString","coordinates":[[-70.88029,-53.13246],[-70.88216,-53.13362]]}},{"type":"Feature","properties":{"nombre":"Acceso Zona Franca","jerarquia":5},"geometry":{"type":"LineString","coordinates":[[-70.8769,-53.13282],[-70.87714,-53.13287],[-70.87774,-53.13272],[-70.87856,-53.13219]]}},{"type":"Feature","properties":{"nombre":"Acceso Zona Franca","jerarquia":5},"geometry":{"type":"LineString","coordinates":[[-70.87856,-53.13219],[-70.8787,-53.13209]]}},{"type":"Feature","properties":{"nombre":"Acceso Zona Franca","jerarquia":5},"geometry":{"type":"LineString","coordinates":[[-70.8787,-53.13209],[-70.87899,-53.13191]]}},{"type":"Feature","properties":{"nombre":"Acceso Zona Franca","jerarquia":5},"geometry":{"type":"LineString","coordinates":[[-70.87899,-53.13191],[-70.87916,-53.13181]]}},{"type":"Feature","properties":{"nombre":"Avenida Norte Sur","jerarquia":5},"geometry":{"type":"LineString","coordinates":[[-70.87369,-53.13511],[-70.873,-53.13474]]}},{"type":"Feature","properties":{"nombre":"Avenida Norte Sur","jerarquia":5},"geometry":{"type":"LineString","coordinates":[[-70.873,-53.13474],[-70.87135,-53.13381]]}},{"type":"Feature","properties":{"nombre":"Avenida Norte Sur","jerarquia":5},"geometry":{"type":"LineString","coordinates":[[-70.87135,-53.13381],[-70.87111,-53.13369]]}},{"type":"Feature","properties":{"nombre":"Avenida Norte Sur","jerarquia":5},"geometry":{"type":"LineString","coordinates":[[-70.87111,-53.13369],[-70.87043,-53.13331]]}},{"type":"Feature","properties":{"nombre":"Avenida Norte Sur","jerarquia":5},"geometry":{"type":"LineString","coordinates":[[-70.87043,-53.13331],[-70.869,-53.13251]]}},{"type":"Feature","properties":{"nombre":"Avenida Norte Sur","jerarquia":5},"geometry":{"type":"LineString","coordinates":[[-70.869,-53.13251],[-70.86507,-53.13033]]}},{"type":"Feature","properties":{"nombre":"1 Poniente","jerarquia":5},"geometry":{"type":"LineString","coordinates":[[-70.8738,-53.13504],[-70.87389,-53.13509]]}},{"type":"Feature","properties":{"nombre":"Avenida 2 Sur","jerarquia":5},"geometry":{"type":"LineString","coordinates":[[-70.8752,-53.13411],[-70.87471,-53.13442],[-70.87466,-53.13457]]}},{"type":"Feature","properties":{"nombre":"Avenida Norte Sur","jerarquia":5},"geometry":{"type":"LineString","coordinates":[[-70.87054,-53.13324],[-70.87043,-53.13331]]}},{"type":"Feature","properties":{"nombre":"Avenida Norte Sur","jerarquia":5},"geometry":{"type":"LineString","coordinates":[[-70.86912,-53.13244],[-70.869,-53.13251]]}},{"type":"Feature","properties":{"nombre":"Carlos Condell","jerarquia":5},"geometry":{"type":"LineString","coordinates":[[-70.92263,-53.14128],[-70.92256,-53.14134]]}},{"type":"Feature","properties":{"nombre":"Carlos Condell","jerarquia":5},"geometry":{"type":"LineString","coordinates":[[-70.92256,-53.14134],[-70.92223,-53.14162],[-70.92179,-53.14191]]}},{"type":"Feature","properties":{"nombre":"Cirujano Videla","jerarquia":5},"geometry":{"type":"LineString","coordinates":[[-70.9201,-53.14561],[-70.91955,-53.14526]]}},{"type":"Feature","properties":{"nombre":"Cirujano Videla","jerarquia":5},"geometry":{"type":"LineString","coordinates":[[-70.91955,-53.14526],[-70.91912,-53.14498]]}},{"type":"Feature","properties":{"nombre":"Cirujano Videla","jerarquia":5},"geometry":{"type":"LineString","coordinates":[[-70.91912,-53.14498],[-70.91898,-53.14489]]}},{"type":"Feature","properties":{"nombre":"Cirujano Videla","jerarquia":5},"geometry":{"type":"LineString","coordinates":[[-70.91898,-53.14489],[-70.91871,-53.14473]]}},{"type":"Feature","properties":{"nombre":"Cirujano Videla","jerarquia":5},"geometry":{"type":"LineString","coordinates":[[-70.91871,-53.14473],[-70.91784,-53.14418]]}},{"type":"Feature","properties":{"nombre":"Cirujano Videla","jerarquia":5},"geometry":{"type":"LineString","coordinates":[[-70.91784,-53.14418],[-70.91683,-53.14354]]}},{"type":"Feature","properties":{"nombre":"Cirujano Videla","jerarquia":5},"geometry":{"type":"LineString","coordinates":[[-70.91683,-53.14354],[-70.91547,-53.14269]]}},{"type":"Feature","properties":{"nombre":"Acceso Zona Franca","jerarquia":5},"geometry":{"type":"LineString","coordinates":[[-70.87881,-53.13216],[-70.87788,-53.13277],[-70.87688,-53.13303]]}},{"type":"Feature","properties":{"nombre":"","jerarquia":2},"geometry":{"type":"LineString","coordinates":[[-70.87789,-53.11571],[-70.87866,-53.11459]]}},{"type":"Feature","properties":{"nombre":"Presidente Pedro Montt","jerarquia":5},"geometry":{"type":"LineString","coordinates":[[-70.90168,-53.16456],[-70.90173,-53.16443]]}},{"type":"Feature","properties":{"nombre":"","jerarquia":3},"geometry":{"type":"LineString","coordinates":[[-70.88791,-53.15931],[-70.888,-53.15915]]}},{"type":"Feature","properties":{"nombre":"Club Hípico","jerarquia":5},"geometry":{"type":"LineString","coordinates":[[-70.88578,-53.153],[-70.88557,-53.15299]]}},{"type":"Feature","properties":{"nombre":"","jerarquia":3},"geometry":{"type":"LineString","coordinates":[[-70.9225,-53.18008],[-70.92234,-53.18003]]}},{"type":"Feature","properties":{"nombre":"Avenida José Martínez de Aldunate","jerarquia":4},"geometry":{"type":"LineString","coordinates":[[-70.94311,-53.17165],[-70.94315,-53.1717]]}},{"type":"Feature","properties":{"nombre":"Cirujano Videla","jerarquia":5},"geometry":{"type":"LineString","coordinates":[[-70.9201,-53.14561],[-70.92045,-53.14586],[-70.92073,-53.14619]]}},{"type":"Feature","properties":{"nombre":"Avenida Presidente Manuel Bulnes","jerarquia":3},"geometry":{"type":"LineString","coordinates":[[-70.89902,-53.15217],[-70.89921,-53.15239]]}},{"type":"Feature","properties":{"nombre":"Avenida Presidente Manuel Bulnes","jerarquia":3},"geometry":{"type":"LineString","coordinates":[[-70.89921,-53.15239],[-70.90003,-53.15335]]}},{"type":"Feature","properties":{"nombre":"Avenida Presidente Manuel Bulnes","jerarquia":3},"geometry":{"type":"LineString","coordinates":[[-70.90003,-53.15335],[-70.90073,-53.15417]]}},{"type":"Feature","properties":{"nombre":"Avenida Presidente Manuel Bulnes","jerarquia":3},"geometry":{"type":"LineString","coordinates":[[-70.90073,-53.15417],[-70.90079,-53.15424]]}},{"type":"Feature","properties":{"nombre":"Avenida Presidente Manuel Bulnes","jerarquia":3},"geometry":{"type":"LineString","coordinates":[[-70.90079,-53.15424],[-70.90163,-53.15522]]}},{"type":"Feature","properties":{"nombre":"Avenida Presidente Manuel Bulnes","jerarquia":3},"geometry":{"type":"LineString","coordinates":[[-70.90163,-53.15522],[-70.90243,-53.15618]]}},{"type":"Feature","properties":{"nombre":"Avenida Presidente Manuel Bulnes","jerarquia":3},"geometry":{"type":"LineString","coordinates":[[-70.89892,-53.15206],[-70.89902,-53.15217]]}},{"type":"Feature","properties":{"nombre":"Avenida Presidente Manuel Bulnes","jerarquia":3},"geometry":{"type":"LineString","coordinates":[[-70.89861,-53.15257],[-70.89842,-53.15235]]}},{"type":"Feature","properties":{"nombre":"Avenida Presidente Manuel Bulnes","jerarquia":3},"geometry":{"type":"LineString","coordinates":[[-70.89842,-53.15235],[-70.89693,-53.15061]]}},{"type":"Feature","properties":{"nombre":"Avenida Presidente Manuel Bulnes","jerarquia":3},"geometry":{"type":"LineString","coordinates":[[-70.89693,-53.15061],[-70.89631,-53.14988]]}},{"type":"Feature","properties":{"nombre":"Avenida Presidente Manuel Bulnes","jerarquia":3},"geometry":{"type":"LineString","coordinates":[[-70.89631,-53.14988],[-70.89589,-53.1494]]}},{"type":"Feature","properties":{"nombre":"Avenida Presidente Manuel Bulnes","jerarquia":3},"geometry":{"type":"LineString","coordinates":[[-70.89589,-53.1494],[-70.89544,-53.14886]]}},{"type":"Feature","properties":{"nombre":"Avenida Presidente Manuel Bulnes","jerarquia":3},"geometry":{"type":"LineString","coordinates":[[-70.89544,-53.14886],[-70.89383,-53.14699]]}},{"type":"Feature","properties":{"nombre":"Avenida Presidente Manuel Bulnes","jerarquia":3},"geometry":{"type":"LineString","coordinates":[[-70.89383,-53.14699],[-70.8922,-53.14509]]}},{"type":"Feature","properties":{"nombre":"Avenida Presidente Manuel Bulnes","jerarquia":3},"geometry":{"type":"LineString","coordinates":[[-70.8922,-53.14509],[-70.8906,-53.14323]]}},{"type":"Feature","properties":{"nombre":"Avenida Presidente Manuel Bulnes","jerarquia":3},"geometry":{"type":"LineString","coordinates":[[-70.8906,-53.14323],[-70.88977,-53.14224]]}},{"type":"Feature","properties":{"nombre":"Avenida Presidente Manuel Bulnes","jerarquia":3},"geometry":{"type":"LineString","coordinates":[[-70.88977,-53.14224],[-70.88895,-53.1413]]}},{"type":"Feature","properties":{"nombre":"Avenida Presidente Manuel Bulnes","jerarquia":3},"geometry":{"type":"LineString","coordinates":[[-70.88895,-53.1413],[-70.88735,-53.13943]]}},{"type":"Feature","properties":{"nombre":"Avenida Presidente Manuel Bulnes","jerarquia":3},"geometry":{"type":"LineString","coordinates":[[-70.88735,-53.13943],[-70.88573,-53.13754]]}},{"type":"Feature","properties":{"nombre":"Avenida Presidente Manuel Bulnes","jerarquia":3},"geometry":{"type":"LineString","coordinates":[[-70.88573,-53.13754],[-70.88472,-53.13637]]}},{"type":"Feature","properties":{"nombre":"Avenida Presidente Manuel Bulnes","jerarquia":3},"geometry":{"type":"LineString","coordinates":[[-70.88472,-53.13637],[-70.88413,-53.13567]]}},{"type":"Feature","properties":{"nombre":"Avenida Costanera del Estrecho","jerarquia":3},"geometry":{"type":"LineString","coordinates":[[-70.88533,-53.15279],[-70.88533,-53.15204]]}},{"type":"Feature","properties":{"nombre":"Avenida Costanera del Estrecho","jerarquia":3},"geometry":{"type":"LineString","coordinates":[[-70.88579,-53.15383],[-70.88547,-53.15318],[-70.88533,-53.15279]]}},{"type":"Feature","properties":{"nombre":"Avenida Costanera del Estrecho","jerarquia":3},"geometry":{"type":"LineString","coordinates":[[-70.88557,-53.15299],[-70.88562,-53.15311]]}},{"type":"Feature","properties":{"nombre":"Avenida Costanera del Estrecho","jerarquia":3},"geometry":{"type":"LineString","coordinates":[[-70.88562,-53.15311],[-70.88585,-53.15364]]}},{"type":"Feature","properties":{"nombre":"Avenida Costanera del Estrecho","jerarquia":3},"geometry":{"type":"LineString","coordinates":[[-70.88552,-53.15282],[-70.88557,-53.15299]]}},{"type":"Feature","properties":{"nombre":"Avenida Costanera del Estrecho","jerarquia":3},"geometry":{"type":"LineString","coordinates":[[-70.88608,-53.15462],[-70.88593,-53.15418]]}},{"type":"Feature","properties":{"nombre":"Avenida Costanera del Estrecho","jerarquia":3},"geometry":{"type":"LineString","coordinates":[[-70.88593,-53.15418],[-70.88579,-53.15383]]}},{"type":"Feature","properties":{"nombre":"Avenida Costanera del Estrecho","jerarquia":3},"geometry":{"type":"LineString","coordinates":[[-70.88698,-53.15654],[-70.88683,-53.15602]]}},{"type":"Feature","properties":{"nombre":"Avenida Costanera del Estrecho","jerarquia":3},"geometry":{"type":"LineString","coordinates":[[-70.88683,-53.15602],[-70.88665,-53.15559],[-70.88625,-53.155],[-70.88608,-53.15462]]}},{"type":"Feature","properties":{"nombre":"Avenida Costanera del Estrecho","jerarquia":3},"geometry":{"type":"LineString","coordinates":[[-70.88699,-53.15599],[-70.88722,-53.15673]]}},{"type":"Feature","properties":{"nombre":"Avenida Costanera del Estrecho","jerarquia":3},"geometry":{"type":"LineString","coordinates":[[-70.88585,-53.15364],[-70.88589,-53.15371]]}},{"type":"Feature","properties":{"nombre":"Avenida Costanera del Estrecho","jerarquia":3},"geometry":{"type":"LineString","coordinates":[[-70.88924,-53.16109],[-70.88848,-53.16032],[-70.88832,-53.16009]]}},{"type":"Feature","properties":{"nombre":"Avenida Costanera del Estrecho","jerarquia":3},"geometry":{"type":"LineString","coordinates":[[-70.88832,-53.16009],[-70.88808,-53.15971],[-70.88791,-53.15931]]}},{"type":"Feature","properties":{"nombre":"Avenida Costanera del Estrecho","jerarquia":3},"geometry":{"type":"LineString","coordinates":[[-70.88791,-53.15931],[-70.88762,-53.15793],[-70.88713,-53.15696],[-70.88698,-53.15654]]}},{"type":"Feature","properties":{"nombre":"Avenida Costanera del Estrecho","jerarquia":3},"geometry":{"type":"LineString","coordinates":[[-70.88589,-53.15371],[-70.8863,-53.15475]]}},{"type":"Feature","properties":{"nombre":"Avenida Presidente Eduardo Frei Montalva","jerarquia":4},"geometry":{"type":"LineString","coordinates":[[-70.91504,-53.13587],[-70.91413,-53.13534]]}},{"type":"Feature","properties":{"nombre":"Avenida Presidente Eduardo Frei Montalva","jerarquia":4},"geometry":{"type":"LineString","coordinates":[[-70.91413,-53.13534],[-70.91401,-53.13527]]}},{"type":"Feature","properties":{"nombre":"Hornillas","jerarquia":5},"geometry":{"type":"LineString","coordinates":[[-70.91143,-53.13361],[-70.91151,-53.13356]]}},{"type":"Feature","properties":{"nombre":"Hornillas","jerarquia":5},"geometry":{"type":"LineString","coordinates":[[-70.91151,-53.13356],[-70.91157,-53.13353]]}},{"type":"Feature","properties":{"nombre":"Avenida Presidente Eduardo Frei Montalva","jerarquia":4},"geometry":{"type":"LineString","coordinates":[[-70.91052,-53.13302],[-70.9112,-53.13347]]}},{"type":"Feature","properties":{"nombre":"Avenida Presidente Eduardo Frei Montalva","jerarquia":4},"geometry":{"type":"LineString","coordinates":[[-70.9112,-53.13347],[-70.91143,-53.13361]]}},{"type":"Feature","properties":{"nombre":"Avenida Manantiales","jerarquia":4},"geometry":{"type":"LineString","coordinates":[[-70.90839,-53.13259],[-70.90892,-53.13228]]}},{"type":"Feature","properties":{"nombre":"Avenida Manantiales","jerarquia":4},"geometry":{"type":"LineString","coordinates":[[-70.90892,-53.13228],[-70.90909,-53.13217]]}},{"type":"Feature","properties":{"nombre":"Manantiales","jerarquia":5},"geometry":{"type":"LineString","coordinates":[[-70.9092,-53.13211],[-70.90935,-53.13202]]}},{"type":"Feature","properties":{"nombre":"Manantiales","jerarquia":5},"geometry":{"type":"LineString","coordinates":[[-70.90946,-53.1321],[-70.90932,-53.13218]]}},{"type":"Feature","properties":{"nombre":"Enrique Abello","jerarquia":5},"geometry":{"type":"LineString","coordinates":[[-70.9069,-53.13055],[-70.9068,-53.13062]]}},{"type":"Feature","properties":{"nombre":"Avenida Presidente Eduardo Frei Montalva","jerarquia":4},"geometry":{"type":"LineString","coordinates":[[-70.90848,-53.13163],[-70.90909,-53.13203]]}},{"type":"Feature","properties":{"nombre":"Avenida Presidente Eduardo Frei Montalva","jerarquia":4},"geometry":{"type":"LineString","coordinates":[[-70.90909,-53.13203],[-70.9092,-53.13211]]}},{"type":"Feature","properties":{"nombre":"Avenida Presidente Eduardo Frei Montalva","jerarquia":4},"geometry":{"type":"LineString","coordinates":[[-70.9072,-53.13076],[-70.90848,-53.13163]]}},{"type":"Feature","properties":{"nombre":"Avenida Presidente Eduardo Frei Montalva","jerarquia":4},"geometry":{"type":"LineString","coordinates":[[-70.90982,-53.13267],[-70.9093,-53.13232]]}},{"type":"Feature","properties":{"nombre":"Avenida Presidente Eduardo Frei Montalva","jerarquia":4},"geometry":{"type":"LineString","coordinates":[[-70.9093,-53.13232],[-70.90921,-53.13225]]}},{"type":"Feature","properties":{"nombre":"Enrique Abello","jerarquia":5},"geometry":{"type":"LineString","coordinates":[[-70.90758,-53.13014],[-70.90715,-53.13039]]}},{"type":"Feature","properties":{"nombre":"Enrique Abello","jerarquia":5},"geometry":{"type":"LineString","coordinates":[[-70.90715,-53.13039],[-70.90703,-53.13046]]}},{"type":"Feature","properties":{"nombre":"Enrique Abello","jerarquia":5},"geometry":{"type":"LineString","coordinates":[[-70.90703,-53.13046],[-70.9069,-53.13055]]}},{"type":"Feature","properties":{"nombre":"Avenida Presidente Eduardo Frei Montalva","jerarquia":4},"geometry":{"type":"LineString","coordinates":[[-70.9058,-53.12979],[-70.90677,-53.13046]]}},{"type":"Feature","properties":{"nombre":"Avenida Presidente Eduardo Frei Montalva","jerarquia":4},"geometry":{"type":"LineString","coordinates":[[-70.90677,-53.13046],[-70.9069,-53.13055]]}},{"type":"Feature","properties":{"nombre":"Enrique Abello","jerarquia":5},"geometry":{"type":"LineString","coordinates":[[-70.90608,-53.13105],[-70.90666,-53.1307]]}},{"type":"Feature","properties":{"nombre":"Enrique Abello","jerarquia":5},"geometry":{"type":"LineString","coordinates":[[-70.90666,-53.1307],[-70.9068,-53.13062]]}},{"type":"Feature","properties":{"nombre":"Avenida Presidente Eduardo Frei Montalva","jerarquia":4},"geometry":{"type":"LineString","coordinates":[[-70.90445,-53.12903],[-70.90232,-53.12757]]}},{"type":"Feature","properties":{"nombre":"Avenida Presidente Eduardo Frei Montalva","jerarquia":4},"geometry":{"type":"LineString","coordinates":[[-70.9058,-53.12994],[-70.90445,-53.12903]]}},{"type":"Feature","properties":{"nombre":"Avenida Presidente Eduardo Frei Montalva","jerarquia":4},"geometry":{"type":"LineString","coordinates":[[-70.9041,-53.12864],[-70.90457,-53.12896]]}},{"type":"Feature","properties":{"nombre":"Avenida Costanera del Estrecho","jerarquia":3},"geometry":{"type":"LineString","coordinates":[[-70.90467,-53.16525],[-70.90389,-53.16514]]}},{"type":"Feature","properties":{"nombre":"Avenida Costanera del Estrecho","jerarquia":3},"geometry":{"type":"LineString","coordinates":[[-70.91134,-53.16767],[-70.91021,-53.16713],[-70.90975,-53.16696]]}},{"type":"Feature","properties":{"nombre":"Avenida Costanera del Estrecho","jerarquia":3},"geometry":{"type":"LineString","coordinates":[[-70.90975,-53.16696],[-70.90967,-53.16693]]}},{"type":"Feature","properties":{"nombre":"Avenida Costanera del Estrecho","jerarquia":3},"geometry":{"type":"LineString","coordinates":[[-70.90967,-53.16693],[-70.90924,-53.16678]]}},{"type":"Feature","properties":{"nombre":"Avenida Costanera del Estrecho","jerarquia":3},"geometry":{"type":"LineString","coordinates":[[-70.90924,-53.16678],[-70.9063,-53.16572],[-70.90511,-53.16534],[-70.90467,-53.16525]]}},{"type":"Feature","properties":{"nombre":"Presidente Jorge Montt","jerarquia":4},"geometry":{"type":"LineString","coordinates":[[-70.88533,-53.14825],[-70.88556,-53.14847]]}},{"type":"Feature","properties":{"nombre":"Avenida Costanera del Estrecho","jerarquia":3},"geometry":{"type":"LineString","coordinates":[[-70.88253,-53.14528],[-70.88265,-53.14543]]}},{"type":"Feature","properties":{"nombre":"Avenida Costanera del Estrecho","jerarquia":3},"geometry":{"type":"LineString","coordinates":[[-70.88248,-53.14522],[-70.88251,-53.14525]]}},{"type":"Feature","properties":{"nombre":"Camino Enap","jerarquia":5},"geometry":{"type":"LineString","coordinates":[[-70.95105,-53.12455],[-70.94894,-53.12451]]}},{"type":"Feature","properties":{"nombre":"Camino Enap","jerarquia":5},"geometry":{"type":"LineString","coordinates":[[-70.94894,-53.12451],[-70.94829,-53.12453],[-70.94652,-53.12447]]}},{"type":"Feature","properties":{"nombre":"Camino Enap","jerarquia":5},"geometry":{"type":"LineString","coordinates":[[-70.94652,-53.12447],[-70.94522,-53.12403]]}},{"type":"Feature","properties":{"nombre":"Camino Enap","jerarquia":5},"geometry":{"type":"LineString","coordinates":[[-70.94522,-53.12403],[-70.94414,-53.12364],[-70.9435,-53.1233]]}},{"type":"Feature","properties":{"nombre":"Camino Enap","jerarquia":5},"geometry":{"type":"LineString","coordinates":[[-70.9435,-53.1233],[-70.94235,-53.1226]]}},{"type":"Feature","properties":{"nombre":"Camino Enap","jerarquia":5},"geometry":{"type":"LineString","coordinates":[[-70.94235,-53.1226],[-70.94073,-53.12194]]}},{"type":"Feature","properties":{"nombre":"Camino Enap","jerarquia":5},"geometry":{"type":"LineString","coordinates":[[-70.94073,-53.12194],[-70.93951,-53.12147]]}},{"type":"Feature","properties":{"nombre":"Camino Enap","jerarquia":5},"geometry":{"type":"LineString","coordinates":[[-70.93951,-53.12147],[-70.93564,-53.12002]]}},{"type":"Feature","properties":{"nombre":"Camino Enap","jerarquia":5},"geometry":{"type":"LineString","coordinates":[[-70.93564,-53.12002],[-70.93462,-53.11959]]}},{"type":"Feature","properties":{"nombre":"Camino Enap","jerarquia":5},"geometry":{"type":"LineString","coordinates":[[-70.93462,-53.11959],[-70.92881,-53.11746]]}},{"type":"Feature","properties":{"nombre":"Camino Enap","jerarquia":5},"geometry":{"type":"LineString","coordinates":[[-70.95114,-53.12457],[-70.95105,-53.12455]]}},{"type":"Feature","properties":{"nombre":"Prolongación Mardones","jerarquia":5},"geometry":{"type":"LineString","coordinates":[[-70.93274,-53.12192],[-70.93291,-53.12173],[-70.9335,-53.12073]]}},{"type":"Feature","properties":{"nombre":"Prolongación Mardones","jerarquia":5},"geometry":{"type":"LineString","coordinates":[[-70.9335,-53.12073],[-70.93425,-53.12006],[-70.93462,-53.11959]]}},{"type":"Feature","properties":{"nombre":"Prolongación Mardones","jerarquia":5},"geometry":{"type":"LineString","coordinates":[[-70.9326,-53.12205],[-70.93274,-53.12192]]}},{"type":"Feature","properties":{"nombre":"Ruta 9 Norte","jerarquia":2},"geometry":{"type":"LineString","coordinates":[[-70.88571,-53.10402],[-70.88614,-53.10559],[-70.88625,-53.10615],[-70.8863,-53.10671],[-70.88624,-53.10731],[-70.88604,-53.10793],[-70.88569,-53.10863],[-70.88515,-53.10936],[-70.88452,-53.11002]]}},{"type":"Feature","properties":{"nombre":"Manuel Rodríguez","jerarquia":5},"geometry":{"type":"LineString","coordinates":[[-70.92884,-53.17202],[-70.92934,-53.17246]]}},{"type":"Feature","properties":{"nombre":"Manuel Rodríguez","jerarquia":5},"geometry":{"type":"LineString","coordinates":[[-70.92934,-53.17246],[-70.93028,-53.1733]]}},{"type":"Feature","properties":{"nombre":"Manuel Rodríguez","jerarquia":5},"geometry":{"type":"LineString","coordinates":[[-70.93028,-53.1733],[-70.93078,-53.17378]]}},{"type":"Feature","properties":{"nombre":"Manuel Rodríguez","jerarquia":5},"geometry":{"type":"LineString","coordinates":[[-70.93078,-53.17378],[-70.93131,-53.17426]]}},{"type":"Feature","properties":{"nombre":"Manuel Rodríguez","jerarquia":5},"geometry":{"type":"LineString","coordinates":[[-70.93131,-53.17426],[-70.9326,-53.17549]]}},{"type":"Feature","properties":{"nombre":"Manuel Rodríguez","jerarquia":5},"geometry":{"type":"LineString","coordinates":[[-70.9326,-53.17549],[-70.93283,-53.17571]]}},{"type":"Feature","properties":{"nombre":"Manuel Rodríguez","jerarquia":5},"geometry":{"type":"LineString","coordinates":[[-70.93283,-53.17571],[-70.93292,-53.17578]]}},{"type":"Feature","properties":{"nombre":"Manuel Rodríguez","jerarquia":5},"geometry":{"type":"LineString","coordinates":[[-70.93292,-53.17578],[-70.93325,-53.17608]]}},{"type":"Feature","properties":{"nombre":"Manuel Rodríguez","jerarquia":5},"geometry":{"type":"LineString","coordinates":[[-70.93325,-53.17608],[-70.9336,-53.17641]]}},{"type":"Feature","properties":{"nombre":"Manuel Rodríguez","jerarquia":5},"geometry":{"type":"LineString","coordinates":[[-70.9336,-53.17641],[-70.93389,-53.17668]]}},{"type":"Feature","properties":{"nombre":"Manuel Rodríguez","jerarquia":5},"geometry":{"type":"LineString","coordinates":[[-70.93389,-53.17668],[-70.9342,-53.17695]]}},{"type":"Feature","properties":{"nombre":"Manuel Rodríguez","jerarquia":5},"geometry":{"type":"LineString","coordinates":[[-70.9342,-53.17695],[-70.93452,-53.17725]]}},{"type":"Feature","properties":{"nombre":"Manuel Rodríguez","jerarquia":5},"geometry":{"type":"LineString","coordinates":[[-70.93452,-53.17725],[-70.93543,-53.17806]]}},{"type":"Feature","properties":{"nombre":"Manuel Rodríguez","jerarquia":5},"geometry":{"type":"LineString","coordinates":[[-70.93543,-53.17806],[-70.93573,-53.17832]]}},{"type":"Feature","properties":{"nombre":"Manuel Rodríguez","jerarquia":5},"geometry":{"type":"LineString","coordinates":[[-70.93573,-53.17832],[-70.9361,-53.17865]]}},{"type":"Feature","properties":{"nombre":"Manuel Rodríguez","jerarquia":5},"geometry":{"type":"LineString","coordinates":[[-70.92799,-53.17121],[-70.92823,-53.17143]]}},{"type":"Feature","properties":{"nombre":"Manuel Rodríguez","jerarquia":5},"geometry":{"type":"LineString","coordinates":[[-70.92823,-53.17143],[-70.92884,-53.17202]]}},{"type":"Feature","properties":{"nombre":"21 de Mayo","jerarquia":3},"geometry":{"type":"LineString","coordinates":[[-70.92231,-53.17992],[-70.9225,-53.18008]]}},{"type":"Feature","properties":{"nombre":"","jerarquia":3},"geometry":{"type":"LineString","coordinates":[[-70.92234,-53.18003],[-70.9222,-53.17998]]}},{"type":"Feature","properties":{"nombre":"","jerarquia":3},"geometry":{"type":"LineString","coordinates":[[-70.92234,-53.18003],[-70.92231,-53.17992]]}},{"type":"Feature","properties":{"nombre":"Avenida Costanera del Estrecho","jerarquia":3},"geometry":{"type":"LineString","coordinates":[[-70.91328,-53.16865],[-70.91261,-53.16831]]}},{"type":"Feature","properties":{"nombre":"Avenida Costanera del Estrecho","jerarquia":3},"geometry":{"type":"LineString","coordinates":[[-70.91261,-53.16831],[-70.91134,-53.16767]]}},{"type":"Feature","properties":{"nombre":"Avenida Costanera del Estrecho","jerarquia":3},"geometry":{"type":"LineString","coordinates":[[-70.90924,-53.1667],[-70.90962,-53.16683]]}},{"type":"Feature","properties":{"nombre":"Avenida Costanera del Estrecho","jerarquia":3},"geometry":{"type":"LineString","coordinates":[[-70.90962,-53.16683],[-70.90974,-53.16687]]}},{"type":"Feature","properties":{"nombre":"Avenida Costanera del Estrecho","jerarquia":3},"geometry":{"type":"LineString","coordinates":[[-70.90498,-53.16523],[-70.90558,-53.16541]]}},{"type":"Feature","properties":{"nombre":"Avenida Costanera del Estrecho","jerarquia":3},"geometry":{"type":"LineString","coordinates":[[-70.90558,-53.16541],[-70.90579,-53.16548]]}},{"type":"Feature","properties":{"nombre":"Avenida Costanera del Estrecho","jerarquia":3},"geometry":{"type":"LineString","coordinates":[[-70.90579,-53.16548],[-70.90772,-53.16614]]}},{"type":"Feature","properties":{"nombre":"Avenida Costanera del Estrecho","jerarquia":3},"geometry":{"type":"LineString","coordinates":[[-70.90772,-53.16614],[-70.90828,-53.16634]]}},{"type":"Feature","properties":{"nombre":"Avenida Costanera del Estrecho","jerarquia":3},"geometry":{"type":"LineString","coordinates":[[-70.90828,-53.16634],[-70.90913,-53.16666]]}},{"type":"Feature","properties":{"nombre":"Avenida Costanera del Estrecho","jerarquia":3},"geometry":{"type":"LineString","coordinates":[[-70.90913,-53.16666],[-70.90924,-53.1667]]}},{"type":"Feature","properties":{"nombre":"Avenida Costanera del Estrecho","jerarquia":3},"geometry":{"type":"LineString","coordinates":[[-70.89945,-53.16404],[-70.90007,-53.16415]]}},{"type":"Feature","properties":{"nombre":"Avenida Costanera del Estrecho","jerarquia":3},"geometry":{"type":"LineString","coordinates":[[-70.90007,-53.16415],[-70.90069,-53.16426],[-70.9013,-53.16444]]}},{"type":"Feature","properties":{"nombre":"Avenida Costanera del Estrecho","jerarquia":3},"geometry":{"type":"LineString","coordinates":[[-70.9013,-53.16444],[-70.90168,-53.16456]]}},{"type":"Feature","properties":{"nombre":"Avenida Costanera del Estrecho","jerarquia":3},"geometry":{"type":"LineString","coordinates":[[-70.888,-53.15915],[-70.8881,-53.15945]]}},{"type":"Feature","properties":{"nombre":"Avenida Costanera del Estrecho","jerarquia":3},"geometry":{"type":"LineString","coordinates":[[-70.8881,-53.15945],[-70.88856,-53.16019]]}},{"type":"Feature","properties":{"nombre":"Avenida Costanera del Estrecho","jerarquia":3},"geometry":{"type":"LineString","coordinates":[[-70.88856,-53.16019],[-70.88865,-53.16029]]}},{"type":"Feature","properties":{"nombre":"Avenida Costanera del Estrecho","jerarquia":3},"geometry":{"type":"LineString","coordinates":[[-70.88949,-53.16118],[-70.89017,-53.16196],[-70.89076,-53.16252]]}},{"type":"Feature","properties":{"nombre":"Avenida Costanera del Estrecho","jerarquia":3},"geometry":{"type":"LineString","coordinates":[[-70.884,-53.14715],[-70.88463,-53.14807],[-70.88481,-53.14852]]}},{"type":"Feature","properties":{"nombre":"Avenida Costanera del Estrecho","jerarquia":3},"geometry":{"type":"LineString","coordinates":[[-70.88242,-53.14515],[-70.88248,-53.14522]]}},{"type":"Feature","properties":{"nombre":"","jerarquia":3},"geometry":{"type":"LineString","coordinates":[[-70.88234,-53.14523],[-70.88242,-53.14515]]}},{"type":"Feature","properties":{"nombre":"","jerarquia":3},"geometry":{"type":"LineString","coordinates":[[-70.88251,-53.14525],[-70.88234,-53.14523]]}},{"type":"Feature","properties":{"nombre":"Avenida Costanera del Estrecho","jerarquia":3},"geometry":{"type":"LineString","coordinates":[[-70.88251,-53.14525],[-70.88253,-53.14528]]}},{"type":"Feature","properties":{"nombre":"Avenida Costanera del Estrecho","jerarquia":3},"geometry":{"type":"LineString","coordinates":[[-70.87023,-53.13929],[-70.87179,-53.1399]]}},{"type":"Feature","properties":{"nombre":"Avenida Costanera del Estrecho","jerarquia":3},"geometry":{"type":"LineString","coordinates":[[-70.87179,-53.1399],[-70.87262,-53.14023]]}},{"type":"Feature","properties":{"nombre":"Avenida Costanera del Estrecho","jerarquia":3},"geometry":{"type":"LineString","coordinates":[[-70.87262,-53.14023],[-70.87552,-53.14141]]}},{"type":"Feature","properties":{"nombre":"","jerarquia":3},"geometry":{"type":"LineString","coordinates":[[-70.87171,-53.13976],[-70.87181,-53.13983],[-70.87179,-53.1399]]}},{"type":"Feature","properties":{"nombre":"Avenida Costanera del Estrecho","jerarquia":3},"geometry":{"type":"LineString","coordinates":[[-70.87552,-53.14141],[-70.8778,-53.14227]]}},{"type":"Feature","properties":{"nombre":"Avenida Costanera del Estrecho","jerarquia":3},"geometry":{"type":"LineString","coordinates":[[-70.8778,-53.14227],[-70.87818,-53.14243]]}},{"type":"Feature","properties":{"nombre":"Avenida Costanera del Estrecho","jerarquia":3},"geometry":{"type":"LineString","coordinates":[[-70.87818,-53.14243],[-70.87821,-53.14245]]}},{"type":"Feature","properties":{"nombre":"Avenida Costanera del Estrecho","jerarquia":3},"geometry":{"type":"LineString","coordinates":[[-70.87821,-53.14245],[-70.87824,-53.14246]]}},{"type":"Feature","properties":{"nombre":"Avenida Costanera del Estrecho","jerarquia":3},"geometry":{"type":"LineString","coordinates":[[-70.87824,-53.14246],[-70.87891,-53.14281],[-70.87961,-53.14327]]}},{"type":"Feature","properties":{"nombre":"Avenida Costanera del Estrecho","jerarquia":3},"geometry":{"type":"LineString","coordinates":[[-70.86846,-53.13853],[-70.8687,-53.13864]]}},{"type":"Feature","properties":{"nombre":"Avenida Costanera del Estrecho","jerarquia":3},"geometry":{"type":"LineString","coordinates":[[-70.8687,-53.13864],[-70.86986,-53.13913]]}},{"type":"Feature","properties":{"nombre":"Avenida Costanera del Estrecho","jerarquia":3},"geometry":{"type":"LineString","coordinates":[[-70.86986,-53.13913],[-70.87023,-53.13929]]}},{"type":"Feature","properties":{"nombre":"Avenida Presidente Manuel Bulnes","jerarquia":2},"geometry":{"type":"LineString","coordinates":[[-70.86972,-53.12477],[-70.86962,-53.12466]]}},{"type":"Feature","properties":{"nombre":"Avenida Presidente Manuel Bulnes","jerarquia":3},"geometry":{"type":"LineString","coordinates":[[-70.87916,-53.13181],[-70.87925,-53.13186]]}},{"type":"Feature","properties":{"nombre":"Avenida Presidente Manuel Bulnes","jerarquia":3},"geometry":{"type":"LineString","coordinates":[[-70.88355,-53.13456],[-70.88426,-53.13512]]}},{"type":"Feature","properties":{"nombre":"Avenida Presidente Manuel Bulnes","jerarquia":3},"geometry":{"type":"LineString","coordinates":[[-70.88426,-53.13512],[-70.88475,-53.13558],[-70.88622,-53.13723]]}},{"type":"Feature","properties":{"nombre":"Enrique Abello","jerarquia":5},"geometry":{"type":"LineString","coordinates":[[-70.93689,-53.11268],[-70.92881,-53.11746]]}},{"type":"Feature","properties":{"nombre":"Ruta 9 Norte","jerarquia":2},"geometry":{"type":"LineString","coordinates":[[-70.88433,-53.10995],[-70.88488,-53.10939],[-70.88541,-53.10869],[-70.88574,-53.10811],[-70.886,-53.1074],[-70.88607,-53.10684],[-70.88603,-53.1061],[-70.88554,-53.10404]]}},{"type":"Feature","properties":{"nombre":"Avenida Presidente Eduardo Frei Montalva","jerarquia":4},"geometry":{"type":"LineString","coordinates":[[-70.92983,-53.15503],[-70.92976,-53.15492]]}},{"type":"Feature","properties":{"nombre":"","jerarquia":3},"geometry":{"type":"LineString","coordinates":[[-70.884,-53.14715],[-70.8844,-53.14746]]}},{"type":"Feature","properties":{"nombre":"Plaza Benjamín Muñoz Gamero","jerarquia":3},"geometry":{"type":"LineString","coordinates":[[-70.9088,-53.16237],[-70.90921,-53.16275]]}},{"type":"Feature","properties":{"nombre":"Plaza Benjamín Muñoz Gamero","jerarquia":3},"geometry":{"type":"LineString","coordinates":[[-70.90921,-53.16275],[-70.90929,-53.16282]]}},{"type":"Feature","properties":{"nombre":"Plaza Benjamín Muñoz Gamero","jerarquia":3},"geometry":{"type":"LineString","coordinates":[[-70.9073,-53.16294],[-70.90688,-53.16254]]}},{"type":"Feature","properties":{"nombre":"Plaza Benjamín Muñoz Gamero","jerarquia":3},"geometry":{"type":"LineString","coordinates":[[-70.90688,-53.16254],[-70.90682,-53.16248]]}},{"type":"Feature","properties":{"nombre":"Avenida Independencia","jerarquia":4},"geometry":{"type":"LineString","coordinates":[[-70.91244,-53.16584],[-70.91091,-53.1664]]}},{"type":"Feature","properties":{"nombre":"Avenida Independencia","jerarquia":4},"geometry":{"type":"LineString","coordinates":[[-70.91216,-53.16557],[-70.91368,-53.16498]]}},{"type":"Feature","properties":{"nombre":"Avenida Independencia","jerarquia":4},"geometry":{"type":"LineString","coordinates":[[-70.91066,-53.16616],[-70.91141,-53.16586]]}},{"type":"Feature","properties":{"nombre":"Avenida Independencia","jerarquia":4},"geometry":{"type":"LineString","coordinates":[[-70.91141,-53.16586],[-70.91216,-53.16557]]}},{"type":"Feature","properties":{"nombre":"Enrique Abello","jerarquia":5},"geometry":{"type":"LineString","coordinates":[[-70.92263,-53.121],[-70.92251,-53.12108]]}},{"type":"Feature","properties":{"nombre":"Hornillas","jerarquia":5},"geometry":{"type":"LineString","coordinates":[[-70.89798,-53.14166],[-70.89747,-53.14197]]}},{"type":"Feature","properties":{"nombre":"Hornillas","jerarquia":5},"geometry":{"type":"LineString","coordinates":[[-70.89747,-53.14197],[-70.89691,-53.14229]]}},{"type":"Feature","properties":{"nombre":"Hornillas","jerarquia":5},"geometry":{"type":"LineString","coordinates":[[-70.89691,-53.14229],[-70.89655,-53.1425]]}},{"type":"Feature","properties":{"nombre":"Enrique Abello","jerarquia":5},"geometry":{"type":"LineString","coordinates":[[-70.90608,-53.13105],[-70.90553,-53.13138]]}},{"type":"Feature","properties":{"nombre":"Enrique Abello","jerarquia":5},"geometry":{"type":"LineString","coordinates":[[-70.90553,-53.13138],[-70.90503,-53.13168]]}},{"type":"Feature","properties":{"nombre":"Enrique Abello","jerarquia":5},"geometry":{"type":"LineString","coordinates":[[-70.90503,-53.13168],[-70.90206,-53.13346]]}},{"type":"Feature","properties":{"nombre":"Enrique Abello","jerarquia":5},"geometry":{"type":"LineString","coordinates":[[-70.90206,-53.13346],[-70.90119,-53.13398]]}},{"type":"Feature","properties":{"nombre":"El Ovejero","jerarquia":5},"geometry":{"type":"LineString","coordinates":[[-70.89928,-53.14381],[-70.89961,-53.14362]]}},{"type":"Feature","properties":{"nombre":"El Ovejero","jerarquia":5},"geometry":{"type":"LineString","coordinates":[[-70.89961,-53.14362],[-70.89991,-53.14344]]}},{"type":"Feature","properties":{"nombre":"El Ovejero","jerarquia":5},"geometry":{"type":"LineString","coordinates":[[-70.89991,-53.14344],[-70.90042,-53.14315]]}},{"type":"Feature","properties":{"nombre":"El Ovejero","jerarquia":5},"geometry":{"type":"LineString","coordinates":[[-70.90042,-53.14315],[-70.90093,-53.14285]]}},{"type":"Feature","properties":{"nombre":"El Ovejero","jerarquia":5},"geometry":{"type":"LineString","coordinates":[[-70.90093,-53.14285],[-70.90152,-53.14251]]}},{"type":"Feature","properties":{"nombre":"El Ovejero","jerarquia":5},"geometry":{"type":"LineString","coordinates":[[-70.90152,-53.14251],[-70.90196,-53.14225]]}},{"type":"Feature","properties":{"nombre":"El Ovejero","jerarquia":5},"geometry":{"type":"LineString","coordinates":[[-70.90196,-53.14225],[-70.90203,-53.14221]]}},{"type":"Feature","properties":{"nombre":"El Ovejero","jerarquia":5},"geometry":{"type":"LineString","coordinates":[[-70.90203,-53.14221],[-70.90254,-53.14191]]}},{"type":"Feature","properties":{"nombre":"El Ovejero","jerarquia":5},"geometry":{"type":"LineString","coordinates":[[-70.90254,-53.14191],[-70.9031,-53.14159]]}},{"type":"Feature","properties":{"nombre":"El Ovejero","jerarquia":5},"geometry":{"type":"LineString","coordinates":[[-70.9031,-53.14159],[-70.90364,-53.14127]]}},{"type":"Feature","properties":{"nombre":"El Ovejero","jerarquia":5},"geometry":{"type":"LineString","coordinates":[[-70.90364,-53.14127],[-70.90413,-53.14098]]}},{"type":"Feature","properties":{"nombre":"El Ovejero","jerarquia":5},"geometry":{"type":"LineString","coordinates":[[-70.90413,-53.14098],[-70.90417,-53.14096]]}},{"type":"Feature","properties":{"nombre":"El Ovejero","jerarquia":5},"geometry":{"type":"LineString","coordinates":[[-70.90417,-53.14096],[-70.90473,-53.14064]]}},{"type":"Feature","properties":{"nombre":"El Ovejero","jerarquia":5},"geometry":{"type":"LineString","coordinates":[[-70.90473,-53.14064],[-70.90514,-53.1404]]}},{"type":"Feature","properties":{"nombre":"El Ovejero","jerarquia":5},"geometry":{"type":"LineString","coordinates":[[-70.90514,-53.1404],[-70.90527,-53.14032]]}},{"type":"Feature","properties":{"nombre":"El Ovejero","jerarquia":5},"geometry":{"type":"LineString","coordinates":[[-70.90527,-53.14032],[-70.90586,-53.13998]]}},{"type":"Feature","properties":{"nombre":"Avenida España","jerarquia":4},"geometry":{"type":"LineString","coordinates":[[-70.93006,-53.17583],[-70.93081,-53.17652]]}},{"type":"Feature","properties":{"nombre":"Avenida Costanera del Estrecho","jerarquia":3},"geometry":{"type":"LineString","coordinates":[[-70.86643,-53.1284],[-70.86962,-53.12466]]}},{"type":"Feature","properties":{"nombre":"Avenida Costanera del Estrecho","jerarquia":3},"geometry":{"type":"LineString","coordinates":[[-70.86676,-53.12829],[-70.86605,-53.12906],[-70.86569,-53.12961],[-70.86519,-53.1302]]}},{"type":"Feature","properties":{"nombre":"Avenida Pedro Aguirre Cerda","jerarquia":5},"geometry":{"type":"LineString","coordinates":[[-70.94771,-53.17051],[-70.94874,-53.17037]]}},{"type":"Feature","properties":{"nombre":"Avenida Pedro Aguirre Cerda","jerarquia":5},"geometry":{"type":"LineString","coordinates":[[-70.94874,-53.17037],[-70.94948,-53.17027]]}},{"type":"Feature","properties":{"nombre":"Avenida Pedro Aguirre Cerda","jerarquia":5},"geometry":{"type":"LineString","coordinates":[[-70.94948,-53.17027],[-70.94978,-53.17023]]}},{"type":"Feature","properties":{"nombre":"Avenida Pedro Aguirre Cerda","jerarquia":5},"geometry":{"type":"LineString","coordinates":[[-70.94978,-53.17023],[-70.95,-53.1702]]}},{"type":"Feature","properties":{"nombre":"Avenida Pedro Aguirre Cerda","jerarquia":5},"geometry":{"type":"LineString","coordinates":[[-70.95,-53.1702],[-70.95022,-53.17017]]}},{"type":"Feature","properties":{"nombre":"Avenida Pedro Aguirre Cerda","jerarquia":5},"geometry":{"type":"LineString","coordinates":[[-70.95022,-53.17017],[-70.9505,-53.17013]]}},{"type":"Feature","properties":{"nombre":"Avenida Pedro Aguirre Cerda","jerarquia":5},"geometry":{"type":"LineString","coordinates":[[-70.9505,-53.17013],[-70.95083,-53.17008]]}},{"type":"Feature","properties":{"nombre":"Avenida Pedro Aguirre Cerda","jerarquia":5},"geometry":{"type":"LineString","coordinates":[[-70.95083,-53.17008],[-70.95106,-53.17005]]}},{"type":"Feature","properties":{"nombre":"Avenida Pedro Aguirre Cerda","jerarquia":5},"geometry":{"type":"LineString","coordinates":[[-70.95106,-53.17005],[-70.95143,-53.17]]}},{"type":"Feature","properties":{"nombre":"Avenida Pedro Aguirre Cerda","jerarquia":5},"geometry":{"type":"LineString","coordinates":[[-70.95143,-53.17],[-70.952,-53.16992]]}},{"type":"Feature","properties":{"nombre":"Avenida Pedro Aguirre Cerda","jerarquia":5},"geometry":{"type":"LineString","coordinates":[[-70.952,-53.16992],[-70.95369,-53.16969]]}},{"type":"Feature","properties":{"nombre":"Calle Castro","jerarquia":5},"geometry":{"type":"LineString","coordinates":[[-70.94721,-53.18372],[-70.94616,-53.18411]]}},{"type":"Feature","properties":{"nombre":"Calle Castro","jerarquia":5},"geometry":{"type":"LineString","coordinates":[[-70.94616,-53.18411],[-70.94562,-53.18431]]}},{"type":"Feature","properties":{"nombre":"Calle Castro","jerarquia":5},"geometry":{"type":"LineString","coordinates":[[-70.94562,-53.18431],[-70.94535,-53.18439]]}},{"type":"Feature","properties":{"nombre":"Calle Castro","jerarquia":5},"geometry":{"type":"LineString","coordinates":[[-70.94535,-53.18439],[-70.94399,-53.18489]]}},{"type":"Feature","properties":{"nombre":"Calle Castro","jerarquia":5},"geometry":{"type":"LineString","coordinates":[[-70.94399,-53.18489],[-70.94313,-53.18521]]}},{"type":"Feature","properties":{"nombre":"Prolongación Mardones","jerarquia":5},"geometry":{"type":"LineString","coordinates":[[-70.92854,-53.12939],[-70.92852,-53.12952]]}},{"type":"Feature","properties":{"nombre":"Prolongación Mardones","jerarquia":5},"geometry":{"type":"LineString","coordinates":[[-70.92852,-53.12952],[-70.92844,-53.12968],[-70.92824,-53.12986]]}},{"type":"Feature","properties":{"nombre":"Prolongación Mardones","jerarquia":5},"geometry":{"type":"LineString","coordinates":[[-70.92824,-53.12986],[-70.92636,-53.13086]]}},{"type":"Feature","properties":{"nombre":"Coronel José de los Santos Mardones","jerarquia":5},"geometry":{"type":"LineString","coordinates":[[-70.92636,-53.13086],[-70.92548,-53.13134]]}},{"type":"Feature","properties":{"nombre":"Coronel José de los Santos Mardones","jerarquia":5},"geometry":{"type":"LineString","coordinates":[[-70.92548,-53.13134],[-70.92431,-53.13212]]}},{"type":"Feature","properties":{"nombre":"Coronel José de los Santos Mardones","jerarquia":5},"geometry":{"type":"LineString","coordinates":[[-70.92431,-53.13212],[-70.92404,-53.13228]]}},{"type":"Feature","properties":{"nombre":"Coronel José de los Santos Mardones","jerarquia":5},"geometry":{"type":"LineString","coordinates":[[-70.92404,-53.13228],[-70.92396,-53.13233]]}},{"type":"Feature","properties":{"nombre":"Coronel José de los Santos Mardones","jerarquia":5},"geometry":{"type":"LineString","coordinates":[[-70.92396,-53.13233],[-70.9236,-53.13252]]}},{"type":"Feature","properties":{"nombre":"Coronel José de los Santos Mardones","jerarquia":5},"geometry":{"type":"LineString","coordinates":[[-70.9236,-53.13252],[-70.92349,-53.13259]]}},{"type":"Feature","properties":{"nombre":"Coronel José de los Santos Mardones","jerarquia":5},"geometry":{"type":"LineString","coordinates":[[-70.92349,-53.13259],[-70.92326,-53.13273]]}},{"type":"Feature","properties":{"nombre":"Coronel José de los Santos Mardones","jerarquia":5},"geometry":{"type":"LineString","coordinates":[[-70.92326,-53.13273],[-70.92296,-53.13291]]}},{"type":"Feature","properties":{"nombre":"Coronel José de los Santos Mardones","jerarquia":5},"geometry":{"type":"LineString","coordinates":[[-70.92296,-53.13291],[-70.92294,-53.13292]]}},{"type":"Feature","properties":{"nombre":"Coronel José de los Santos Mardones","jerarquia":5},"geometry":{"type":"LineString","coordinates":[[-70.92294,-53.13292],[-70.92242,-53.13325]]}},{"type":"Feature","properties":{"nombre":"Coronel José de los Santos Mardones","jerarquia":5},"geometry":{"type":"LineString","coordinates":[[-70.92242,-53.13325],[-70.92055,-53.13429]]}},{"type":"Feature","properties":{"nombre":"Coronel José de los Santos Mardones","jerarquia":5},"geometry":{"type":"LineString","coordinates":[[-70.92055,-53.13429],[-70.91924,-53.13498]]}},{"type":"Feature","properties":{"nombre":"Coronel José de los Santos Mardones","jerarquia":5},"geometry":{"type":"LineString","coordinates":[[-70.91924,-53.13498],[-70.91873,-53.13525]]}},{"type":"Feature","properties":{"nombre":"Coronel José de los Santos Mardones","jerarquia":5},"geometry":{"type":"LineString","coordinates":[[-70.91873,-53.13525],[-70.91848,-53.1354]]}},{"type":"Feature","properties":{"nombre":"Coronel José de los Santos Mardones","jerarquia":5},"geometry":{"type":"LineString","coordinates":[[-70.91848,-53.1354],[-70.91746,-53.13596]]}},{"type":"Feature","properties":{"nombre":"Coronel José de los Santos Mardones","jerarquia":5},"geometry":{"type":"LineString","coordinates":[[-70.91746,-53.13596],[-70.91646,-53.13652]]}},{"type":"Feature","properties":{"nombre":"Manuel Aguilar","jerarquia":5},"geometry":{"type":"LineString","coordinates":[[-70.94428,-53.14581],[-70.9441,-53.14583]]}},{"type":"Feature","properties":{"nombre":"Manuel Aguilar","jerarquia":5},"geometry":{"type":"LineString","coordinates":[[-70.9441,-53.14583],[-70.94384,-53.14587]]}},{"type":"Feature","properties":{"nombre":"Manuel Aguilar","jerarquia":5},"geometry":{"type":"LineString","coordinates":[[-70.94384,-53.14587],[-70.9433,-53.14593]]}},{"type":"Feature","properties":{"nombre":"Manuel Aguilar","jerarquia":5},"geometry":{"type":"LineString","coordinates":[[-70.9433,-53.14593],[-70.94284,-53.14599]]}},{"type":"Feature","properties":{"nombre":"Manuel Aguilar","jerarquia":5},"geometry":{"type":"LineString","coordinates":[[-70.94284,-53.14599],[-70.9416,-53.14615]]}},{"type":"Feature","properties":{"nombre":"Manuel Aguilar","jerarquia":5},"geometry":{"type":"LineString","coordinates":[[-70.9416,-53.14615],[-70.94012,-53.14634]]}},{"type":"Feature","properties":{"nombre":"Manuel Aguilar","jerarquia":5},"geometry":{"type":"LineString","coordinates":[[-70.94012,-53.14634],[-70.93803,-53.14661]]}},{"type":"Feature","properties":{"nombre":"Manuel Aguilar","jerarquia":5},"geometry":{"type":"LineString","coordinates":[[-70.9267,-53.14806],[-70.92683,-53.14804]]}},{"type":"Feature","properties":{"nombre":"Manuel Aguilar","jerarquia":5},"geometry":{"type":"LineString","coordinates":[[-70.92683,-53.14804],[-70.92885,-53.14778]]}},{"type":"Feature","properties":{"nombre":"Manuel Aguilar","jerarquia":5},"geometry":{"type":"LineString","coordinates":[[-70.92885,-53.14778],[-70.92898,-53.14777]]}},{"type":"Feature","properties":{"nombre":"Manuel Aguilar","jerarquia":5},"geometry":{"type":"LineString","coordinates":[[-70.92898,-53.14777],[-70.92989,-53.14765]]}},{"type":"Feature","properties":{"nombre":"Manuel Aguilar","jerarquia":5},"geometry":{"type":"LineString","coordinates":[[-70.92989,-53.14765],[-70.93073,-53.14754]]}},{"type":"Feature","properties":{"nombre":"Manuel Aguilar","jerarquia":5},"geometry":{"type":"LineString","coordinates":[[-70.93073,-53.14754],[-70.93258,-53.14731]]}},{"type":"Feature","properties":{"nombre":"Manuel Aguilar","jerarquia":5},"geometry":{"type":"LineString","coordinates":[[-70.93258,-53.14731],[-70.93287,-53.14727]]}},{"type":"Feature","properties":{"nombre":"Manuel Aguilar","jerarquia":5},"geometry":{"type":"LineString","coordinates":[[-70.93287,-53.14727],[-70.93448,-53.14707]]}},{"type":"Feature","properties":{"nombre":"Manuel Aguilar","jerarquia":5},"geometry":{"type":"LineString","coordinates":[[-70.93448,-53.14707],[-70.935,-53.147]]}},{"type":"Feature","properties":{"nombre":"Manuel Aguilar","jerarquia":5},"geometry":{"type":"LineString","coordinates":[[-70.935,-53.147],[-70.93558,-53.14693]]}},{"type":"Feature","properties":{"nombre":"Manuel Aguilar","jerarquia":5},"geometry":{"type":"LineString","coordinates":[[-70.93558,-53.14693],[-70.93579,-53.1469]]}},{"type":"Feature","properties":{"nombre":"Manuel Aguilar","jerarquia":5},"geometry":{"type":"LineString","coordinates":[[-70.93579,-53.1469],[-70.93682,-53.14677]]}},{"type":"Feature","properties":{"nombre":"Manuel Aguilar","jerarquia":5},"geometry":{"type":"LineString","coordinates":[[-70.93682,-53.14677],[-70.93803,-53.14661]]}},{"type":"Feature","properties":{"nombre":"Coronel José de los Santos Mardones","jerarquia":5},"geometry":{"type":"LineString","coordinates":[[-70.93604,-53.11756],[-70.93522,-53.1188],[-70.93462,-53.11959]]}},{"type":"Feature","properties":{"nombre":"Enrique Abello","jerarquia":5},"geometry":{"type":"LineString","coordinates":[[-70.91786,-53.12391],[-70.91773,-53.12398]]}},{"type":"Feature","properties":{"nombre":"Enrique Abello","jerarquia":5},"geometry":{"type":"LineString","coordinates":[[-70.91773,-53.12398],[-70.91662,-53.12467]]}},{"type":"Feature","properties":{"nombre":"Enrique Abello","jerarquia":5},"geometry":{"type":"LineString","coordinates":[[-70.91662,-53.12467],[-70.91567,-53.12524]]}},{"type":"Feature","properties":{"nombre":"Enrique Abello","jerarquia":5},"geometry":{"type":"LineString","coordinates":[[-70.92251,-53.12108],[-70.92203,-53.12137]]}},{"type":"Feature","properties":{"nombre":"Enrique Abello","jerarquia":5},"geometry":{"type":"LineString","coordinates":[[-70.92203,-53.12137],[-70.92153,-53.12168]]}},{"type":"Feature","properties":{"nombre":"Enrique Abello","jerarquia":5},"geometry":{"type":"LineString","coordinates":[[-70.92153,-53.12168],[-70.92114,-53.12191]]}},{"type":"Feature","properties":{"nombre":"Enrique Abello","jerarquia":5},"geometry":{"type":"LineString","coordinates":[[-70.92114,-53.12191],[-70.9209,-53.12206]]}},{"type":"Feature","properties":{"nombre":"Avenida Manuel Rodríguez","jerarquia":5},"geometry":{"type":"LineString","coordinates":[[-70.94699,-53.1889],[-70.9457,-53.18764]]}},{"type":"Feature","properties":{"nombre":"Avenida Manuel Rodríguez","jerarquia":5},"geometry":{"type":"LineString","coordinates":[[-70.9457,-53.18764],[-70.94313,-53.18521]]}},{"type":"Feature","properties":{"nombre":"Avenida Manuel Rodríguez","jerarquia":5},"geometry":{"type":"LineString","coordinates":[[-70.94932,-53.19107],[-70.94892,-53.19069]]}},{"type":"Feature","properties":{"nombre":"Avenida Manuel Rodríguez","jerarquia":5},"geometry":{"type":"LineString","coordinates":[[-70.94892,-53.19069],[-70.94868,-53.19048]]}},{"type":"Feature","properties":{"nombre":"Avenida Manuel Rodríguez","jerarquia":5},"geometry":{"type":"LineString","coordinates":[[-70.94868,-53.19048],[-70.9485,-53.19032]]}},{"type":"Feature","properties":{"nombre":"Avenida Manuel Rodríguez","jerarquia":5},"geometry":{"type":"LineString","coordinates":[[-70.9485,-53.19032],[-70.94737,-53.18927]]}},{"type":"Feature","properties":{"nombre":"Avenida Manuel Rodríguez","jerarquia":5},"geometry":{"type":"LineString","coordinates":[[-70.94737,-53.18927],[-70.94699,-53.1889]]}},{"type":"Feature","properties":{"nombre":"Avenida Manuel Rodríguez","jerarquia":5},"geometry":{"type":"LineString","coordinates":[[-70.94313,-53.18521],[-70.9426,-53.18469]]}},{"type":"Feature","properties":{"nombre":"Avenida Manuel Rodríguez","jerarquia":5},"geometry":{"type":"LineString","coordinates":[[-70.9426,-53.18469],[-70.94252,-53.18462]]}},{"type":"Feature","properties":{"nombre":"Avenida Manuel Rodríguez","jerarquia":5},"geometry":{"type":"LineString","coordinates":[[-70.94252,-53.18462],[-70.942,-53.18411]]}},{"type":"Feature","properties":{"nombre":"Avenida Manuel Rodríguez","jerarquia":5},"geometry":{"type":"LineString","coordinates":[[-70.942,-53.18411],[-70.94195,-53.18406]]}},{"type":"Feature","properties":{"nombre":"Manuel Rodríguez","jerarquia":5},"geometry":{"type":"LineString","coordinates":[[-70.94195,-53.18406],[-70.94128,-53.18341]]}},{"type":"Feature","properties":{"nombre":"Enrique Abello","jerarquia":5},"geometry":{"type":"LineString","coordinates":[[-70.91786,-53.12391],[-70.92015,-53.12252]]}},{"type":"Feature","properties":{"nombre":"Enrique Abello","jerarquia":5},"geometry":{"type":"LineString","coordinates":[[-70.92015,-53.12252],[-70.92063,-53.12222]]}},{"type":"Feature","properties":{"nombre":"Enrique Abello","jerarquia":5},"geometry":{"type":"LineString","coordinates":[[-70.92063,-53.12222],[-70.9209,-53.12206]]}},{"type":"Feature","properties":{"nombre":"Camino Andino","jerarquia":4},"geometry":{"type":"LineString","coordinates":[[-70.94829,-53.15626],[-70.95438,-53.1556],[-70.95501,-53.15556],[-70.95583,-53.15559]]}},{"type":"Feature","properties":{"nombre":"Camino Andino","jerarquia":4},"geometry":{"type":"LineString","coordinates":[[-70.95583,-53.15559],[-70.95664,-53.15571],[-70.95799,-53.15604]]}},{"type":"Feature","properties":{"nombre":"Camino Andino","jerarquia":4},"geometry":{"type":"LineString","coordinates":[[-70.95799,-53.15604],[-70.95881,-53.15623],[-70.96257,-53.15648],[-70.96345,-53.15663],[-70.96517,-53.157],[-70.96776,-53.15716],[-70.97005,-53.15753]]}},{"type":"Feature","properties":{"nombre":"Camino Andino","jerarquia":4},"geometry":{"type":"LineString","coordinates":[[-70.97005,-53.15753],[-70.97171,-53.15782]]}},{"type":"Feature","properties":{"nombre":"Camino Andino","jerarquia":4},"geometry":{"type":"LineString","coordinates":[[-70.97171,-53.15782],[-70.97197,-53.15787]]}},{"type":"Feature","properties":{"nombre":"Camino Andino","jerarquia":4},"geometry":{"type":"LineString","coordinates":[[-70.97197,-53.15787],[-70.97265,-53.15798]]}},{"type":"Feature","properties":{"nombre":"Camino Andino","jerarquia":4},"geometry":{"type":"LineString","coordinates":[[-70.97265,-53.15798],[-70.97868,-53.159]]}},{"type":"Feature","properties":{"nombre":"Camino Andino","jerarquia":4},"geometry":{"type":"LineString","coordinates":[[-70.97868,-53.159],[-70.97925,-53.1591]]}},{"type":"Feature","properties":{"nombre":"Camino Andino","jerarquia":4},"geometry":{"type":"LineString","coordinates":[[-70.94829,-53.15626],[-70.94717,-53.15637]]}},{"type":"Feature","properties":{"nombre":"Camino Andino","jerarquia":4},"geometry":{"type":"LineString","coordinates":[[-70.94717,-53.15637],[-70.94702,-53.15638]]}},{"type":"Feature","properties":{"nombre":"Camino Andino","jerarquia":4},"geometry":{"type":"LineString","coordinates":[[-70.94702,-53.15638],[-70.94673,-53.15641]]}},{"type":"Feature","properties":{"nombre":"Camino Andino","jerarquia":4},"geometry":{"type":"LineString","coordinates":[[-70.94673,-53.15641],[-70.94624,-53.15647]]}},{"type":"Feature","properties":{"nombre":"Camino Andino","jerarquia":4},"geometry":{"type":"LineString","coordinates":[[-70.94624,-53.15647],[-70.94584,-53.15652]]}},{"type":"Feature","properties":{"nombre":"Enrique Abello","jerarquia":5},"geometry":{"type":"LineString","coordinates":[[-70.92549,-53.11928],[-70.92499,-53.11958]]}},{"type":"Feature","properties":{"nombre":"Enrique Abello","jerarquia":5},"geometry":{"type":"LineString","coordinates":[[-70.92499,-53.11958],[-70.92452,-53.11985]]}},{"type":"Feature","properties":{"nombre":"Enrique Abello","jerarquia":5},"geometry":{"type":"LineString","coordinates":[[-70.92881,-53.11746],[-70.92795,-53.11786],[-70.92549,-53.11928]]}},{"type":"Feature","properties":{"nombre":"Enrique Abello","jerarquia":5},"geometry":{"type":"LineString","coordinates":[[-70.92452,-53.11985],[-70.92313,-53.1207]]}},{"type":"Feature","properties":{"nombre":"Enrique Abello","jerarquia":5},"geometry":{"type":"LineString","coordinates":[[-70.92313,-53.1207],[-70.92282,-53.12089]]}},{"type":"Feature","properties":{"nombre":"Enrique Abello","jerarquia":5},"geometry":{"type":"LineString","coordinates":[[-70.92282,-53.12089],[-70.92263,-53.121]]}},{"type":"Feature","properties":{"nombre":"Juan Williams","jerarquia":4},"geometry":{"type":"LineString","coordinates":[[-70.87866,-53.11459],[-70.87879,-53.11444]]}},{"type":"Feature","properties":{"nombre":"Avenida Presidente Carlos Ibáñez del Campo","jerarquia":2},"geometry":{"type":"LineString","coordinates":[[-70.87898,-53.11476],[-70.87917,-53.1146]]}},{"type":"Feature","properties":{"nombre":"Avenida Presidente Carlos Ibáñez del Campo","jerarquia":2},"geometry":{"type":"LineString","coordinates":[[-70.87152,-53.12157],[-70.87041,-53.12257],[-70.87005,-53.12303]]}},{"type":"Feature","properties":{"nombre":"Avenida Los Flamencos","jerarquia":5},"geometry":{"type":"LineString","coordinates":[[-70.89615,-53.12385],[-70.89601,-53.12392]]}},{"type":"Feature","properties":{"nombre":"Avenida Los Flamencos","jerarquia":5},"geometry":{"type":"LineString","coordinates":[[-70.89601,-53.12392],[-70.89369,-53.12516]]}},{"type":"Feature","properties":{"nombre":"José Nogueira","jerarquia":3},"geometry":{"type":"LineString","coordinates":[[-70.91339,-53.16674],[-70.91432,-53.16758],[-70.91444,-53.16762]]}},{"type":"Feature","properties":{"nombre":"Avenida España","jerarquia":4},"geometry":{"type":"LineString","coordinates":[[-70.89468,-53.1408],[-70.89568,-53.14147]]}},{"type":"Feature","properties":{"nombre":"Avenida España","jerarquia":4},"geometry":{"type":"LineString","coordinates":[[-70.89568,-53.14147],[-70.89691,-53.14229]]}},{"type":"Feature","properties":{"nombre":"Avenida España","jerarquia":4},"geometry":{"type":"LineString","coordinates":[[-70.89655,-53.1425],[-70.89532,-53.14168]]}},{"type":"Feature","properties":{"nombre":"Avenida España","jerarquia":4},"geometry":{"type":"LineString","coordinates":[[-70.89532,-53.14168],[-70.89433,-53.14102]]}},{"type":"Feature","properties":{"nombre":"Avenida España","jerarquia":4},"geometry":{"type":"LineString","coordinates":[[-70.89691,-53.14229],[-70.89825,-53.14317],[-70.89864,-53.14362]]}},{"type":"Feature","properties":{"nombre":"Avenida España","jerarquia":4},"geometry":{"type":"LineString","coordinates":[[-70.89864,-53.14362],[-70.89896,-53.144]]}},{"type":"Feature","properties":{"nombre":"Avenida España","jerarquia":4},"geometry":{"type":"LineString","coordinates":[[-70.89936,-53.14515],[-70.89858,-53.14423]]}},{"type":"Feature","properties":{"nombre":"Avenida España","jerarquia":4},"geometry":{"type":"LineString","coordinates":[[-70.89858,-53.14423],[-70.89773,-53.14327]]}},{"type":"Feature","properties":{"nombre":"Avenida España","jerarquia":4},"geometry":{"type":"LineString","coordinates":[[-70.89773,-53.14327],[-70.89655,-53.1425]]}},{"type":"Feature","properties":{"nombre":"Avenida Presidente Carlos Ibáñez del Campo","jerarquia":2},"geometry":{"type":"LineString","coordinates":[[-70.87956,-53.11476],[-70.87935,-53.11494]]}},{"type":"Feature","properties":{"nombre":"Avenida Presidente Eduardo Frei Montalva","jerarquia":4},"geometry":{"type":"LineString","coordinates":[[-70.87935,-53.11494],[-70.87898,-53.11476]]}},{"type":"Feature","properties":{"nombre":"Avenida Presidente Eduardo Frei Montalva","jerarquia":4},"geometry":{"type":"LineString","coordinates":[[-70.87898,-53.11476],[-70.87866,-53.11459]]}},{"type":"Feature","properties":{"nombre":"Avenida Presidente Eduardo Frei Montalva","jerarquia":4},"geometry":{"type":"LineString","coordinates":[[-70.87879,-53.11444],[-70.8791,-53.11457]]}},{"type":"Feature","properties":{"nombre":"Avenida Presidente Eduardo Frei Montalva","jerarquia":4},"geometry":{"type":"LineString","coordinates":[[-70.8791,-53.11457],[-70.87917,-53.1146]]}},{"type":"Feature","properties":{"nombre":"Avenida Presidente Eduardo Frei Montalva","jerarquia":4},"geometry":{"type":"LineString","coordinates":[[-70.87917,-53.1146],[-70.87946,-53.11472]]}},{"type":"Feature","properties":{"nombre":"Avenida Presidente Eduardo Frei Montalva","jerarquia":4},"geometry":{"type":"LineString","coordinates":[[-70.87946,-53.11472],[-70.87956,-53.11476]]}},{"type":"Feature","properties":{"nombre":"Manantiales","jerarquia":4},"geometry":{"type":"LineString","coordinates":[[-70.8906,-53.14323],[-70.89053,-53.14327]]}},{"type":"Feature","properties":{"nombre":"Manantiales","jerarquia":4},"geometry":{"type":"LineString","coordinates":[[-70.89053,-53.14327],[-70.88959,-53.14383]]}},{"type":"Feature","properties":{"nombre":"Manantiales","jerarquia":4},"geometry":{"type":"LineString","coordinates":[[-70.88959,-53.14383],[-70.88814,-53.1447]]}},{"type":"Feature","properties":{"nombre":"Manantiales","jerarquia":4},"geometry":{"type":"LineString","coordinates":[[-70.89109,-53.14294],[-70.89104,-53.14297]]}},{"type":"Feature","properties":{"nombre":"Manantiales","jerarquia":4},"geometry":{"type":"LineString","coordinates":[[-70.89104,-53.14297],[-70.89065,-53.14321]]}},{"type":"Feature","properties":{"nombre":"Manantiales","jerarquia":4},"geometry":{"type":"LineString","coordinates":[[-70.89065,-53.14321],[-70.8906,-53.14323]]}},{"type":"Feature","properties":{"nombre":"Avenida Cristóbal Colón","jerarquia":4},"geometry":{"type":"LineString","coordinates":[[-70.91087,-53.15802],[-70.91127,-53.15787]]}},{"type":"Feature","properties":{"nombre":"Avenida Cristóbal Colón","jerarquia":4},"geometry":{"type":"LineString","coordinates":[[-70.91151,-53.15812],[-70.91113,-53.15827]]}},{"type":"Feature","properties":{"nombre":"Avenida España","jerarquia":4},"geometry":{"type":"LineString","coordinates":[[-70.91113,-53.15827],[-70.91087,-53.15802]]}},{"type":"Feature","properties":{"nombre":"Avenida Presidente Eduardo Frei Montalva","jerarquia":4},"geometry":{"type":"LineString","coordinates":[[-70.8803,-53.11509],[-70.88094,-53.11537],[-70.88132,-53.1156]]}},{"type":"Feature","properties":{"nombre":"Avenida Presidente Eduardo Frei Montalva","jerarquia":4},"geometry":{"type":"LineString","coordinates":[[-70.88132,-53.1156],[-70.88174,-53.11592]]}},{"type":"Feature","properties":{"nombre":"Avenida Presidente Eduardo Frei Montalva","jerarquia":4},"geometry":{"type":"LineString","coordinates":[[-70.88174,-53.11592],[-70.88263,-53.11655],[-70.88943,-53.1201]]}},{"type":"Feature","properties":{"nombre":"Avenida Presidente Eduardo Frei Montalva","jerarquia":4},"geometry":{"type":"LineString","coordinates":[[-70.88943,-53.1201],[-70.89314,-53.12204]]}},{"type":"Feature","properties":{"nombre":"Avenida Presidente Eduardo Frei Montalva","jerarquia":4},"geometry":{"type":"LineString","coordinates":[[-70.89314,-53.12204],[-70.89472,-53.12285],[-70.89557,-53.12336]]}},{"type":"Feature","properties":{"nombre":"Avenida Presidente Eduardo Frei Montalva","jerarquia":4},"geometry":{"type":"LineString","coordinates":[[-70.89557,-53.12336],[-70.89607,-53.12367]]}},{"type":"Feature","properties":{"nombre":"Avenida Presidente Eduardo Frei Montalva","jerarquia":4},"geometry":{"type":"LineString","coordinates":[[-70.89607,-53.12367],[-70.89627,-53.12378]]}},{"type":"Feature","properties":{"nombre":"Avenida Presidente Eduardo Frei Montalva","jerarquia":4},"geometry":{"type":"LineString","coordinates":[[-70.89615,-53.12385],[-70.89589,-53.1237]]}},{"type":"Feature","properties":{"nombre":"Avenida Presidente Eduardo Frei Montalva","jerarquia":4},"geometry":{"type":"LineString","coordinates":[[-70.89589,-53.1237],[-70.89457,-53.12293],[-70.89342,-53.12233]]}},{"type":"Feature","properties":{"nombre":"Avenida Presidente Eduardo Frei Montalva","jerarquia":4},"geometry":{"type":"LineString","coordinates":[[-70.89342,-53.12233],[-70.88931,-53.1202]]}},{"type":"Feature","properties":{"nombre":"Avenida Presidente Eduardo Frei Montalva","jerarquia":4},"geometry":{"type":"LineString","coordinates":[[-70.88931,-53.1202],[-70.88153,-53.11613]]}},{"type":"Feature","properties":{"nombre":"Avenida Presidente Eduardo Frei Montalva","jerarquia":4},"geometry":{"type":"LineString","coordinates":[[-70.88153,-53.11613],[-70.88098,-53.11585]]}},{"type":"Feature","properties":{"nombre":"Avenida Presidente Eduardo Frei Montalva","jerarquia":4},"geometry":{"type":"LineString","coordinates":[[-70.88098,-53.11585],[-70.87996,-53.11526]]}},{"type":"Feature","properties":{"nombre":"Avenida Los Generales","jerarquia":5},"geometry":{"type":"LineString","coordinates":[[-70.88943,-53.1201],[-70.88931,-53.1202]]}},{"type":"Feature","properties":{"nombre":"Avenida Los Flamencos","jerarquia":5},"geometry":{"type":"LineString","coordinates":[[-70.89627,-53.12378],[-70.89615,-53.12385]]}},{"type":"Feature","properties":{"nombre":"21 de Mayo","jerarquia":3},"geometry":{"type":"LineString","coordinates":[[-70.9222,-53.17998],[-70.92178,-53.17958]]}},{"type":"Feature","properties":{"nombre":"21 de Mayo","jerarquia":3},"geometry":{"type":"LineString","coordinates":[[-70.92236,-53.18012],[-70.9222,-53.17998]]}},{"type":"Feature","properties":{"nombre":"21 de Mayo","jerarquia":3},"geometry":{"type":"LineString","coordinates":[[-70.92282,-53.18049],[-70.92247,-53.18021]]}},{"type":"Feature","properties":{"nombre":"21 de Mayo","jerarquia":3},"geometry":{"type":"LineString","coordinates":[[-70.92247,-53.18021],[-70.92236,-53.18012]]}},{"type":"Feature","properties":{"nombre":"21 de Mayo","jerarquia":3},"geometry":{"type":"LineString","coordinates":[[-70.92353,-53.18097],[-70.92312,-53.18073],[-70.92282,-53.18049]]}},{"type":"Feature","properties":{"nombre":"Avenida Cristóbal Colón","jerarquia":4},"geometry":{"type":"LineString","coordinates":[[-70.90188,-53.16185],[-70.90042,-53.16242]]}},{"type":"Feature","properties":{"nombre":"Avenida Cristóbal Colón","jerarquia":4},"geometry":{"type":"LineString","coordinates":[[-70.90042,-53.16242],[-70.89888,-53.16301]]}},{"type":"Feature","properties":{"nombre":"Avenida Cristóbal Colón","jerarquia":4},"geometry":{"type":"LineString","coordinates":[[-70.89888,-53.16301],[-70.8979,-53.16339]]}},{"type":"Feature","properties":{"nombre":"Avenida Cristóbal Colón","jerarquia":4},"geometry":{"type":"LineString","coordinates":[[-70.90162,-53.1616],[-70.90312,-53.16102]]}},{"type":"Feature","properties":{"nombre":"Avenida Cristóbal Colón","jerarquia":4},"geometry":{"type":"LineString","coordinates":[[-70.90312,-53.16102],[-70.90466,-53.16043]]}},{"type":"Feature","properties":{"nombre":"Avenida Cristóbal Colón","jerarquia":4},"geometry":{"type":"LineString","coordinates":[[-70.90466,-53.16043],[-70.90616,-53.15984]]}},{"type":"Feature","properties":{"nombre":"Avenida Cristóbal Colón","jerarquia":4},"geometry":{"type":"LineString","coordinates":[[-70.90616,-53.15984],[-70.9077,-53.15925]]}},{"type":"Feature","properties":{"nombre":"Avenida Cristóbal Colón","jerarquia":4},"geometry":{"type":"LineString","coordinates":[[-70.9077,-53.15925],[-70.90919,-53.15869]]}},{"type":"Feature","properties":{"nombre":"Avenida Cristóbal Colón","jerarquia":4},"geometry":{"type":"LineString","coordinates":[[-70.90919,-53.15869],[-70.91087,-53.15802]]}},{"type":"Feature","properties":{"nombre":"Avenida España","jerarquia":4},"geometry":{"type":"LineString","coordinates":[[-70.91705,-53.16407],[-70.91683,-53.16386]]}},{"type":"Feature","properties":{"nombre":"Avenida España","jerarquia":4},"geometry":{"type":"LineString","coordinates":[[-70.91683,-53.16386],[-70.91677,-53.1638]]}},{"type":"Feature","properties":{"nombre":"Avenida España","jerarquia":4},"geometry":{"type":"LineString","coordinates":[[-70.91716,-53.16365],[-70.91734,-53.16382]]}},{"type":"Feature","properties":{"nombre":"Avenida España","jerarquia":4},"geometry":{"type":"LineString","coordinates":[[-70.91734,-53.16382],[-70.91744,-53.16392]]}},{"type":"Feature","properties":{"nombre":"Angamos","jerarquia":5},"geometry":{"type":"LineString","coordinates":[[-70.90022,-53.15445],[-70.90065,-53.15429]]}},{"type":"Feature","properties":{"nombre":"Angamos","jerarquia":5},"geometry":{"type":"LineString","coordinates":[[-70.90065,-53.15429],[-70.90079,-53.15424]]}}]}